spend_id,date,channel,campaign_id,spend_amount
SPEND-000001,2025-01-01,Paid Search,CMP-0001,250.13
SPEND-000002,2025-01-01,Paid Search,CMP-0002,330.04
SPEND-000003,2025-01-01,Paid Social,CMP-0003,532.4
SPEND-000004,2025-01-01,Paid Social,CMP-0004,52.39
SPEND-000005,2025-01-01,Email,CMP-0005,78.4
SPEND-000006,2025-01-01,Affiliate,CMP-0006,143.74
SPEND-000007,2025-01-01,Display,CMP-0007,382.92
SPEND-000008,2025-01-02,Paid Search,CMP-0001,59.21
SPEND-000009,2025-01-02,Paid Search,CMP-0002,429.33
SPEND-000010,2025-01-02,Paid Social,CMP-0003,2.58
SPEND-000011,2025-01-02,Paid Social,CMP-0004,456.53
SPEND-000012,2025-01-02,Email,CMP-0005,100.65
SPEND-000013,2025-01-02,Affiliate,CMP-0006,259.93
SPEND-000014,2025-01-02,Display,CMP-0007,337.74
SPEND-000015,2025-01-03,Paid Search,CMP-0001,138.33
SPEND-000016,2025-01-03,Paid Search,CMP-0002,279.91
SPEND-000017,2025-01-03,Paid Social,CMP-0003,459.95
SPEND-000018,2025-01-03,Paid Social,CMP-0004,37.13
SPEND-000019,2025-01-03,Email,CMP-0005,74.95
SPEND-000020,2025-01-03,Affiliate,CMP-0006,244.81
SPEND-000021,2025-01-03,Display,CMP-0007,358.02
SPEND-000022,2025-01-04,Paid Search,CMP-0001,227.29
SPEND-000023,2025-01-04,Paid Search,CMP-0002,269.24
SPEND-000024,2025-01-04,Paid Social,CMP-0003,83.56
SPEND-000025,2025-01-04,Paid Social,CMP-0004,291.43
SPEND-000026,2025-01-04,Email,CMP-0005,80.69
SPEND-000027,2025-01-04,Affiliate,CMP-0006,188.67
SPEND-000028,2025-01-04,Display,CMP-0007,330.51
SPEND-000029,2025-01-05,Paid Search,CMP-0001,68.63
SPEND-000030,2025-01-05,Paid Search,CMP-0002,301.05
SPEND-000031,2025-01-05,Paid Social,CMP-0003,161.04
SPEND-000032,2025-01-05,Paid Social,CMP-0004,116.19
SPEND-000033,2025-01-05,Email,CMP-0005,63.59
SPEND-000034,2025-01-05,Affiliate,CMP-0006,132.61
SPEND-000035,2025-01-05,Display,CMP-0007,272.89
SPEND-000036,2025-01-06,Paid Search,CMP-0001,616.52
SPEND-000037,2025-01-06,Paid Search,CMP-0002,190.91
SPEND-000038,2025-01-06,Paid Social,CMP-0003,258.23
SPEND-000039,2025-01-06,Paid Social,CMP-0004,113.2
SPEND-000040,2025-01-06,Email,CMP-0005,77.89
SPEND-000041,2025-01-06,Affiliate,CMP-0006,280.09
SPEND-000042,2025-01-06,Display,CMP-0007,270.5
SPEND-000043,2025-01-07,Paid Search,CMP-0001,258.0
SPEND-000044,2025-01-07,Paid Search,CMP-0002,401.07
SPEND-000045,2025-01-07,Paid Social,CMP-0003,1.37
SPEND-000046,2025-01-07,Paid Social,CMP-0004,424.24
SPEND-000047,2025-01-07,Email,CMP-0005,85.27
SPEND-000048,2025-01-07,Affiliate,CMP-0006,222.26
SPEND-000049,2025-01-07,Display,CMP-0007,403.45
SPEND-000050,2025-01-08,Paid Search,CMP-0001,336.16
SPEND-000051,2025-01-08,Paid Search,CMP-0002,104.71
SPEND-000052,2025-01-08,Paid Social,CMP-0003,358.75
SPEND-000053,2025-01-08,Paid Social,CMP-0004,6.15
SPEND-000054,2025-01-08,Email,CMP-0005,95.41
SPEND-000055,2025-01-08,Affiliate,CMP-0006,331.71
SPEND-000056,2025-01-08,Display,CMP-0007,409.2
SPEND-000057,2025-01-09,Paid Search,CMP-0001,663.19
SPEND-000058,2025-01-09,Paid Search,CMP-0002,52.42
SPEND-000059,2025-01-09,Paid Social,CMP-0003,91.32
SPEND-000060,2025-01-09,Paid Social,CMP-0004,621.33
SPEND-000061,2025-01-09,Email,CMP-0005,115.97
SPEND-000062,2025-01-09,Affiliate,CMP-0006,376.24
SPEND-000063,2025-01-09,Display,CMP-0007,387.35
SPEND-000064,2025-01-10,Paid Search,CMP-0001,658.38
SPEND-000065,2025-01-10,Paid Search,CMP-0002,7.05
SPEND-000066,2025-01-10,Paid Social,CMP-0003,239.01
SPEND-000067,2025-01-10,Paid Social,CMP-0004,86.19
SPEND-000068,2025-01-10,Email,CMP-0005,101.02
SPEND-000069,2025-01-10,Affiliate,CMP-0006,242.24
SPEND-000070,2025-01-10,Display,CMP-0007,352.61
SPEND-000071,2025-01-11,Paid Search,CMP-0001,518.25
SPEND-000072,2025-01-11,Paid Search,CMP-0002,139.8
SPEND-000073,2025-01-11,Paid Social,CMP-0003,367.99
SPEND-000074,2025-01-11,Paid Social,CMP-0004,123.96
SPEND-000075,2025-01-11,Email,CMP-0005,60.47
SPEND-000076,2025-01-11,Affiliate,CMP-0006,118.08
SPEND-000077,2025-01-11,Display,CMP-0007,251.06
SPEND-000078,2025-01-12,Paid Search,CMP-0001,99.04
SPEND-000079,2025-01-12,Paid Search,CMP-0002,404.17
SPEND-000080,2025-01-12,Paid Social,CMP-0003,232.64
SPEND-000081,2025-01-12,Paid Social,CMP-0004,183.7
SPEND-000082,2025-01-12,Email,CMP-0005,78.97
SPEND-000083,2025-01-12,Affiliate,CMP-0006,240.85
SPEND-000084,2025-01-12,Display,CMP-0007,273.12
SPEND-000085,2025-01-13,Paid Search,CMP-0001,11.72
SPEND-000086,2025-01-13,Paid Search,CMP-0002,564.97
SPEND-000087,2025-01-13,Paid Social,CMP-0003,371.75
SPEND-000088,2025-01-13,Paid Social,CMP-0004,166.97
SPEND-000089,2025-01-13,Email,CMP-0005,86.98
SPEND-000090,2025-01-13,Affiliate,CMP-0006,253.65
SPEND-000091,2025-01-13,Display,CMP-0007,493.38
SPEND-000092,2025-01-14,Paid Search,CMP-0001,205.19
SPEND-000093,2025-01-14,Paid Search,CMP-0002,408.43
SPEND-000094,2025-01-14,Paid Social,CMP-0003,281.21
SPEND-000095,2025-01-14,Paid Social,CMP-0004,108.34
SPEND-000096,2025-01-14,Email,CMP-0005,106.02
SPEND-000097,2025-01-14,Affiliate,CMP-0006,263.95
SPEND-000098,2025-01-14,Display,CMP-0007,422.57
SPEND-000099,2025-01-15,Paid Search,CMP-0001,408.95
SPEND-000100,2025-01-15,Paid Search,CMP-0002,289.19
SPEND-000101,2025-01-15,Paid Social,CMP-0003,376.91
SPEND-000102,2025-01-15,Paid Social,CMP-0004,198.55
SPEND-000103,2025-01-15,Email,CMP-0005,91.75
SPEND-000104,2025-01-15,Affiliate,CMP-0006,209.55
SPEND-000105,2025-01-15,Display,CMP-0007,311.67
SPEND-000106,2025-01-16,Paid Search,CMP-0001,211.59
SPEND-000107,2025-01-16,Paid Search,CMP-0002,564.12
SPEND-000108,2025-01-16,Paid Social,CMP-0003,28.35
SPEND-000109,2025-01-16,Paid Social,CMP-0004,378.89
SPEND-000110,2025-01-16,Email,CMP-0005,113.11
SPEND-000111,2025-01-16,Affiliate,CMP-0006,321.74
SPEND-000112,2025-01-16,Display,CMP-0007,506.9
SPEND-000113,2025-01-17,Paid Search,CMP-0001,209.98
SPEND-000114,2025-01-17,Paid Search,CMP-0002,179.48
SPEND-000115,2025-01-17,Paid Social,CMP-0003,17.66
SPEND-000116,2025-01-17,Paid Social,CMP-0004,489.25
SPEND-000117,2025-01-17,Email,CMP-0005,104.2
SPEND-000118,2025-01-17,Affiliate,CMP-0006,299.48
SPEND-000119,2025-01-17,Display,CMP-0007,407.1
SPEND-000120,2025-01-18,Paid Search,CMP-0001,165.93
SPEND-000121,2025-01-18,Paid Search,CMP-0002,414.97
SPEND-000122,2025-01-18,Paid Social,CMP-0003,112.95
SPEND-000123,2025-01-18,Paid Social,CMP-0004,141.43
SPEND-000124,2025-01-18,Email,CMP-0005,77.62
SPEND-000125,2025-01-18,Affiliate,CMP-0006,176.98
SPEND-000126,2025-01-18,Display,CMP-0007,268.71
SPEND-000127,2025-01-19,Paid Search,CMP-0001,266.01
SPEND-000128,2025-01-19,Paid Search,CMP-0002,96.68
SPEND-000129,2025-01-19,Paid Social,CMP-0003,89.28
SPEND-000130,2025-01-19,Paid Social,CMP-0004,243.95
SPEND-000131,2025-01-19,Email,CMP-0005,68.13
SPEND-000132,2025-01-19,Affiliate,CMP-0006,255.5
SPEND-000133,2025-01-19,Display,CMP-0007,247.65
SPEND-000134,2025-01-20,Paid Search,CMP-0001,253.36
SPEND-000135,2025-01-20,Paid Search,CMP-0002,220.06
SPEND-000136,2025-01-20,Paid Social,CMP-0003,239.59
SPEND-000137,2025-01-20,Paid Social,CMP-0004,51.65
SPEND-000138,2025-01-20,Email,CMP-0005,101.11
SPEND-000139,2025-01-20,Affiliate,CMP-0006,206.83
SPEND-000140,2025-01-20,Display,CMP-0007,460.49
SPEND-000141,2025-01-21,Paid Search,CMP-0001,8.43
SPEND-000142,2025-01-21,Paid Search,CMP-0002,368.71
SPEND-000143,2025-01-21,Paid Social,CMP-0003,87.74
SPEND-000144,2025-01-21,Paid Social,CMP-0004,337.19
SPEND-000145,2025-01-21,Email,CMP-0005,121.12
SPEND-000146,2025-01-21,Affiliate,CMP-0006,292.35
SPEND-000147,2025-01-21,Display,CMP-0007,369.87
SPEND-000148,2025-01-22,Paid Search,CMP-0001,298.75
SPEND-000149,2025-01-22,Paid Search,CMP-0002,272.17
SPEND-000150,2025-01-22,Paid Social,CMP-0003,194.83
SPEND-000151,2025-01-22,Paid Social,CMP-0004,149.9
SPEND-000152,2025-01-22,Email,CMP-0005,138.22
SPEND-000153,2025-01-22,Affiliate,CMP-0006,218.19
SPEND-000154,2025-01-22,Display,CMP-0007,349.45
SPEND-000155,2025-01-23,Paid Search,CMP-0001,549.22
SPEND-000156,2025-01-23,Paid Search,CMP-0002,152.49
SPEND-000157,2025-01-23,Paid Social,CMP-0003,239.53
SPEND-000158,2025-01-23,Paid Social,CMP-0004,336.29
SPEND-000159,2025-01-23,Email,CMP-0005,63.95
SPEND-000160,2025-01-23,Affiliate,CMP-0006,276.65
SPEND-000161,2025-01-23,Display,CMP-0007,320.27
SPEND-000162,2025-01-24,Paid Search,CMP-0001,202.12
SPEND-000163,2025-01-24,Paid Search,CMP-0002,322.39
SPEND-000164,2025-01-24,Paid Social,CMP-0003,182.22
SPEND-000165,2025-01-24,Paid Social,CMP-0004,289.56
SPEND-000166,2025-01-24,Email,CMP-0005,98.09
SPEND-000167,2025-01-24,Affiliate,CMP-0006,121.37
SPEND-000168,2025-01-24,Display,CMP-0007,387.36
SPEND-000169,2025-01-25,Paid Search,CMP-0001,462.04
SPEND-000170,2025-01-25,Paid Search,CMP-0002,63.95
SPEND-000171,2025-01-25,Paid Social,CMP-0003,63.44
SPEND-000172,2025-01-25,Paid Social,CMP-0004,265.57
SPEND-000173,2025-01-25,Email,CMP-0005,94.46
SPEND-000174,2025-01-25,Affiliate,CMP-0006,259.0
SPEND-000175,2025-01-25,Display,CMP-0007,276.36
SPEND-000176,2025-01-26,Paid Search,CMP-0001,231.27
SPEND-000177,2025-01-26,Paid Search,CMP-0002,371.43
SPEND-000178,2025-01-26,Paid Social,CMP-0003,165.06
SPEND-000179,2025-01-26,Paid Social,CMP-0004,351.51
SPEND-000180,2025-01-26,Email,CMP-0005,37.93
SPEND-000181,2025-01-26,Affiliate,CMP-0006,148.9
SPEND-000182,2025-01-26,Display,CMP-0007,189.84
SPEND-000183,2025-01-27,Paid Search,CMP-0001,636.46
SPEND-000184,2025-01-27,Paid Search,CMP-0002,34.1
SPEND-000185,2025-01-27,Paid Social,CMP-0003,22.78
SPEND-000186,2025-01-27,Paid Social,CMP-0004,609.42
SPEND-000187,2025-01-27,Email,CMP-0005,86.64
SPEND-000188,2025-01-27,Affiliate,CMP-0006,191.2
SPEND-000189,2025-01-27,Display,CMP-0007,353.81
SPEND-000190,2025-01-28,Paid Search,CMP-0001,374.15
SPEND-000191,2025-01-28,Paid Search,CMP-0002,262.71
SPEND-000192,2025-01-28,Paid Social,CMP-0003,267.72
SPEND-000193,2025-01-28,Paid Social,CMP-0004,158.87
SPEND-000194,2025-01-28,Email,CMP-0005,79.23
SPEND-000195,2025-01-28,Affiliate,CMP-0006,233.59
SPEND-000196,2025-01-28,Display,CMP-0007,381.96
SPEND-000197,2025-01-29,Paid Search,CMP-0001,493.65
SPEND-000198,2025-01-29,Paid Search,CMP-0002,35.55
SPEND-000199,2025-01-29,Paid Social,CMP-0003,54.94
SPEND-000200,2025-01-29,Paid Social,CMP-0004,375.51
SPEND-000201,2025-01-29,Email,CMP-0005,108.85
SPEND-000202,2025-01-29,Affiliate,CMP-0006,168.54
SPEND-000203,2025-01-29,Display,CMP-0007,294.05
SPEND-000204,2025-01-30,Paid Search,CMP-0001,11.85
SPEND-000205,2025-01-30,Paid Search,CMP-0002,715.21
SPEND-000206,2025-01-30,Paid Social,CMP-0003,186.82
SPEND-000207,2025-01-30,Paid Social,CMP-0004,205.46
SPEND-000208,2025-01-30,Email,CMP-0005,92.76
SPEND-000209,2025-01-30,Affiliate,CMP-0006,336.7
SPEND-000210,2025-01-30,Display,CMP-0007,334.65
SPEND-000211,2025-01-31,Paid Search,CMP-0001,227.88
SPEND-000212,2025-01-31,Paid Search,CMP-0002,59.63
SPEND-000213,2025-01-31,Paid Social,CMP-0003,239.38
SPEND-000214,2025-01-31,Paid Social,CMP-0004,120.58
SPEND-000215,2025-01-31,Email,CMP-0005,115.08
SPEND-000216,2025-01-31,Affiliate,CMP-0006,241.21
SPEND-000217,2025-01-31,Display,CMP-0007,254.66
SPEND-000218,2025-02-01,Paid Search,CMP-0008,399.26
SPEND-000219,2025-02-01,Paid Search,CMP-0009,60.96
SPEND-000220,2025-02-01,Paid Social,CMP-0010,86.31
SPEND-000221,2025-02-01,Paid Social,CMP-0011,212.93
SPEND-000222,2025-02-01,Email,CMP-0012,83.2
SPEND-000223,2025-02-01,Affiliate,CMP-0013,213.1
SPEND-000224,2025-02-01,Display,CMP-0014,318.88
SPEND-000225,2025-02-02,Paid Search,CMP-0008,174.1
SPEND-000226,2025-02-02,Paid Search,CMP-0009,123.13
SPEND-000227,2025-02-02,Paid Social,CMP-0010,179.12
SPEND-000228,2025-02-02,Paid Social,CMP-0011,281.5
SPEND-000229,2025-02-02,Email,CMP-0012,62.44
SPEND-000230,2025-02-02,Affiliate,CMP-0013,195.02
SPEND-000231,2025-02-02,Display,CMP-0014,315.83
SPEND-000232,2025-02-03,Paid Search,CMP-0008,466.75
SPEND-000233,2025-02-03,Paid Search,CMP-0009,457.4
SPEND-000234,2025-02-03,Paid Social,CMP-0010,380.04
SPEND-000235,2025-02-03,Paid Social,CMP-0011,235.78
SPEND-000236,2025-02-03,Email,CMP-0012,77.94
SPEND-000237,2025-02-03,Affiliate,CMP-0013,264.46
SPEND-000238,2025-02-03,Display,CMP-0014,223.38
SPEND-000239,2025-02-04,Paid Search,CMP-0008,73.1
SPEND-000240,2025-02-04,Paid Search,CMP-0009,490.75
SPEND-000241,2025-02-04,Paid Social,CMP-0010,443.47
SPEND-000242,2025-02-04,Paid Social,CMP-0011,0.33
SPEND-000243,2025-02-04,Email,CMP-0012,97.44
SPEND-000244,2025-02-04,Affiliate,CMP-0013,277.72
SPEND-000245,2025-02-04,Display,CMP-0014,344.26
SPEND-000246,2025-02-05,Paid Search,CMP-0008,196.1
SPEND-000247,2025-02-05,Paid Search,CMP-0009,370.15
SPEND-000248,2025-02-05,Paid Social,CMP-0010,418.37
SPEND-000249,2025-02-05,Paid Social,CMP-0011,58.55
SPEND-000250,2025-02-05,Email,CMP-0012,95.4
SPEND-000251,2025-02-05,Affiliate,CMP-0013,261.22
SPEND-000252,2025-02-05,Display,CMP-0014,403.06
SPEND-000253,2025-02-06,Paid Search,CMP-0008,717.2
SPEND-000254,2025-02-06,Paid Search,CMP-0009,115.49
SPEND-000255,2025-02-06,Paid Social,CMP-0010,125.63
SPEND-000256,2025-02-06,Paid Social,CMP-0011,147.84
SPEND-000257,2025-02-06,Email,CMP-0012,76.58
SPEND-000258,2025-02-06,Affiliate,CMP-0013,228.33
SPEND-000259,2025-02-06,Display,CMP-0014,308.2
SPEND-000260,2025-02-07,Paid Search,CMP-0008,445.01
SPEND-000261,2025-02-07,Paid Search,CMP-0009,30.26
SPEND-000262,2025-02-07,Paid Social,CMP-0010,87.37
SPEND-000263,2025-02-07,Paid Social,CMP-0011,469.18
SPEND-000264,2025-02-07,Email,CMP-0012,120.23
SPEND-000265,2025-02-07,Affiliate,CMP-0013,278.25
SPEND-000266,2025-02-07,Display,CMP-0014,373.17
SPEND-000267,2025-02-08,Paid Search,CMP-0008,373.32
SPEND-000268,2025-02-08,Paid Search,CMP-0009,81.04
SPEND-000269,2025-02-08,Paid Social,CMP-0010,229.47
SPEND-000270,2025-02-08,Paid Social,CMP-0011,6.4
SPEND-000271,2025-02-08,Email,CMP-0012,55.58
SPEND-000272,2025-02-08,Affiliate,CMP-0013,196.16
SPEND-000273,2025-02-08,Display,CMP-0014,190.43
SPEND-000274,2025-02-09,Paid Search,CMP-0008,143.02
SPEND-000275,2025-02-09,Paid Search,CMP-0009,290.07
SPEND-000276,2025-02-09,Paid Social,CMP-0010,86.48
SPEND-000277,2025-02-09,Paid Social,CMP-0011,396.08
SPEND-000278,2025-02-09,Email,CMP-0012,87.39
SPEND-000279,2025-02-09,Affiliate,CMP-0013,237.0
SPEND-000280,2025-02-09,Display,CMP-0014,273.59
SPEND-000281,2025-02-10,Paid Search,CMP-0008,86.21
SPEND-000282,2025-02-10,Paid Search,CMP-0009,451.49
SPEND-000283,2025-02-10,Paid Social,CMP-0010,269.85
SPEND-000284,2025-02-10,Paid Social,CMP-0011,339.39
SPEND-000285,2025-02-10,Email,CMP-0012,105.41
SPEND-000286,2025-02-10,Affiliate,CMP-0013,378.29
SPEND-000287,2025-02-10,Display,CMP-0014,213.27
SPEND-000288,2025-02-11,Paid Search,CMP-0008,621.34
SPEND-000289,2025-02-11,Paid Search,CMP-0009,62.97
SPEND-000290,2025-02-11,Paid Social,CMP-0010,488.07
SPEND-000291,2025-02-11,Paid Social,CMP-0011,152.45
SPEND-000292,2025-02-11,Email,CMP-0012,81.63
SPEND-000293,2025-02-11,Affiliate,CMP-0013,251.38
SPEND-000294,2025-02-11,Display,CMP-0014,277.57
SPEND-000295,2025-02-12,Paid Search,CMP-0008,111.36
SPEND-000296,2025-02-12,Paid Search,CMP-0009,275.55
SPEND-000297,2025-02-12,Paid Social,CMP-0010,223.73
SPEND-000298,2025-02-12,Paid Social,CMP-0011,267.19
SPEND-000299,2025-02-12,Email,CMP-0012,77.76
SPEND-000300,2025-02-12,Affiliate,CMP-0013,232.23
SPEND-000301,2025-02-12,Display,CMP-0014,397.3
SPEND-000302,2025-02-13,Paid Search,CMP-0008,31.06
SPEND-000303,2025-02-13,Paid Search,CMP-0009,519.89
SPEND-000304,2025-02-13,Paid Social,CMP-0010,171.21
SPEND-000305,2025-02-13,Paid Social,CMP-0011,284.29
SPEND-000306,2025-02-13,Email,CMP-0012,96.69
SPEND-000307,2025-02-13,Affiliate,CMP-0013,193.16
SPEND-000308,2025-02-13,Display,CMP-0014,476.53
SPEND-000309,2025-02-14,Paid Search,CMP-0008,527.44
SPEND-000310,2025-02-14,Paid Search,CMP-0009,53.8
SPEND-000311,2025-02-14,Paid Social,CMP-0010,252.45
SPEND-000312,2025-02-14,Paid Social,CMP-0011,137.38
SPEND-000313,2025-02-14,Email,CMP-0012,92.89
SPEND-000314,2025-02-14,Affiliate,CMP-0013,228.08
SPEND-000315,2025-02-14,Display,CMP-0014,241.91
SPEND-000316,2025-02-15,Paid Search,CMP-0008,321.15
SPEND-000317,2025-02-15,Paid Search,CMP-0009,149.33
SPEND-000318,2025-02-15,Paid Social,CMP-0010,16.9
SPEND-000319,2025-02-15,Paid Social,CMP-0011,214.98
SPEND-000320,2025-02-15,Email,CMP-0012,73.13
SPEND-000321,2025-02-15,Affiliate,CMP-0013,181.33
SPEND-000322,2025-02-15,Display,CMP-0014,332.0
SPEND-000323,2025-02-16,Paid Search,CMP-0008,238.02
SPEND-000324,2025-02-16,Paid Search,CMP-0009,136.55
SPEND-000325,2025-02-16,Paid Social,CMP-0010,65.58
SPEND-000326,2025-02-16,Paid Social,CMP-0011,276.93
SPEND-000327,2025-02-16,Email,CMP-0012,63.31
SPEND-000328,2025-02-16,Affiliate,CMP-0013,195.23
SPEND-000329,2025-02-16,Display,CMP-0014,199.48
SPEND-000330,2025-02-17,Paid Search,CMP-0008,192.47
SPEND-000331,2025-02-17,Paid Search,CMP-0009,527.69
SPEND-000332,2025-02-17,Paid Social,CMP-0010,84.61
SPEND-000333,2025-02-17,Paid Social,CMP-0011,432.54
SPEND-000334,2025-02-17,Email,CMP-0012,106.63
SPEND-000335,2025-02-17,Affiliate,CMP-0013,288.22
SPEND-000336,2025-02-17,Display,CMP-0014,238.4
SPEND-000337,2025-02-18,Paid Search,CMP-0008,30.2
SPEND-000338,2025-02-18,Paid Search,CMP-0009,432.43
SPEND-000339,2025-02-18,Paid Social,CMP-0010,186.77
SPEND-000340,2025-02-18,Paid Social,CMP-0011,59.74
SPEND-000341,2025-02-18,Email,CMP-0012,119.53
SPEND-000342,2025-02-18,Affiliate,CMP-0013,348.32
SPEND-000343,2025-02-18,Display,CMP-0014,241.51
SPEND-000344,2025-02-19,Paid Search,CMP-0008,117.98
SPEND-000345,2025-02-19,Paid Search,CMP-0009,547.86
SPEND-000346,2025-02-19,Paid Social,CMP-0010,33.54
SPEND-000347,2025-02-19,Paid Social,CMP-0011,431.15
SPEND-000348,2025-02-19,Email,CMP-0012,89.32
SPEND-000349,2025-02-19,Affiliate,CMP-0013,150.48
SPEND-000350,2025-02-19,Display,CMP-0014,193.45
SPEND-000351,2025-02-20,Paid Search,CMP-0008,487.53
SPEND-000352,2025-02-20,Paid Search,CMP-0009,267.99
SPEND-000353,2025-02-20,Paid Social,CMP-0010,408.53
SPEND-000354,2025-02-20,Paid Social,CMP-0011,358.48
SPEND-000355,2025-02-20,Email,CMP-0012,116.21
SPEND-000356,2025-02-20,Affiliate,CMP-0013,172.94
SPEND-000357,2025-02-20,Display,CMP-0014,375.25
SPEND-000358,2025-02-21,Paid Search,CMP-0008,50.18
SPEND-000359,2025-02-21,Paid Search,CMP-0009,472.99
SPEND-000360,2025-02-21,Paid Social,CMP-0010,268.39
SPEND-000361,2025-02-21,Paid Social,CMP-0011,189.48
SPEND-000362,2025-02-21,Email,CMP-0012,103.77
SPEND-000363,2025-02-21,Affiliate,CMP-0013,238.9
SPEND-000364,2025-02-21,Display,CMP-0014,423.01
SPEND-000365,2025-02-22,Paid Search,CMP-0008,285.32
SPEND-000366,2025-02-22,Paid Search,CMP-0009,55.31
SPEND-000367,2025-02-22,Paid Social,CMP-0010,325.34
SPEND-000368,2025-02-22,Paid Social,CMP-0011,30.56
SPEND-000369,2025-02-22,Email,CMP-0012,84.7
SPEND-000370,2025-02-22,Affiliate,CMP-0013,240.73
SPEND-000371,2025-02-22,Display,CMP-0014,231.12
SPEND-000372,2025-02-23,Paid Search,CMP-0008,111.75
SPEND-000373,2025-02-23,Paid Search,CMP-0009,314.2
SPEND-000374,2025-02-23,Paid Social,CMP-0010,31.15
SPEND-000375,2025-02-23,Paid Social,CMP-0011,328.37
SPEND-000376,2025-02-23,Email,CMP-0012,71.93
SPEND-000377,2025-02-23,Affiliate,CMP-0013,129.33
SPEND-000378,2025-02-23,Display,CMP-0014,205.22
SPEND-000379,2025-02-24,Paid Search,CMP-0008,474.05
SPEND-000380,2025-02-24,Paid Search,CMP-0009,238.82
SPEND-000381,2025-02-24,Paid Social,CMP-0010,3.03
SPEND-000382,2025-02-24,Paid Social,CMP-0011,508.83
SPEND-000383,2025-02-24,Email,CMP-0012,81.31
SPEND-000384,2025-02-24,Affiliate,CMP-0013,317.99
SPEND-000385,2025-02-24,Display,CMP-0014,291.72
SPEND-000386,2025-02-25,Paid Search,CMP-0008,295.49
SPEND-000387,2025-02-25,Paid Search,CMP-0009,329.37
SPEND-000388,2025-02-25,Paid Social,CMP-0010,339.73
SPEND-000389,2025-02-25,Paid Social,CMP-0011,107.0
SPEND-000390,2025-02-25,Email,CMP-0012,114.05
SPEND-000391,2025-02-25,Affiliate,CMP-0013,216.87
SPEND-000392,2025-02-25,Display,CMP-0014,343.9
SPEND-000393,2025-02-26,Paid Search,CMP-0008,263.43
SPEND-000394,2025-02-26,Paid Search,CMP-0009,426.81
SPEND-000395,2025-02-26,Paid Social,CMP-0010,371.1
SPEND-000396,2025-02-26,Paid Social,CMP-0011,230.37
SPEND-000397,2025-02-26,Email,CMP-0012,113.31
SPEND-000398,2025-02-26,Affiliate,CMP-0013,286.68
SPEND-000399,2025-02-26,Display,CMP-0014,377.66
SPEND-000400,2025-02-27,Paid Search,CMP-0008,205.41
SPEND-000401,2025-02-27,Paid Search,CMP-0009,373.78
SPEND-000402,2025-02-27,Paid Social,CMP-0010,574.3
SPEND-000403,2025-02-27,Paid Social,CMP-0011,42.21
SPEND-000404,2025-02-27,Email,CMP-0012,78.77
SPEND-000405,2025-02-27,Affiliate,CMP-0013,288.5
SPEND-000406,2025-02-27,Display,CMP-0014,394.53
SPEND-000407,2025-02-28,Paid Search,CMP-0008,25.44
SPEND-000408,2025-02-28,Paid Search,CMP-0009,717.5
SPEND-000409,2025-02-28,Paid Social,CMP-0010,459.63
SPEND-000410,2025-02-28,Paid Social,CMP-0011,163.94
SPEND-000411,2025-02-28,Email,CMP-0012,94.36
SPEND-000412,2025-02-28,Affiliate,CMP-0013,207.23
SPEND-000413,2025-02-28,Display,CMP-0014,345.89
SPEND-000414,2025-03-01,Paid Search,CMP-0015,424.2
SPEND-000415,2025-03-01,Paid Search,CMP-0016,144.85
SPEND-000416,2025-03-01,Paid Social,CMP-0017,262.92
SPEND-000417,2025-03-01,Paid Social,CMP-0018,77.59
SPEND-000418,2025-03-01,Email,CMP-0019,78.02
SPEND-000419,2025-03-01,Affiliate,CMP-0020,210.91
SPEND-000420,2025-03-01,Display,CMP-0021,288.97
SPEND-000421,2025-03-02,Paid Search,CMP-0015,455.14
SPEND-000422,2025-03-02,Paid Search,CMP-0016,74.02
SPEND-000423,2025-03-02,Paid Social,CMP-0017,19.83
SPEND-000424,2025-03-02,Paid Social,CMP-0018,346.62
SPEND-000425,2025-03-02,Email,CMP-0019,55.62
SPEND-000426,2025-03-02,Affiliate,CMP-0020,196.5
SPEND-000427,2025-03-02,Display,CMP-0021,224.89
SPEND-000428,2025-03-03,Paid Search,CMP-0015,259.13
SPEND-000429,2025-03-03,Paid Search,CMP-0016,109.83
SPEND-000430,2025-03-03,Paid Social,CMP-0017,91.45
SPEND-000431,2025-03-03,Paid Social,CMP-0018,212.25
SPEND-000432,2025-03-03,Email,CMP-0019,96.77
SPEND-000433,2025-03-03,Affiliate,CMP-0020,258.58
SPEND-000434,2025-03-03,Display,CMP-0021,327.86
SPEND-000435,2025-03-04,Paid Search,CMP-0015,6.77
SPEND-000436,2025-03-04,Paid Search,CMP-0016,440.79
SPEND-000437,2025-03-04,Paid Social,CMP-0017,520.04
SPEND-000438,2025-03-04,Paid Social,CMP-0018,97.32
SPEND-000439,2025-03-04,Email,CMP-0019,84.09
SPEND-000440,2025-03-04,Affiliate,CMP-0020,358.95
SPEND-000441,2025-03-04,Display,CMP-0021,327.07
SPEND-000442,2025-03-05,Paid Search,CMP-0015,55.66
SPEND-000443,2025-03-05,Paid Search,CMP-0016,536.99
SPEND-000444,2025-03-05,Paid Social,CMP-0017,296.24
SPEND-000445,2025-03-05,Paid Social,CMP-0018,198.88
SPEND-000446,2025-03-05,Email,CMP-0019,106.35
SPEND-000447,2025-03-05,Affiliate,CMP-0020,222.34
SPEND-000448,2025-03-05,Display,CMP-0021,449.03
SPEND-000449,2025-03-06,Paid Search,CMP-0015,723.7
SPEND-000450,2025-03-06,Paid Search,CMP-0016,89.76
SPEND-000451,2025-03-06,Paid Social,CMP-0017,223.57
SPEND-000452,2025-03-06,Paid Social,CMP-0018,348.74
SPEND-000453,2025-03-06,Email,CMP-0019,99.19
SPEND-000454,2025-03-06,Affiliate,CMP-0020,228.19
SPEND-000455,2025-03-06,Display,CMP-0021,300.83
SPEND-000456,2025-03-07,Paid Search,CMP-0015,353.68
SPEND-000457,2025-03-07,Paid Search,CMP-0016,212.74
SPEND-000458,2025-03-07,Paid Social,CMP-0017,166.67
SPEND-000459,2025-03-07,Paid Social,CMP-0018,489.15
SPEND-000460,2025-03-07,Email,CMP-0019,92.6
SPEND-000461,2025-03-07,Affiliate,CMP-0020,216.84
SPEND-000462,2025-03-07,Display,CMP-0021,279.39
SPEND-000463,2025-03-08,Paid Search,CMP-0015,452.77
SPEND-000464,2025-03-08,Paid Search,CMP-0016,157.38
SPEND-000465,2025-03-08,Paid Social,CMP-0017,76.61
SPEND-000466,2025-03-08,Paid Social,CMP-0018,206.97
SPEND-000467,2025-03-08,Email,CMP-0019,74.67
SPEND-000468,2025-03-08,Affiliate,CMP-0020,269.93
SPEND-000469,2025-03-08,Display,CMP-0021,190.36
SPEND-000470,2025-03-09,Paid Search,CMP-0015,65.5
SPEND-000471,2025-03-09,Paid Search,CMP-0016,499.32
SPEND-000472,2025-03-09,Paid Social,CMP-0017,53.13
SPEND-000473,2025-03-09,Paid Social,CMP-0018,343.1
SPEND-000474,2025-03-09,Email,CMP-0019,81.21
SPEND-000475,2025-03-09,Affiliate,CMP-0020,257.48
SPEND-000476,2025-03-09,Display,CMP-0021,224.21
SPEND-000477,2025-03-10,Paid Search,CMP-0015,575.53
SPEND-000478,2025-03-10,Paid Search,CMP-0016,52.22
SPEND-000479,2025-03-10,Paid Social,CMP-0017,224.11
SPEND-000480,2025-03-10,Paid Social,CMP-0018,259.31
SPEND-000481,2025-03-10,Email,CMP-0019,113.68
SPEND-000482,2025-03-10,Affiliate,CMP-0020,220.49
SPEND-000483,2025-03-10,Display,CMP-0021,312.92
SPEND-000484,2025-03-11,Paid Search,CMP-0015,1.82
SPEND-000485,2025-03-11,Paid Search,CMP-0016,383.58
SPEND-000486,2025-03-11,Paid Social,CMP-0017,130.61
SPEND-000487,2025-03-11,Paid Social,CMP-0018,324.8
SPEND-000488,2025-03-11,Email,CMP-0019,128.1
SPEND-000489,2025-03-11,Affiliate,CMP-0020,196.32
SPEND-000490,2025-03-11,Display,CMP-0021,487.96
SPEND-000491,2025-03-12,Paid Search,CMP-0015,513.64
SPEND-000492,2025-03-12,Paid Search,CMP-0016,169.89
SPEND-000493,2025-03-12,Paid Social,CMP-0017,204.1
SPEND-000494,2025-03-12,Paid Social,CMP-0018,309.95
SPEND-000495,2025-03-12,Email,CMP-0019,83.85
SPEND-000496,2025-03-12,Affiliate,CMP-0020,245.38
SPEND-000497,2025-03-12,Display,CMP-0021,307.75
SPEND-000498,2025-03-13,Paid Search,CMP-0015,592.28
SPEND-000499,2025-03-13,Paid Search,CMP-0016,162.38
SPEND-000500,2025-03-13,Paid Social,CMP-0017,551.92
SPEND-000501,2025-03-13,Paid Social,CMP-0018,44.76
SPEND-000502,2025-03-13,Email,CMP-0019,95.36
SPEND-000503,2025-03-13,Affiliate,CMP-0020,234.01
SPEND-000504,2025-03-13,Display,CMP-0021,271.96
SPEND-000505,2025-03-14,Paid Search,CMP-0015,185.73
SPEND-000506,2025-03-14,Paid Search,CMP-0016,120.9
SPEND-000507,2025-03-14,Paid Social,CMP-0017,3.26
SPEND-000508,2025-03-14,Paid Social,CMP-0018,537.75
SPEND-000509,2025-03-14,Email,CMP-0019,97.58
SPEND-000510,2025-03-14,Affiliate,CMP-0020,208.56
SPEND-000511,2025-03-14,Display,CMP-0021,337.33
SPEND-000512,2025-03-15,Paid Search,CMP-0015,343.76
SPEND-000513,2025-03-15,Paid Search,CMP-0016,236.85
SPEND-000514,2025-03-15,Paid Social,CMP-0017,209.74
SPEND-000515,2025-03-15,Paid Social,CMP-0018,117.94
SPEND-000516,2025-03-15,Email,CMP-0019,76.57
SPEND-000517,2025-03-15,Affiliate,CMP-0020,102.99
SPEND-000518,2025-03-15,Display,CMP-0021,286.44
SPEND-000519,2025-03-16,Paid Search,CMP-0015,325.67
SPEND-000520,2025-03-16,Paid Search,CMP-0016,236.57
SPEND-000521,2025-03-16,Paid Social,CMP-0017,436.06
SPEND-000522,2025-03-16,Paid Social,CMP-0018,0.76
SPEND-000523,2025-03-16,Email,CMP-0019,91.69
SPEND-000524,2025-03-16,Affiliate,CMP-0020,219.34
SPEND-000525,2025-03-16,Display,CMP-0021,362.64
SPEND-000526,2025-03-17,Paid Search,CMP-0015,235.73
SPEND-000527,2025-03-17,Paid Search,CMP-0016,99.88
SPEND-000528,2025-03-17,Paid Social,CMP-0017,355.71
SPEND-000529,2025-03-17,Paid Social,CMP-0018,3.23
SPEND-000530,2025-03-17,Email,CMP-0019,67.05
SPEND-000531,2025-03-17,Affiliate,CMP-0020,212.26
SPEND-000532,2025-03-17,Display,CMP-0021,277.48
SPEND-000533,2025-03-18,Paid Search,CMP-0015,356.55
SPEND-000534,2025-03-18,Paid Search,CMP-0016,90.54
SPEND-000535,2025-03-18,Paid Social,CMP-0017,126.32
SPEND-000536,2025-03-18,Paid Social,CMP-0018,314.79
SPEND-000537,2025-03-18,Email,CMP-0019,80.8
SPEND-000538,2025-03-18,Affiliate,CMP-0020,232.34
SPEND-000539,2025-03-18,Display,CMP-0021,256.5
SPEND-000540,2025-03-19,Paid Search,CMP-0015,445.5
SPEND-000541,2025-03-19,Paid Search,CMP-0016,119.31
SPEND-000542,2025-03-19,Paid Social,CMP-0017,21.2
SPEND-000543,2025-03-19,Paid Social,CMP-0018,369.68
SPEND-000544,2025-03-19,Email,CMP-0019,110.13
SPEND-000545,2025-03-19,Affiliate,CMP-0020,250.44
SPEND-000546,2025-03-19,Display,CMP-0021,401.78
SPEND-000547,2025-03-20,Paid Search,CMP-0015,129.01
SPEND-000548,2025-03-20,Paid Search,CMP-0016,406.94
SPEND-000549,2025-03-20,Paid Social,CMP-0017,125.74
SPEND-000550,2025-03-20,Paid Social,CMP-0018,305.19
SPEND-000551,2025-03-20,Email,CMP-0019,94.23
SPEND-000552,2025-03-20,Affiliate,CMP-0020,284.16
SPEND-000553,2025-03-20,Display,CMP-0021,436.36
SPEND-000554,2025-03-21,Paid Search,CMP-0015,666.43
SPEND-000555,2025-03-21,Paid Search,CMP-0016,1.55
SPEND-000556,2025-03-21,Paid Social,CMP-0017,293.87
SPEND-000557,2025-03-21,Paid Social,CMP-0018,249.24
SPEND-000558,2025-03-21,Email,CMP-0019,117.45
SPEND-000559,2025-03-21,Affiliate,CMP-0020,378.39
SPEND-000560,2025-03-21,Display,CMP-0021,333.22
SPEND-000561,2025-03-22,Paid Search,CMP-0015,337.29
SPEND-000562,2025-03-22,Paid Search,CMP-0016,68.92
SPEND-000563,2025-03-22,Paid Social,CMP-0017,7.94
SPEND-000564,2025-03-22,Paid Social,CMP-0018,261.9
SPEND-000565,2025-03-22,Email,CMP-0019,59.77
SPEND-000566,2025-03-22,Affiliate,CMP-0020,203.86
SPEND-000567,2025-03-22,Display,CMP-0021,222.79
SPEND-000568,2025-03-23,Paid Search,CMP-0015,36.66
SPEND-000569,2025-03-23,Paid Search,CMP-0016,483.13
SPEND-000570,2025-03-23,Paid Social,CMP-0017,192.98
SPEND-000571,2025-03-23,Paid Social,CMP-0018,157.32
SPEND-000572,2025-03-23,Email,CMP-0019,55.22
SPEND-000573,2025-03-23,Affiliate,CMP-0020,246.07
SPEND-000574,2025-03-23,Display,CMP-0021,199.29
SPEND-000575,2025-03-24,Paid Search,CMP-0015,80.77
SPEND-000576,2025-03-24,Paid Search,CMP-0016,567.37
SPEND-000577,2025-03-24,Paid Social,CMP-0017,227.99
SPEND-000578,2025-03-24,Paid Social,CMP-0018,268.87
SPEND-000579,2025-03-24,Email,CMP-0019,129.97
SPEND-000580,2025-03-24,Affiliate,CMP-0020,284.62
SPEND-000581,2025-03-24,Display,CMP-0021,369.69
SPEND-000582,2025-03-25,Paid Search,CMP-0015,252.72
SPEND-000583,2025-03-25,Paid Search,CMP-0016,439.76
SPEND-000584,2025-03-25,Paid Social,CMP-0017,86.96
SPEND-000585,2025-03-25,Paid Social,CMP-0018,363.31
SPEND-000586,2025-03-25,Email,CMP-0019,75.95
SPEND-000587,2025-03-25,Affiliate,CMP-0020,261.22
SPEND-000588,2025-03-25,Display,CMP-0021,292.49
SPEND-000589,2025-03-26,Paid Search,CMP-0015,615.47
SPEND-000590,2025-03-26,Paid Search,CMP-0016,177.2
SPEND-000591,2025-03-26,Paid Social,CMP-0017,249.38
SPEND-000592,2025-03-26,Paid Social,CMP-0018,247.88
SPEND-000593,2025-03-26,Email,CMP-0019,96.92
SPEND-000594,2025-03-26,Affiliate,CMP-0020,315.6
SPEND-000595,2025-03-26,Display,CMP-0021,300.8
SPEND-000596,2025-03-27,Paid Search,CMP-0015,359.54
SPEND-000597,2025-03-27,Paid Search,CMP-0016,59.43
SPEND-000598,2025-03-27,Paid Social,CMP-0017,12.04
SPEND-000599,2025-03-27,Paid Social,CMP-0018,594.52
SPEND-000600,2025-03-27,Email,CMP-0019,83.14
SPEND-000601,2025-03-27,Affiliate,CMP-0020,191.74
SPEND-000602,2025-03-27,Display,CMP-0021,479.14
SPEND-000603,2025-03-28,Paid Search,CMP-0015,17.38
SPEND-000604,2025-03-28,Paid Search,CMP-0016,609.41
SPEND-000605,2025-03-28,Paid Social,CMP-0017,60.14
SPEND-000606,2025-03-28,Paid Social,CMP-0018,283.96
SPEND-000607,2025-03-28,Email,CMP-0019,106.01
SPEND-000608,2025-03-28,Affiliate,CMP-0020,273.11
SPEND-000609,2025-03-28,Display,CMP-0021,493.59
SPEND-000610,2025-03-29,Paid Search,CMP-0015,224.6
SPEND-000611,2025-03-29,Paid Search,CMP-0016,200.39
SPEND-000612,2025-03-29,Paid Social,CMP-0017,15.21
SPEND-000613,2025-03-29,Paid Social,CMP-0018,179.4
SPEND-000614,2025-03-29,Email,CMP-0019,63.75
SPEND-000615,2025-03-29,Affiliate,CMP-0020,209.27
SPEND-000616,2025-03-29,Display,CMP-0021,267.26
SPEND-000617,2025-03-30,Paid Search,CMP-0015,355.33
SPEND-000618,2025-03-30,Paid Search,CMP-0016,55.16
SPEND-000619,2025-03-30,Paid Social,CMP-0017,420.25
SPEND-000620,2025-03-30,Paid Social,CMP-0018,4.65
SPEND-000621,2025-03-30,Email,CMP-0019,86.1
SPEND-000622,2025-03-30,Affiliate,CMP-0020,247.89
SPEND-000623,2025-03-30,Display,CMP-0021,203.85
SPEND-000624,2025-03-31,Paid Search,CMP-0015,522.02
SPEND-000625,2025-03-31,Paid Search,CMP-0016,32.33
SPEND-000626,2025-03-31,Paid Social,CMP-0017,208.24
SPEND-000627,2025-03-31,Paid Social,CMP-0018,386.93
SPEND-000628,2025-03-31,Email,CMP-0019,94.84
SPEND-000629,2025-03-31,Affiliate,CMP-0020,191.28
SPEND-000630,2025-03-31,Display,CMP-0021,287.2
SPEND-000631,2025-04-01,Paid Search,CMP-0022,249.78
SPEND-000632,2025-04-01,Paid Search,CMP-0023,266.59
SPEND-000633,2025-04-01,Paid Social,CMP-0024,352.04
SPEND-000634,2025-04-01,Paid Social,CMP-0025,224.66
SPEND-000635,2025-04-01,Email,CMP-0026,102.6
SPEND-000636,2025-04-01,Affiliate,CMP-0027,292.5
SPEND-000637,2025-04-01,Display,CMP-0028,445.63
SPEND-000638,2025-04-02,Paid Search,CMP-0022,566.33
SPEND-000639,2025-04-02,Paid Search,CMP-0023,0.82
SPEND-000640,2025-04-02,Paid Social,CMP-0024,23.89
SPEND-000641,2025-04-02,Paid Social,CMP-0025,350.19
SPEND-000642,2025-04-02,Email,CMP-0026,81.47
SPEND-000643,2025-04-02,Affiliate,CMP-0027,314.34
SPEND-000644,2025-04-02,Display,CMP-0028,336.21
SPEND-000645,2025-04-03,Paid Search,CMP-0022,555.69
SPEND-000646,2025-04-03,Paid Search,CMP-0023,27.39
SPEND-000647,2025-04-03,Paid Social,CMP-0024,302.71
SPEND-000648,2025-04-03,Paid Social,CMP-0025,6.56
SPEND-000649,2025-04-03,Email,CMP-0026,87.08
SPEND-000650,2025-04-03,Affiliate,CMP-0027,327.86
SPEND-000651,2025-04-03,Display,CMP-0028,387.54
SPEND-000652,2025-04-04,Paid Search,CMP-0022,236.55
SPEND-000653,2025-04-04,Paid Search,CMP-0023,362.71
SPEND-000654,2025-04-04,Paid Social,CMP-0024,29.69
SPEND-000655,2025-04-04,Paid Social,CMP-0025,301.68
SPEND-000656,2025-04-04,Email,CMP-0026,66.58
SPEND-000657,2025-04-04,Affiliate,CMP-0027,213.57
SPEND-000658,2025-04-04,Display,CMP-0028,297.54
SPEND-000659,2025-04-05,Paid Search,CMP-0022,381.71
SPEND-000660,2025-04-05,Paid Search,CMP-0023,119.28
SPEND-000661,2025-04-05,Paid Social,CMP-0024,294.28
SPEND-000662,2025-04-05,Paid Social,CMP-0025,20.22
SPEND-000663,2025-04-05,Email,CMP-0026,71.88
SPEND-000664,2025-04-05,Affiliate,CMP-0027,125.69
SPEND-000665,2025-04-05,Display,CMP-0028,347.82
SPEND-000666,2025-04-06,Paid Search,CMP-0022,283.96
SPEND-000667,2025-04-06,Paid Search,CMP-0023,125.91
SPEND-000668,2025-04-06,Paid Social,CMP-0024,88.22
SPEND-000669,2025-04-06,Paid Social,CMP-0025,206.16
SPEND-000670,2025-04-06,Email,CMP-0026,57.2
SPEND-000671,2025-04-06,Affiliate,CMP-0027,162.23
SPEND-000672,2025-04-06,Display,CMP-0028,174.0
SPEND-000673,2025-04-07,Paid Search,CMP-0022,437.6
SPEND-000674,2025-04-07,Paid Search,CMP-0023,8.33
SPEND-000675,2025-04-07,Paid Social,CMP-0024,571.45
SPEND-000676,2025-04-07,Paid Social,CMP-0025,9.69
SPEND-000677,2025-04-07,Email,CMP-0026,94.96
SPEND-000678,2025-04-07,Affiliate,CMP-0027,310.54
SPEND-000679,2025-04-07,Display,CMP-0028,408.33
SPEND-000680,2025-04-08,Paid Search,CMP-0022,439.97
SPEND-000681,2025-04-08,Paid Search,CMP-0023,47.34
SPEND-000682,2025-04-08,Paid Social,CMP-0024,189.96
SPEND-000683,2025-04-08,Paid Social,CMP-0025,129.38
SPEND-000684,2025-04-08,Email,CMP-0026,75.26
SPEND-000685,2025-04-08,Affiliate,CMP-0027,239.28
SPEND-000686,2025-04-08,Display,CMP-0028,293.25
SPEND-000687,2025-04-09,Paid Search,CMP-0022,436.01
SPEND-000688,2025-04-09,Paid Search,CMP-0023,432.94
SPEND-000689,2025-04-09,Paid Social,CMP-0024,348.08
SPEND-000690,2025-04-09,Paid Social,CMP-0025,262.23
SPEND-000691,2025-04-09,Email,CMP-0026,69.46
SPEND-000692,2025-04-09,Affiliate,CMP-0027,207.97
SPEND-000693,2025-04-09,Display,CMP-0028,363.12
SPEND-000694,2025-04-10,Paid Search,CMP-0022,227.83
SPEND-000695,2025-04-10,Paid Search,CMP-0023,377.19
SPEND-000696,2025-04-10,Paid Social,CMP-0024,384.13
SPEND-000697,2025-04-10,Paid Social,CMP-0025,239.82
SPEND-000698,2025-04-10,Email,CMP-0026,138.23
SPEND-000699,2025-04-10,Affiliate,CMP-0027,167.41
SPEND-000700,2025-04-10,Display,CMP-0028,306.65
SPEND-000701,2025-04-11,Paid Search,CMP-0022,157.3
SPEND-000702,2025-04-11,Paid Search,CMP-0023,266.68
SPEND-000703,2025-04-11,Paid Social,CMP-0024,274.66
SPEND-000704,2025-04-11,Paid Social,CMP-0025,414.65
SPEND-000705,2025-04-11,Email,CMP-0026,92.54
SPEND-000706,2025-04-11,Affiliate,CMP-0027,213.67
SPEND-000707,2025-04-11,Display,CMP-0028,414.1
SPEND-000708,2025-04-12,Paid Search,CMP-0022,124.59
SPEND-000709,2025-04-12,Paid Search,CMP-0023,410.03
SPEND-000710,2025-04-12,Paid Social,CMP-0024,166.52
SPEND-000711,2025-04-12,Paid Social,CMP-0025,92.3
SPEND-000712,2025-04-12,Email,CMP-0026,86.59
SPEND-000713,2025-04-12,Affiliate,CMP-0027,222.0
SPEND-000714,2025-04-12,Display,CMP-0028,270.29
SPEND-000715,2025-04-13,Paid Search,CMP-0022,333.9
SPEND-000716,2025-04-13,Paid Search,CMP-0023,163.71
SPEND-000717,2025-04-13,Paid Social,CMP-0024,354.64
SPEND-000718,2025-04-13,Paid Social,CMP-0025,47.53
SPEND-000719,2025-04-13,Email,CMP-0026,53.05
SPEND-000720,2025-04-13,Affiliate,CMP-0027,152.13
SPEND-000721,2025-04-13,Display,CMP-0028,278.34
SPEND-000722,2025-04-14,Paid Search,CMP-0022,463.43
SPEND-000723,2025-04-14,Paid Search,CMP-0023,66.85
SPEND-000724,2025-04-14,Paid Social,CMP-0024,323.45
SPEND-000725,2025-04-14,Paid Social,CMP-0025,117.73
SPEND-000726,2025-04-14,Email,CMP-0026,80.73
SPEND-000727,2025-04-14,Affiliate,CMP-0027,250.41
SPEND-000728,2025-04-14,Display,CMP-0028,180.54
SPEND-000729,2025-04-15,Paid Search,CMP-0022,327.42
SPEND-000730,2025-04-15,Paid Search,CMP-0023,150.66
SPEND-000731,2025-04-15,Paid Social,CMP-0024,448.15
SPEND-000732,2025-04-15,Paid Social,CMP-0025,229.97
SPEND-000733,2025-04-15,Email,CMP-0026,91.28
SPEND-000734,2025-04-15,Affiliate,CMP-0027,274.84
SPEND-000735,2025-04-15,Display,CMP-0028,344.89
SPEND-000736,2025-04-16,Paid Search,CMP-0022,4.47
SPEND-000737,2025-04-16,Paid Search,CMP-0023,548.76
SPEND-000738,2025-04-16,Paid Social,CMP-0024,447.69
SPEND-000739,2025-04-16,Paid Social,CMP-0025,93.6
SPEND-000740,2025-04-16,Email,CMP-0026,93.07
SPEND-000741,2025-04-16,Affiliate,CMP-0027,225.2
SPEND-000742,2025-04-16,Display,CMP-0028,483.9
SPEND-000743,2025-04-17,Paid Search,CMP-0022,48.88
SPEND-000744,2025-04-17,Paid Search,CMP-0023,555.75
SPEND-000745,2025-04-17,Paid Social,CMP-0024,551.38
SPEND-000746,2025-04-17,Paid Social,CMP-0025,52.39
SPEND-000747,2025-04-17,Email,CMP-0026,107.64
SPEND-000748,2025-04-17,Affiliate,CMP-0027,211.06
SPEND-000749,2025-04-17,Display,CMP-0028,305.32
SPEND-000750,2025-04-18,Paid Search,CMP-0022,251.23
SPEND-000751,2025-04-18,Paid Search,CMP-0023,129.48
SPEND-000752,2025-04-18,Paid Social,CMP-0024,468.24
SPEND-000753,2025-04-18,Paid Social,CMP-0025,14.15
SPEND-000754,2025-04-18,Email,CMP-0026,92.23
SPEND-000755,2025-04-18,Affiliate,CMP-0027,315.54
SPEND-000756,2025-04-18,Display,CMP-0028,312.08
SPEND-000757,2025-04-19,Paid Search,CMP-0022,21.72
SPEND-000758,2025-04-19,Paid Search,CMP-0023,349.02
SPEND-000759,2025-04-19,Paid Social,CMP-0024,102.61
SPEND-000760,2025-04-19,Paid Social,CMP-0025,223.86
SPEND-000761,2025-04-19,Email,CMP-0026,96.84
SPEND-000762,2025-04-19,Affiliate,CMP-0027,279.65
SPEND-000763,2025-04-19,Display,CMP-0028,285.47
SPEND-000764,2025-04-20,Paid Search,CMP-0022,179.88
SPEND-000765,2025-04-20,Paid Search,CMP-0023,342.44
SPEND-000766,2025-04-20,Paid Social,CMP-0024,247.23
SPEND-000767,2025-04-20,Paid Social,CMP-0025,134.92
SPEND-000768,2025-04-20,Email,CMP-0026,92.32
SPEND-000769,2025-04-20,Affiliate,CMP-0027,249.11
SPEND-000770,2025-04-20,Display,CMP-0028,380.34
SPEND-000771,2025-04-21,Paid Search,CMP-0022,54.51
SPEND-000772,2025-04-21,Paid Search,CMP-0023,425.01
SPEND-000773,2025-04-21,Paid Social,CMP-0024,437.13
SPEND-000774,2025-04-21,Paid Social,CMP-0025,8.4
SPEND-000775,2025-04-21,Email,CMP-0026,67.95
SPEND-000776,2025-04-21,Affiliate,CMP-0027,244.48
SPEND-000777,2025-04-21,Display,CMP-0028,279.61
SPEND-000778,2025-04-22,Paid Search,CMP-0022,116.18
SPEND-000779,2025-04-22,Paid Search,CMP-0023,369.88
SPEND-000780,2025-04-22,Paid Social,CMP-0024,125.67
SPEND-000781,2025-04-22,Paid Social,CMP-0025,386.01
SPEND-000782,2025-04-22,Email,CMP-0026,119.82
SPEND-000783,2025-04-22,Affiliate,CMP-0027,205.21
SPEND-000784,2025-04-22,Display,CMP-0028,420.53
SPEND-000785,2025-04-23,Paid Search,CMP-0022,301.19
SPEND-000786,2025-04-23,Paid Search,CMP-0023,192.8
SPEND-000787,2025-04-23,Paid Social,CMP-0024,287.85
SPEND-000788,2025-04-23,Paid Social,CMP-0025,70.79
SPEND-000789,2025-04-23,Email,CMP-0026,102.46
SPEND-000790,2025-04-23,Affiliate,CMP-0027,210.86
SPEND-000791,2025-04-23,Display,CMP-0028,384.76
SPEND-000792,2025-04-24,Paid Search,CMP-0022,211.3
SPEND-000793,2025-04-24,Paid Search,CMP-0023,307.3
SPEND-000794,2025-04-24,Paid Social,CMP-0024,478.11
SPEND-000795,2025-04-24,Paid Social,CMP-0025,153.26
SPEND-000796,2025-04-24,Email,CMP-0026,96.47
SPEND-000797,2025-04-24,Affiliate,CMP-0027,212.44
SPEND-000798,2025-04-24,Display,CMP-0028,320.98
SPEND-000799,2025-04-25,Paid Search,CMP-0022,648.68
SPEND-000800,2025-04-25,Paid Search,CMP-0023,192.57
SPEND-000801,2025-04-25,Paid Social,CMP-0024,76.12
SPEND-000802,2025-04-25,Paid Social,CMP-0025,302.44
SPEND-000803,2025-04-25,Email,CMP-0026,97.78
SPEND-000804,2025-04-25,Affiliate,CMP-0027,265.56
SPEND-000805,2025-04-25,Display,CMP-0028,345.9
SPEND-000806,2025-04-26,Paid Search,CMP-0022,193.17
SPEND-000807,2025-04-26,Paid Search,CMP-0023,293.86
SPEND-000808,2025-04-26,Paid Social,CMP-0024,252.34
SPEND-000809,2025-04-26,Paid Social,CMP-0025,101.29
SPEND-000810,2025-04-26,Email,CMP-0026,70.67
SPEND-000811,2025-04-26,Affiliate,CMP-0027,138.87
SPEND-000812,2025-04-26,Display,CMP-0028,294.69
SPEND-000813,2025-04-27,Paid Search,CMP-0022,61.09
SPEND-000814,2025-04-27,Paid Search,CMP-0023,390.01
SPEND-000815,2025-04-27,Paid Social,CMP-0024,216.48
SPEND-000816,2025-04-27,Paid Social,CMP-0025,114.14
SPEND-000817,2025-04-27,Email,CMP-0026,84.49
SPEND-000818,2025-04-27,Affiliate,CMP-0027,140.15
SPEND-000819,2025-04-27,Display,CMP-0028,94.37
SPEND-000820,2025-04-28,Paid Search,CMP-0022,482.66
SPEND-000821,2025-04-28,Paid Search,CMP-0023,201.71
SPEND-000822,2025-04-28,Paid Social,CMP-0024,418.4
SPEND-000823,2025-04-28,Paid Social,CMP-0025,43.86
SPEND-000824,2025-04-28,Email,CMP-0026,103.62
SPEND-000825,2025-04-28,Affiliate,CMP-0027,257.28
SPEND-000826,2025-04-28,Display,CMP-0028,392.95
SPEND-000827,2025-04-29,Paid Search,CMP-0022,656.2
SPEND-000828,2025-04-29,Paid Search,CMP-0023,124.57
SPEND-000829,2025-04-29,Paid Social,CMP-0024,396.7
SPEND-000830,2025-04-29,Paid Social,CMP-0025,103.92
SPEND-000831,2025-04-29,Email,CMP-0026,124.44
SPEND-000832,2025-04-29,Affiliate,CMP-0027,328.23
SPEND-000833,2025-04-29,Display,CMP-0028,250.66
SPEND-000834,2025-04-30,Paid Search,CMP-0022,194.32
SPEND-000835,2025-04-30,Paid Search,CMP-0023,538.1
SPEND-000836,2025-04-30,Paid Social,CMP-0024,183.31
SPEND-000837,2025-04-30,Paid Social,CMP-0025,223.03
SPEND-000838,2025-04-30,Email,CMP-0026,51.71
SPEND-000839,2025-04-30,Affiliate,CMP-0027,298.26
SPEND-000840,2025-04-30,Display,CMP-0028,344.73
SPEND-000841,2025-05-01,Paid Search,CMP-0029,417.57
SPEND-000842,2025-05-01,Paid Search,CMP-0030,42.41
SPEND-000843,2025-05-01,Paid Social,CMP-0031,210.27
SPEND-000844,2025-05-01,Paid Social,CMP-0032,100.2
SPEND-000845,2025-05-01,Email,CMP-0033,77.09
SPEND-000846,2025-05-01,Affiliate,CMP-0034,208.96
SPEND-000847,2025-05-01,Display,CMP-0035,330.81
SPEND-000848,2025-05-02,Paid Search,CMP-0029,520.45
SPEND-000849,2025-05-02,Paid Search,CMP-0030,78.39
SPEND-000850,2025-05-02,Paid Social,CMP-0031,269.14
SPEND-000851,2025-05-02,Paid Social,CMP-0032,226.7
SPEND-000852,2025-05-02,Email,CMP-0033,111.59
SPEND-000853,2025-05-02,Affiliate,CMP-0034,235.66
SPEND-000854,2025-05-02,Display,CMP-0035,335.79
SPEND-000855,2025-05-03,Paid Search,CMP-0029,403.2
SPEND-000856,2025-05-03,Paid Search,CMP-0030,158.09
SPEND-000857,2025-05-03,Paid Social,CMP-0031,190.59
SPEND-000858,2025-05-03,Paid Social,CMP-0032,157.86
SPEND-000859,2025-05-03,Email,CMP-0033,37.81
SPEND-000860,2025-05-03,Affiliate,CMP-0034,206.01
SPEND-000861,2025-05-03,Display,CMP-0035,248.44
SPEND-000862,2025-05-04,Paid Search,CMP-0029,44.62
SPEND-000863,2025-05-04,Paid Search,CMP-0030,263.43
SPEND-000864,2025-05-04,Paid Social,CMP-0031,74.61
SPEND-000865,2025-05-04,Paid Social,CMP-0032,214.66
SPEND-000866,2025-05-04,Email,CMP-0033,65.49
SPEND-000867,2025-05-04,Affiliate,CMP-0034,304.95
SPEND-000868,2025-05-04,Display,CMP-0035,194.23
SPEND-000869,2025-05-05,Paid Search,CMP-0029,481.96
SPEND-000870,2025-05-05,Paid Search,CMP-0030,93.26
SPEND-000871,2025-05-05,Paid Social,CMP-0031,155.95
SPEND-000872,2025-05-05,Paid Social,CMP-0032,307.31
SPEND-000873,2025-05-05,Email,CMP-0033,106.92
SPEND-000874,2025-05-05,Affiliate,CMP-0034,334.05
SPEND-000875,2025-05-05,Display,CMP-0035,324.35
SPEND-000876,2025-05-06,Paid Search,CMP-0029,203.36
SPEND-000877,2025-05-06,Paid Search,CMP-0030,68.45
SPEND-000878,2025-05-06,Paid Social,CMP-0031,3.68
SPEND-000879,2025-05-06,Paid Social,CMP-0032,560.85
SPEND-000880,2025-05-06,Email,CMP-0033,89.49
SPEND-000881,2025-05-06,Affiliate,CMP-0034,237.26
SPEND-000882,2025-05-06,Display,CMP-0035,391.3
SPEND-000883,2025-05-07,Paid Search,CMP-0029,358.01
SPEND-000884,2025-05-07,Paid Search,CMP-0030,232.35
SPEND-000885,2025-05-07,Paid Social,CMP-0031,91.84
SPEND-000886,2025-05-07,Paid Social,CMP-0032,389.92
SPEND-000887,2025-05-07,Email,CMP-0033,92.2
SPEND-000888,2025-05-07,Affiliate,CMP-0034,202.75
SPEND-000889,2025-05-07,Display,CMP-0035,262.21
SPEND-000890,2025-05-08,Paid Search,CMP-0029,453.43
SPEND-000891,2025-05-08,Paid Search,CMP-0030,180.99
SPEND-000892,2025-05-08,Paid Social,CMP-0031,206.96
SPEND-000893,2025-05-08,Paid Social,CMP-0032,299.05
SPEND-000894,2025-05-08,Email,CMP-0033,91.18
SPEND-000895,2025-05-08,Affiliate,CMP-0034,285.52
SPEND-000896,2025-05-08,Display,CMP-0035,393.9
SPEND-000897,2025-05-09,Paid Search,CMP-0029,125.22
SPEND-000898,2025-05-09,Paid Search,CMP-0030,534.49
SPEND-000899,2025-05-09,Paid Social,CMP-0031,51.71
SPEND-000900,2025-05-09,Paid Social,CMP-0032,271.7
SPEND-000901,2025-05-09,Email,CMP-0033,50.16
SPEND-000902,2025-05-09,Affiliate,CMP-0034,216.73
SPEND-000903,2025-05-09,Display,CMP-0035,177.83
SPEND-000904,2025-05-10,Paid Search,CMP-0029,399.59
SPEND-000905,2025-05-10,Paid Search,CMP-0030,183.8
SPEND-000906,2025-05-10,Paid Social,CMP-0031,150.45
SPEND-000907,2025-05-10,Paid Social,CMP-0032,49.09
SPEND-000908,2025-05-10,Email,CMP-0033,66.71
SPEND-000909,2025-05-10,Affiliate,CMP-0034,115.17
SPEND-000910,2025-05-10,Display,CMP-0035,181.91
SPEND-000911,2025-05-11,Paid Search,CMP-0029,311.84
SPEND-000912,2025-05-11,Paid Search,CMP-0030,89.36
SPEND-000913,2025-05-11,Paid Social,CMP-0031,94.66
SPEND-000914,2025-05-11,Paid Social,CMP-0032,302.97
SPEND-000915,2025-05-11,Email,CMP-0033,86.53
SPEND-000916,2025-05-11,Affiliate,CMP-0034,197.92
SPEND-000917,2025-05-11,Display,CMP-0035,308.67
SPEND-000918,2025-05-12,Paid Search,CMP-0029,239.66
SPEND-000919,2025-05-12,Paid Search,CMP-0030,285.07
SPEND-000920,2025-05-12,Paid Social,CMP-0031,64.9
SPEND-000921,2025-05-12,Paid Social,CMP-0032,329.42
SPEND-000922,2025-05-12,Email,CMP-0033,86.18
SPEND-000923,2025-05-12,Affiliate,CMP-0034,266.05
SPEND-000924,2025-05-12,Display,CMP-0035,498.38
SPEND-000925,2025-05-13,Paid Search,CMP-0029,301.34
SPEND-000926,2025-05-13,Paid Search,CMP-0030,299.2
SPEND-000927,2025-05-13,Paid Social,CMP-0031,103.45
SPEND-000928,2025-05-13,Paid Social,CMP-0032,309.89
SPEND-000929,2025-05-13,Email,CMP-0033,109.55
SPEND-000930,2025-05-13,Affiliate,CMP-0034,307.01
SPEND-000931,2025-05-13,Display,CMP-0035,304.37
SPEND-000932,2025-05-14,Paid Search,CMP-0029,347.46
SPEND-000933,2025-05-14,Paid Search,CMP-0030,138.66
SPEND-000934,2025-05-14,Paid Social,CMP-0031,379.96
SPEND-000935,2025-05-14,Paid Social,CMP-0032,63.83
SPEND-000936,2025-05-14,Email,CMP-0033,97.55
SPEND-000937,2025-05-14,Affiliate,CMP-0034,280.42
SPEND-000938,2025-05-14,Display,CMP-0035,254.02
SPEND-000939,2025-05-15,Paid Search,CMP-0029,94.7
SPEND-000940,2025-05-15,Paid Search,CMP-0030,409.5
SPEND-000941,2025-05-15,Paid Social,CMP-0031,106.44
SPEND-000942,2025-05-15,Paid Social,CMP-0032,392.0
SPEND-000943,2025-05-15,Email,CMP-0033,99.46
SPEND-000944,2025-05-15,Affiliate,CMP-0034,249.09
SPEND-000945,2025-05-15,Display,CMP-0035,284.58
SPEND-000946,2025-05-16,Paid Search,CMP-0029,546.36
SPEND-000947,2025-05-16,Paid Search,CMP-0030,201.94
SPEND-000948,2025-05-16,Paid Social,CMP-0031,184.14
SPEND-000949,2025-05-16,Paid Social,CMP-0032,316.98
SPEND-000950,2025-05-16,Email,CMP-0033,58.88
SPEND-000951,2025-05-16,Affiliate,CMP-0034,254.72
SPEND-000952,2025-05-16,Display,CMP-0035,452.19
SPEND-000953,2025-05-17,Paid Search,CMP-0029,38.78
SPEND-000954,2025-05-17,Paid Search,CMP-0030,336.47
SPEND-000955,2025-05-17,Paid Social,CMP-0031,287.15
SPEND-000956,2025-05-17,Paid Social,CMP-0032,113.68
SPEND-000957,2025-05-17,Email,CMP-0033,64.42
SPEND-000958,2025-05-17,Affiliate,CMP-0034,114.95
SPEND-000959,2025-05-17,Display,CMP-0035,253.6
SPEND-000960,2025-05-18,Paid Search,CMP-0029,12.67
SPEND-000961,2025-05-18,Paid Search,CMP-0030,231.21
SPEND-000962,2025-05-18,Paid Social,CMP-0031,94.72
SPEND-000963,2025-05-18,Paid Social,CMP-0032,221.06
SPEND-000964,2025-05-18,Email,CMP-0033,89.14
SPEND-000965,2025-05-18,Affiliate,CMP-0034,264.37
SPEND-000966,2025-05-18,Display,CMP-0035,248.47
SPEND-000967,2025-05-19,Paid Search,CMP-0029,408.34
SPEND-000968,2025-05-19,Paid Search,CMP-0030,342.17
SPEND-000969,2025-05-19,Paid Social,CMP-0031,153.86
SPEND-000970,2025-05-19,Paid Social,CMP-0032,393.39
SPEND-000971,2025-05-19,Email,CMP-0033,106.24
SPEND-000972,2025-05-19,Affiliate,CMP-0034,235.42
SPEND-000973,2025-05-19,Display,CMP-0035,226.91
SPEND-000974,2025-05-20,Paid Search,CMP-0029,152.9
SPEND-000975,2025-05-20,Paid Search,CMP-0030,609.09
SPEND-000976,2025-05-20,Paid Social,CMP-0031,100.11
SPEND-000977,2025-05-20,Paid Social,CMP-0032,311.6
SPEND-000978,2025-05-20,Email,CMP-0033,124.52
SPEND-000979,2025-05-20,Affiliate,CMP-0034,185.55
SPEND-000980,2025-05-20,Display,CMP-0035,310.99
SPEND-000981,2025-05-21,Paid Search,CMP-0029,100.43
SPEND-000982,2025-05-21,Paid Search,CMP-0030,306.25
SPEND-000983,2025-05-21,Paid Social,CMP-0031,423.2
SPEND-000984,2025-05-21,Paid Social,CMP-0032,77.68
SPEND-000985,2025-05-21,Email,CMP-0033,113.89
SPEND-000986,2025-05-21,Affiliate,CMP-0034,299.59
SPEND-000987,2025-05-21,Display,CMP-0035,311.49
SPEND-000988,2025-05-22,Paid Search,CMP-0029,205.7
SPEND-000989,2025-05-22,Paid Search,CMP-0030,85.7
SPEND-000990,2025-05-22,Paid Social,CMP-0031,321.29
SPEND-000991,2025-05-22,Paid Social,CMP-0032,189.91
SPEND-000992,2025-05-22,Email,CMP-0033,75.07
SPEND-000993,2025-05-22,Affiliate,CMP-0034,316.43
SPEND-000994,2025-05-22,Display,CMP-0035,469.44
SPEND-000995,2025-05-23,Paid Search,CMP-0029,459.1
SPEND-000996,2025-05-23,Paid Search,CMP-0030,179.6
SPEND-000997,2025-05-23,Paid Social,CMP-0031,17.68
SPEND-000998,2025-05-23,Paid Social,CMP-0032,304.9
SPEND-000999,2025-05-23,Email,CMP-0033,99.47
SPEND-001000,2025-05-23,Affiliate,CMP-0034,261.2
SPEND-001001,2025-05-23,Display,CMP-0035,383.95
SPEND-001002,2025-05-24,Paid Search,CMP-0029,208.47
SPEND-001003,2025-05-24,Paid Search,CMP-0030,116.81
SPEND-001004,2025-05-24,Paid Social,CMP-0031,357.77
SPEND-001005,2025-05-24,Paid Social,CMP-0032,8.18
SPEND-001006,2025-05-24,Email,CMP-0033,75.75
SPEND-001007,2025-05-24,Affiliate,CMP-0034,209.35
SPEND-001008,2025-05-24,Display,CMP-0035,283.69
SPEND-001009,2025-05-25,Paid Search,CMP-0029,10.58
SPEND-001010,2025-05-25,Paid Search,CMP-0030,371.53
SPEND-001011,2025-05-25,Paid Social,CMP-0031,218.62
SPEND-001012,2025-05-25,Paid Social,CMP-0032,120.68
SPEND-001013,2025-05-25,Email,CMP-0033,69.77
SPEND-001014,2025-05-25,Affiliate,CMP-0034,119.73
SPEND-001015,2025-05-25,Display,CMP-0035,207.52
SPEND-001016,2025-05-26,Paid Search,CMP-0029,286.96
SPEND-001017,2025-05-26,Paid Search,CMP-0030,327.69
SPEND-001018,2025-05-26,Paid Social,CMP-0031,177.37
SPEND-001019,2025-05-26,Paid Social,CMP-0032,336.11
SPEND-001020,2025-05-26,Email,CMP-0033,85.56
SPEND-001021,2025-05-26,Affiliate,CMP-0034,298.73
SPEND-001022,2025-05-26,Display,CMP-0035,270.19
SPEND-001023,2025-05-27,Paid Search,CMP-0029,459.95
SPEND-001024,2025-05-27,Paid Search,CMP-0030,132.2
SPEND-001025,2025-05-27,Paid Social,CMP-0031,184.84
SPEND-001026,2025-05-27,Paid Social,CMP-0032,74.28
SPEND-001027,2025-05-27,Email,CMP-0033,89.66
SPEND-001028,2025-05-27,Affiliate,CMP-0034,358.9
SPEND-001029,2025-05-27,Display,CMP-0035,464.55
SPEND-001030,2025-05-28,Paid Search,CMP-0029,319.17
SPEND-001031,2025-05-28,Paid Search,CMP-0030,156.77
SPEND-001032,2025-05-28,Paid Social,CMP-0031,264.56
SPEND-001033,2025-05-28,Paid Social,CMP-0032,200.34
SPEND-001034,2025-05-28,Email,CMP-0033,106.97
SPEND-001035,2025-05-28,Affiliate,CMP-0034,233.13
SPEND-001036,2025-05-28,Display,CMP-0035,350.04
SPEND-001037,2025-05-29,Paid Search,CMP-0029,438.41
SPEND-001038,2025-05-29,Paid Search,CMP-0030,120.13
SPEND-001039,2025-05-29,Paid Social,CMP-0031,7.41
SPEND-001040,2025-05-29,Paid Social,CMP-0032,419.16
SPEND-001041,2025-05-29,Email,CMP-0033,91.8
SPEND-001042,2025-05-29,Affiliate,CMP-0034,318.08
SPEND-001043,2025-05-29,Display,CMP-0035,426.75
SPEND-001044,2025-05-30,Paid Search,CMP-0029,359.72
SPEND-001045,2025-05-30,Paid Search,CMP-0030,265.72
SPEND-001046,2025-05-30,Paid Social,CMP-0031,275.67
SPEND-001047,2025-05-30,Paid Social,CMP-0032,80.56
SPEND-001048,2025-05-30,Email,CMP-0033,90.2
SPEND-001049,2025-05-30,Affiliate,CMP-0034,195.71
SPEND-001050,2025-05-30,Display,CMP-0035,517.31
SPEND-001051,2025-05-31,Paid Search,CMP-0029,328.04
SPEND-001052,2025-05-31,Paid Search,CMP-0030,147.73
SPEND-001053,2025-05-31,Paid Social,CMP-0031,30.53
SPEND-001054,2025-05-31,Paid Social,CMP-0032,488.08
SPEND-001055,2025-05-31,Email,CMP-0033,80.65
SPEND-001056,2025-05-31,Affiliate,CMP-0034,194.64
SPEND-001057,2025-05-31,Display,CMP-0035,210.19
SPEND-001058,2025-06-01,Paid Search,CMP-0036,236.16
SPEND-001059,2025-06-01,Paid Search,CMP-0037,327.52
SPEND-001060,2025-06-01,Paid Social,CMP-0038,279.41
SPEND-001061,2025-06-01,Paid Social,CMP-0039,160.89
SPEND-001062,2025-06-01,Email,CMP-0040,104.32
SPEND-001063,2025-06-01,Affiliate,CMP-0041,146.93
SPEND-001064,2025-06-01,Display,CMP-0042,312.3
SPEND-001065,2025-06-02,Paid Search,CMP-0036,195.68
SPEND-001066,2025-06-02,Paid Search,CMP-0037,425.51
SPEND-001067,2025-06-02,Paid Social,CMP-0038,216.22
SPEND-001068,2025-06-02,Paid Social,CMP-0039,263.78
SPEND-001069,2025-06-02,Email,CMP-0040,90.26
SPEND-001070,2025-06-02,Affiliate,CMP-0041,179.85
SPEND-001071,2025-06-02,Display,CMP-0042,377.33
SPEND-001072,2025-06-03,Paid Search,CMP-0036,150.29
SPEND-001073,2025-06-03,Paid Search,CMP-0037,560.75
SPEND-001074,2025-06-03,Paid Social,CMP-0038,101.41
SPEND-001075,2025-06-03,Paid Social,CMP-0039,262.24
SPEND-001076,2025-06-03,Email,CMP-0040,108.61
SPEND-001077,2025-06-03,Affiliate,CMP-0041,112.54
SPEND-001078,2025-06-03,Display,CMP-0042,308.36
SPEND-001079,2025-06-04,Paid Search,CMP-0036,417.59
SPEND-001080,2025-06-04,Paid Search,CMP-0037,126.06
SPEND-001081,2025-06-04,Paid Social,CMP-0038,30.43
SPEND-001082,2025-06-04,Paid Social,CMP-0039,543.73
SPEND-001083,2025-06-04,Email,CMP-0040,56.05
SPEND-001084,2025-06-04,Affiliate,CMP-0041,203.65
SPEND-001085,2025-06-04,Display,CMP-0042,376.1
SPEND-001086,2025-06-05,Paid Search,CMP-0036,207.61
SPEND-001087,2025-06-05,Paid Search,CMP-0037,333.91
SPEND-001088,2025-06-05,Paid Social,CMP-0038,421.02
SPEND-001089,2025-06-05,Paid Social,CMP-0039,78.01
SPEND-001090,2025-06-05,Email,CMP-0040,89.69
SPEND-001091,2025-06-05,Affiliate,CMP-0041,262.68
SPEND-001092,2025-06-05,Display,CMP-0042,438.63
SPEND-001093,2025-06-06,Paid Search,CMP-0036,216.31
SPEND-001094,2025-06-06,Paid Search,CMP-0037,396.13
SPEND-001095,2025-06-06,Paid Social,CMP-0038,391.29
SPEND-001096,2025-06-06,Paid Social,CMP-0039,37.35
SPEND-001097,2025-06-06,Email,CMP-0040,98.22
SPEND-001098,2025-06-06,Affiliate,CMP-0041,360.29
SPEND-001099,2025-06-06,Display,CMP-0042,372.21
SPEND-001100,2025-06-07,Paid Search,CMP-0036,162.86
SPEND-001101,2025-06-07,Paid Search,CMP-0037,299.27
SPEND-001102,2025-06-07,Paid Social,CMP-0038,124.8
SPEND-001103,2025-06-07,Paid Social,CMP-0039,342.67
SPEND-001104,2025-06-07,Email,CMP-0040,89.84
SPEND-001105,2025-06-07,Affiliate,CMP-0041,190.76
SPEND-001106,2025-06-07,Display,CMP-0042,214.79
SPEND-001107,2025-06-08,Paid Search,CMP-0036,177.65
SPEND-001108,2025-06-08,Paid Search,CMP-0037,129.29
SPEND-001109,2025-06-08,Paid Social,CMP-0038,16.64
SPEND-001110,2025-06-08,Paid Social,CMP-0039,278.76
SPEND-001111,2025-06-08,Email,CMP-0040,90.0
SPEND-001112,2025-06-08,Affiliate,CMP-0041,167.0
SPEND-001113,2025-06-08,Display,CMP-0042,257.46
SPEND-001114,2025-06-09,Paid Search,CMP-0036,183.86
SPEND-001115,2025-06-09,Paid Search,CMP-0037,458.62
SPEND-001116,2025-06-09,Paid Social,CMP-0038,286.26
SPEND-001117,2025-06-09,Paid Social,CMP-0039,179.67
SPEND-001118,2025-06-09,Email,CMP-0040,85.33
SPEND-001119,2025-06-09,Affiliate,CMP-0041,278.25
SPEND-001120,2025-06-09,Display,CMP-0042,371.25
SPEND-001121,2025-06-10,Paid Search,CMP-0036,366.04
SPEND-001122,2025-06-10,Paid Search,CMP-0037,203.68
SPEND-001123,2025-06-10,Paid Social,CMP-0038,60.12
SPEND-001124,2025-06-10,Paid Social,CMP-0039,448.52
SPEND-001125,2025-06-10,Email,CMP-0040,113.5
SPEND-001126,2025-06-10,Affiliate,CMP-0041,237.25
SPEND-001127,2025-06-10,Display,CMP-0042,395.13
SPEND-001128,2025-06-11,Paid Search,CMP-0036,542.34
SPEND-001129,2025-06-11,Paid Search,CMP-0037,105.09
SPEND-001130,2025-06-11,Paid Social,CMP-0038,456.08
SPEND-001131,2025-06-11,Paid Social,CMP-0039,35.77
SPEND-001132,2025-06-11,Email,CMP-0040,115.01
SPEND-001133,2025-06-11,Affiliate,CMP-0041,203.99
SPEND-001134,2025-06-11,Display,CMP-0042,427.9
SPEND-001135,2025-06-12,Paid Search,CMP-0036,431.5
SPEND-001136,2025-06-12,Paid Search,CMP-0037,320.23
SPEND-001137,2025-06-12,Paid Social,CMP-0038,296.49
SPEND-001138,2025-06-12,Paid Social,CMP-0039,19.13
SPEND-001139,2025-06-12,Email,CMP-0040,112.01
SPEND-001140,2025-06-12,Affiliate,CMP-0041,299.3
SPEND-001141,2025-06-12,Display,CMP-0042,279.29
SPEND-001142,2025-06-13,Paid Search,CMP-0036,258.04
SPEND-001143,2025-06-13,Paid Search,CMP-0037,249.46
SPEND-001144,2025-06-13,Paid Social,CMP-0038,60.01
SPEND-001145,2025-06-13,Paid Social,CMP-0039,526.9
SPEND-001146,2025-06-13,Email,CMP-0040,112.79
SPEND-001147,2025-06-13,Affiliate,CMP-0041,247.55
SPEND-001148,2025-06-13,Display,CMP-0042,311.04
SPEND-001149,2025-06-14,Paid Search,CMP-0036,353.25
SPEND-001150,2025-06-14,Paid Search,CMP-0037,8.85
SPEND-001151,2025-06-14,Paid Social,CMP-0038,216.27
SPEND-001152,2025-06-14,Paid Social,CMP-0039,118.49
SPEND-001153,2025-06-14,Email,CMP-0040,64.22
SPEND-001154,2025-06-14,Affiliate,CMP-0041,242.73
SPEND-001155,2025-06-14,Display,CMP-0042,376.93
SPEND-001156,2025-06-15,Paid Search,CMP-0036,236.83
SPEND-001157,2025-06-15,Paid Search,CMP-0037,245.21
SPEND-001158,2025-06-15,Paid Social,CMP-0038,275.61
SPEND-001159,2025-06-15,Paid Social,CMP-0039,63.26
SPEND-001160,2025-06-15,Email,CMP-0040,67.98
SPEND-001161,2025-06-15,Affiliate,CMP-0041,202.93
SPEND-001162,2025-06-15,Display,CMP-0042,215.09
SPEND-001163,2025-06-16,Paid Search,CMP-0036,326.35
SPEND-001164,2025-06-16,Paid Search,CMP-0037,211.02
SPEND-001165,2025-06-16,Paid Social,CMP-0038,229.65
SPEND-001166,2025-06-16,Paid Social,CMP-0039,324.53
SPEND-001167,2025-06-16,Email,CMP-0040,94.13
SPEND-001168,2025-06-16,Affiliate,CMP-0041,251.94
SPEND-001169,2025-06-16,Display,CMP-0042,266.14
SPEND-001170,2025-06-17,Paid Search,CMP-0036,89.81
SPEND-001171,2025-06-17,Paid Search,CMP-0037,525.96
SPEND-001172,2025-06-17,Paid Social,CMP-0038,509.13
SPEND-001173,2025-06-17,Paid Social,CMP-0039,122.93
SPEND-001174,2025-06-17,Email,CMP-0040,72.67
SPEND-001175,2025-06-17,Affiliate,CMP-0041,252.99
SPEND-001176,2025-06-17,Display,CMP-0042,388.56
SPEND-001177,2025-06-18,Paid Search,CMP-0036,664.14
SPEND-001178,2025-06-18,Paid Search,CMP-0037,44.59
SPEND-001179,2025-06-18,Paid Social,CMP-0038,15.03
SPEND-001180,2025-06-18,Paid Social,CMP-0039,431.26
SPEND-001181,2025-06-18,Email,CMP-0040,135.46
SPEND-001182,2025-06-18,Affiliate,CMP-0041,316.67
SPEND-001183,2025-06-18,Display,CMP-0042,352.31
SPEND-001184,2025-06-19,Paid Search,CMP-0036,249.49
SPEND-001185,2025-06-19,Paid Search,CMP-0037,371.84
SPEND-001186,2025-06-19,Paid Social,CMP-0038,271.49
SPEND-001187,2025-06-19,Paid Social,CMP-0039,20.88
SPEND-001188,2025-06-19,Email,CMP-0040,118.17
SPEND-001189,2025-06-19,Affiliate,CMP-0041,208.43
SPEND-001190,2025-06-19,Display,CMP-0042,356.26
SPEND-001191,2025-06-20,Paid Search,CMP-0036,620.89
SPEND-001192,2025-06-20,Paid Search,CMP-0037,115.22
SPEND-001193,2025-06-20,Paid Social,CMP-0038,388.13
SPEND-001194,2025-06-20,Paid Social,CMP-0039,106.94
SPEND-001195,2025-06-20,Email,CMP-0040,128.04
SPEND-001196,2025-06-20,Affiliate,CMP-0041,257.21
SPEND-001197,2025-06-20,Display,CMP-0042,249.43
SPEND-001198,2025-06-21,Paid Search,CMP-0036,179.93
SPEND-001199,2025-06-21,Paid Search,CMP-0037,443.29
SPEND-001200,2025-06-21,Paid Social,CMP-0038,229.42
SPEND-001201,2025-06-21,Paid Social,CMP-0039,114.84
SPEND-001202,2025-06-21,Email,CMP-0040,75.39
SPEND-001203,2025-06-21,Affiliate,CMP-0041,145.62
SPEND-001204,2025-06-21,Display,CMP-0042,225.29
SPEND-001205,2025-06-22,Paid Search,CMP-0036,455.93
SPEND-001206,2025-06-22,Paid Search,CMP-0037,109.25
SPEND-001207,2025-06-22,Paid Social,CMP-0038,38.44
SPEND-001208,2025-06-22,Paid Social,CMP-0039,304.67
SPEND-001209,2025-06-22,Email,CMP-0040,93.21
SPEND-001210,2025-06-22,Affiliate,CMP-0041,182.78
SPEND-001211,2025-06-22,Display,CMP-0042,207.59
SPEND-001212,2025-06-23,Paid Search,CMP-0036,597.78
SPEND-001213,2025-06-23,Paid Search,CMP-0037,78.32
SPEND-001214,2025-06-23,Paid Social,CMP-0038,262.1
SPEND-001215,2025-06-23,Paid Social,CMP-0039,67.49
SPEND-001216,2025-06-23,Email,CMP-0040,66.22
SPEND-001217,2025-06-23,Affiliate,CMP-0041,336.28
SPEND-001218,2025-06-23,Display,CMP-0042,347.38
SPEND-001219,2025-06-24,Paid Search,CMP-0036,405.46
SPEND-001220,2025-06-24,Paid Search,CMP-0037,275.89
SPEND-001221,2025-06-24,Paid Social,CMP-0038,601.44
SPEND-001222,2025-06-24,Paid Social,CMP-0039,48.97
SPEND-001223,2025-06-24,Email,CMP-0040,106.35
SPEND-001224,2025-06-24,Affiliate,CMP-0041,372.56
SPEND-001225,2025-06-24,Display,CMP-0042,386.07
SPEND-001226,2025-06-25,Paid Search,CMP-0036,162.49
SPEND-001227,2025-06-25,Paid Search,CMP-0037,545.9
SPEND-001228,2025-06-25,Paid Social,CMP-0038,547.73
SPEND-001229,2025-06-25,Paid Social,CMP-0039,222.85
SPEND-001230,2025-06-25,Email,CMP-0040,103.59
SPEND-001231,2025-06-25,Affiliate,CMP-0041,252.6
SPEND-001232,2025-06-25,Display,CMP-0042,325.87
SPEND-001233,2025-06-26,Paid Search,CMP-0036,455.15
SPEND-001234,2025-06-26,Paid Search,CMP-0037,78.7
SPEND-001235,2025-06-26,Paid Social,CMP-0038,204.16
SPEND-001236,2025-06-26,Paid Social,CMP-0039,326.43
SPEND-001237,2025-06-26,Email,CMP-0040,83.36
SPEND-001238,2025-06-26,Affiliate,CMP-0041,307.18
SPEND-001239,2025-06-26,Display,CMP-0042,267.03
SPEND-001240,2025-06-27,Paid Search,CMP-0036,126.87
SPEND-001241,2025-06-27,Paid Search,CMP-0037,692.96
SPEND-001242,2025-06-27,Paid Social,CMP-0038,64.7
SPEND-001243,2025-06-27,Paid Social,CMP-0039,308.81
SPEND-001244,2025-06-27,Email,CMP-0040,77.04
SPEND-001245,2025-06-27,Affiliate,CMP-0041,232.27
SPEND-001246,2025-06-27,Display,CMP-0042,350.27
SPEND-001247,2025-06-28,Paid Search,CMP-0036,286.74
SPEND-001248,2025-06-28,Paid Search,CMP-0037,152.54
SPEND-001249,2025-06-28,Paid Social,CMP-0038,118.12
SPEND-001250,2025-06-28,Paid Social,CMP-0039,293.78
SPEND-001251,2025-06-28,Email,CMP-0040,100.1
SPEND-001252,2025-06-28,Affiliate,CMP-0041,154.89
SPEND-001253,2025-06-28,Display,CMP-0042,191.46
SPEND-001254,2025-06-29,Paid Search,CMP-0036,106.39
SPEND-001255,2025-06-29,Paid Search,CMP-0037,277.36
SPEND-001256,2025-06-29,Paid Social,CMP-0038,38.9
SPEND-001257,2025-06-29,Paid Social,CMP-0039,378.6
SPEND-001258,2025-06-29,Email,CMP-0040,77.6
SPEND-001259,2025-06-29,Affiliate,CMP-0041,94.09
SPEND-001260,2025-06-29,Display,CMP-0042,127.13
SPEND-001261,2025-06-30,Paid Search,CMP-0036,13.53
SPEND-001262,2025-06-30,Paid Search,CMP-0037,563.2
SPEND-001263,2025-06-30,Paid Social,CMP-0038,218.55
SPEND-001264,2025-06-30,Paid Social,CMP-0039,412.23
SPEND-001265,2025-06-30,Email,CMP-0040,127.56
SPEND-001266,2025-06-30,Affiliate,CMP-0041,294.33
SPEND-001267,2025-06-30,Display,CMP-0042,303.23
SPEND-001268,2025-07-01,Paid Search,CMP-0043,510.29
SPEND-001269,2025-07-01,Paid Search,CMP-0044,82.13
SPEND-001270,2025-07-01,Paid Social,CMP-0045,238.59
SPEND-001271,2025-07-01,Paid Social,CMP-0046,259.94
SPEND-001272,2025-07-01,Email,CMP-0047,86.85
SPEND-001273,2025-07-01,Affiliate,CMP-0048,235.76
SPEND-001274,2025-07-01,Display,CMP-0049,291.4
SPEND-001275,2025-07-02,Paid Search,CMP-0043,518.63
SPEND-001276,2025-07-02,Paid Search,CMP-0044,9.02
SPEND-001277,2025-07-02,Paid Social,CMP-0045,66.75
SPEND-001278,2025-07-02,Paid Social,CMP-0046,416.35
SPEND-001279,2025-07-02,Email,CMP-0047,84.13
SPEND-001280,2025-07-02,Affiliate,CMP-0048,338.49
SPEND-001281,2025-07-02,Display,CMP-0049,426.06
SPEND-001282,2025-07-03,Paid Search,CMP-0043,540.57
SPEND-001283,2025-07-03,Paid Search,CMP-0044,196.84
SPEND-001284,2025-07-03,Paid Social,CMP-0045,135.79
SPEND-001285,2025-07-03,Paid Social,CMP-0046,300.96
SPEND-001286,2025-07-03,Email,CMP-0047,103.12
SPEND-001287,2025-07-03,Affiliate,CMP-0048,190.98
SPEND-001288,2025-07-03,Display,CMP-0049,384.0
SPEND-001289,2025-07-04,Paid Search,CMP-0043,499.9
SPEND-001290,2025-07-04,Paid Search,CMP-0044,52.88
SPEND-001291,2025-07-04,Paid Social,CMP-0045,431.26
SPEND-001292,2025-07-04,Paid Social,CMP-0046,80.4
SPEND-001293,2025-07-04,Email,CMP-0047,83.92
SPEND-001294,2025-07-04,Affiliate,CMP-0048,244.32
SPEND-001295,2025-07-04,Display,CMP-0049,329.03
SPEND-001296,2025-07-05,Paid Search,CMP-0043,340.21
SPEND-001297,2025-07-05,Paid Search,CMP-0044,273.71
SPEND-001298,2025-07-05,Paid Social,CMP-0045,22.25
SPEND-001299,2025-07-05,Paid Social,CMP-0046,364.25
SPEND-001300,2025-07-05,Email,CMP-0047,76.73
SPEND-001301,2025-07-05,Affiliate,CMP-0048,91.13
SPEND-001302,2025-07-05,Display,CMP-0049,344.18
SPEND-001303,2025-07-06,Paid Search,CMP-0043,68.29
SPEND-001304,2025-07-06,Paid Search,CMP-0044,236.31
SPEND-001305,2025-07-06,Paid Social,CMP-0045,237.24
SPEND-001306,2025-07-06,Paid Social,CMP-0046,12.9
SPEND-001307,2025-07-06,Email,CMP-0047,73.35
SPEND-001308,2025-07-06,Affiliate,CMP-0048,193.73
SPEND-001309,2025-07-06,Display,CMP-0049,318.8
SPEND-001310,2025-07-07,Paid Search,CMP-0043,72.28
SPEND-001311,2025-07-07,Paid Search,CMP-0044,675.52
SPEND-001312,2025-07-07,Paid Social,CMP-0045,258.25
SPEND-001313,2025-07-07,Paid Social,CMP-0046,186.09
SPEND-001314,2025-07-07,Email,CMP-0047,113.28
SPEND-001315,2025-07-07,Affiliate,CMP-0048,302.98
SPEND-001316,2025-07-07,Display,CMP-0049,374.51
SPEND-001317,2025-07-08,Paid Search,CMP-0043,209.19
SPEND-001318,2025-07-08,Paid Search,CMP-0044,167.79
SPEND-001319,2025-07-08,Paid Social,CMP-0045,520.22
SPEND-001320,2025-07-08,Paid Social,CMP-0046,26.6
SPEND-001321,2025-07-08,Email,CMP-0047,81.94
SPEND-001322,2025-07-08,Affiliate,CMP-0048,186.78
SPEND-001323,2025-07-08,Display,CMP-0049,379.17
SPEND-001324,2025-07-09,Paid Search,CMP-0043,165.82
SPEND-001325,2025-07-09,Paid Search,CMP-0044,467.88
SPEND-001326,2025-07-09,Paid Social,CMP-0045,359.41
SPEND-001327,2025-07-09,Paid Social,CMP-0046,15.86
SPEND-001328,2025-07-09,Email,CMP-0047,106.25
SPEND-001329,2025-07-09,Affiliate,CMP-0048,300.71
SPEND-001330,2025-07-09,Display,CMP-0049,429.52
SPEND-001331,2025-07-10,Paid Search,CMP-0043,429.74
SPEND-001332,2025-07-10,Paid Search,CMP-0044,330.91
SPEND-001333,2025-07-10,Paid Social,CMP-0045,391.48
SPEND-001334,2025-07-10,Paid Social,CMP-0046,232.11
SPEND-001335,2025-07-10,Email,CMP-0047,151.13
SPEND-001336,2025-07-10,Affiliate,CMP-0048,336.0
SPEND-001337,2025-07-10,Display,CMP-0049,418.16
SPEND-001338,2025-07-11,Paid Search,CMP-0043,363.85
SPEND-001339,2025-07-11,Paid Search,CMP-0044,180.15
SPEND-001340,2025-07-11,Paid Social,CMP-0045,335.13
SPEND-001341,2025-07-11,Paid Social,CMP-0046,247.57
SPEND-001342,2025-07-11,Email,CMP-0047,124.13
SPEND-001343,2025-07-11,Affiliate,CMP-0048,305.62
SPEND-001344,2025-07-11,Display,CMP-0049,248.47
SPEND-001345,2025-07-12,Paid Search,CMP-0043,193.81
SPEND-001346,2025-07-12,Paid Search,CMP-0044,319.89
SPEND-001347,2025-07-12,Paid Social,CMP-0045,77.22
SPEND-001348,2025-07-12,Paid Social,CMP-0046,199.89
SPEND-001349,2025-07-12,Email,CMP-0047,44.24
SPEND-001350,2025-07-12,Affiliate,CMP-0048,111.79
SPEND-001351,2025-07-12,Display,CMP-0049,167.01
SPEND-001352,2025-07-13,Paid Search,CMP-0043,126.89
SPEND-001353,2025-07-13,Paid Search,CMP-0044,335.39
SPEND-001354,2025-07-13,Paid Social,CMP-0045,243.13
SPEND-001355,2025-07-13,Paid Social,CMP-0046,132.47
SPEND-001356,2025-07-13,Email,CMP-0047,74.46
SPEND-001357,2025-07-13,Affiliate,CMP-0048,206.81
SPEND-001358,2025-07-13,Display,CMP-0049,226.79
SPEND-001359,2025-07-14,Paid Search,CMP-0043,129.38
SPEND-001360,2025-07-14,Paid Search,CMP-0044,495.91
SPEND-001361,2025-07-14,Paid Social,CMP-0045,257.19
SPEND-001362,2025-07-14,Paid Social,CMP-0046,59.13
SPEND-001363,2025-07-14,Email,CMP-0047,78.64
SPEND-001364,2025-07-14,Affiliate,CMP-0048,249.81
SPEND-001365,2025-07-14,Display,CMP-0049,376.62
SPEND-001366,2025-07-15,Paid Search,CMP-0043,556.77
SPEND-001367,2025-07-15,Paid Search,CMP-0044,59.25
SPEND-001368,2025-07-15,Paid Social,CMP-0045,91.36
SPEND-001369,2025-07-15,Paid Social,CMP-0046,386.69
SPEND-001370,2025-07-15,Email,CMP-0047,122.6
SPEND-001371,2025-07-15,Affiliate,CMP-0048,251.57
SPEND-001372,2025-07-15,Display,CMP-0049,423.41
SPEND-001373,2025-07-16,Paid Search,CMP-0043,90.84
SPEND-001374,2025-07-16,Paid Search,CMP-0044,197.59
SPEND-001375,2025-07-16,Paid Social,CMP-0045,329.01
SPEND-001376,2025-07-16,Paid Social,CMP-0046,219.25
SPEND-001377,2025-07-16,Email,CMP-0047,118.76
SPEND-001378,2025-07-16,Affiliate,CMP-0048,175.54
SPEND-001379,2025-07-16,Display,CMP-0049,328.75
SPEND-001380,2025-07-17,Paid Search,CMP-0043,157.13
SPEND-001381,2025-07-17,Paid Search,CMP-0044,257.28
SPEND-001382,2025-07-17,Paid Social,CMP-0045,172.08
SPEND-001383,2025-07-17,Paid Social,CMP-0046,290.38
SPEND-001384,2025-07-17,Email,CMP-0047,130.51
SPEND-001385,2025-07-17,Affiliate,CMP-0048,332.4
SPEND-001386,2025-07-17,Display,CMP-0049,390.3
SPEND-001387,2025-07-18,Paid Search,CMP-0043,317.65
SPEND-001388,2025-07-18,Paid Search,CMP-0044,344.78
SPEND-001389,2025-07-18,Paid Social,CMP-0045,552.84
SPEND-001390,2025-07-18,Paid Social,CMP-0046,115.92
SPEND-001391,2025-07-18,Email,CMP-0047,80.14
SPEND-001392,2025-07-18,Affiliate,CMP-0048,342.32
SPEND-001393,2025-07-18,Display,CMP-0049,412.13
SPEND-001394,2025-07-19,Paid Search,CMP-0043,78.67
SPEND-001395,2025-07-19,Paid Search,CMP-0044,201.98
SPEND-001396,2025-07-19,Paid Social,CMP-0045,467.32
SPEND-001397,2025-07-19,Paid Social,CMP-0046,2.69
SPEND-001398,2025-07-19,Email,CMP-0047,79.28
SPEND-001399,2025-07-19,Affiliate,CMP-0048,186.79
SPEND-001400,2025-07-19,Display,CMP-0049,333.06
SPEND-001401,2025-07-20,Paid Search,CMP-0043,262.49
SPEND-001402,2025-07-20,Paid Search,CMP-0044,121.16
SPEND-001403,2025-07-20,Paid Social,CMP-0045,47.06
SPEND-001404,2025-07-20,Paid Social,CMP-0046,335.48
SPEND-001405,2025-07-20,Email,CMP-0047,87.73
SPEND-001406,2025-07-20,Affiliate,CMP-0048,172.03
SPEND-001407,2025-07-20,Display,CMP-0049,194.09
SPEND-001408,2025-07-21,Paid Search,CMP-0043,103.66
SPEND-001409,2025-07-21,Paid Search,CMP-0044,233.54
SPEND-001410,2025-07-21,Paid Social,CMP-0045,414.47
SPEND-001411,2025-07-21,Paid Social,CMP-0046,1.05
SPEND-001412,2025-07-21,Email,CMP-0047,120.43
SPEND-001413,2025-07-21,Affiliate,CMP-0048,290.84
SPEND-001414,2025-07-21,Display,CMP-0049,309.16
SPEND-001415,2025-07-22,Paid Search,CMP-0043,498.15
SPEND-001416,2025-07-22,Paid Search,CMP-0044,132.5
SPEND-001417,2025-07-22,Paid Social,CMP-0045,154.62
SPEND-001418,2025-07-22,Paid Social,CMP-0046,326.57
SPEND-001419,2025-07-22,Email,CMP-0047,118.03
SPEND-001420,2025-07-22,Affiliate,CMP-0048,203.83
SPEND-001421,2025-07-22,Display,CMP-0049,397.95
SPEND-001422,2025-07-23,Paid Search,CMP-0043,99.11
SPEND-001423,2025-07-23,Paid Search,CMP-0044,558.68
SPEND-001424,2025-07-23,Paid Social,CMP-0045,243.6
SPEND-001425,2025-07-23,Paid Social,CMP-0046,308.72
SPEND-001426,2025-07-23,Email,CMP-0047,142.32
SPEND-001427,2025-07-23,Affiliate,CMP-0048,183.38
SPEND-001428,2025-07-23,Display,CMP-0049,216.9
SPEND-001429,2025-07-24,Paid Search,CMP-0043,45.28
SPEND-001430,2025-07-24,Paid Search,CMP-0044,522.19
SPEND-001431,2025-07-24,Paid Social,CMP-0045,167.17
SPEND-001432,2025-07-24,Paid Social,CMP-0046,391.81
SPEND-001433,2025-07-24,Email,CMP-0047,85.33
SPEND-001434,2025-07-24,Affiliate,CMP-0048,175.38
SPEND-001435,2025-07-24,Display,CMP-0049,331.21
SPEND-001436,2025-07-25,Paid Search,CMP-0043,332.24
SPEND-001437,2025-07-25,Paid Search,CMP-0044,263.02
SPEND-001438,2025-07-25,Paid Social,CMP-0045,497.05
SPEND-001439,2025-07-25,Paid Social,CMP-0046,118.97
SPEND-001440,2025-07-25,Email,CMP-0047,103.6
SPEND-001441,2025-07-25,Affiliate,CMP-0048,256.04
SPEND-001442,2025-07-25,Display,CMP-0049,300.34
SPEND-001443,2025-07-26,Paid Search,CMP-0043,378.62
SPEND-001444,2025-07-26,Paid Search,CMP-0044,64.17
SPEND-001445,2025-07-26,Paid Social,CMP-0045,116.77
SPEND-001446,2025-07-26,Paid Social,CMP-0046,262.56
SPEND-001447,2025-07-26,Email,CMP-0047,106.57
SPEND-001448,2025-07-26,Affiliate,CMP-0048,213.67
SPEND-001449,2025-07-26,Display,CMP-0049,257.8
SPEND-001450,2025-07-27,Paid Search,CMP-0043,111.34
SPEND-001451,2025-07-27,Paid Search,CMP-0044,260.06
SPEND-001452,2025-07-27,Paid Social,CMP-0045,68.61
SPEND-001453,2025-07-27,Paid Social,CMP-0046,314.84
SPEND-001454,2025-07-27,Email,CMP-0047,68.52
SPEND-001455,2025-07-27,Affiliate,CMP-0048,183.82
SPEND-001456,2025-07-27,Display,CMP-0049,281.21
SPEND-001457,2025-07-28,Paid Search,CMP-0043,260.53
SPEND-001458,2025-07-28,Paid Search,CMP-0044,481.58
SPEND-001459,2025-07-28,Paid Social,CMP-0045,333.82
SPEND-001460,2025-07-28,Paid Social,CMP-0046,195.06
SPEND-001461,2025-07-28,Email,CMP-0047,79.93
SPEND-001462,2025-07-28,Affiliate,CMP-0048,337.8
SPEND-001463,2025-07-28,Display,CMP-0049,288.4
SPEND-001464,2025-07-29,Paid Search,CMP-0043,552.24
SPEND-001465,2025-07-29,Paid Search,CMP-0044,88.48
SPEND-001466,2025-07-29,Paid Social,CMP-0045,244.53
SPEND-001467,2025-07-29,Paid Social,CMP-0046,80.87
SPEND-001468,2025-07-29,Email,CMP-0047,138.89
SPEND-001469,2025-07-29,Affiliate,CMP-0048,246.77
SPEND-001470,2025-07-29,Display,CMP-0049,363.13
SPEND-001471,2025-07-30,Paid Search,CMP-0043,733.82
SPEND-001472,2025-07-30,Paid Search,CMP-0044,20.23
SPEND-001473,2025-07-30,Paid Social,CMP-0045,255.53
SPEND-001474,2025-07-30,Paid Social,CMP-0046,348.21
SPEND-001475,2025-07-30,Email,CMP-0047,80.91
SPEND-001476,2025-07-30,Affiliate,CMP-0048,190.22
SPEND-001477,2025-07-30,Display,CMP-0049,219.96
SPEND-001478,2025-07-31,Paid Search,CMP-0043,44.49
SPEND-001479,2025-07-31,Paid Search,CMP-0044,470.01
SPEND-001480,2025-07-31,Paid Social,CMP-0045,61.66
SPEND-001481,2025-07-31,Paid Social,CMP-0046,422.5
SPEND-001482,2025-07-31,Email,CMP-0047,106.83
SPEND-001483,2025-07-31,Affiliate,CMP-0048,250.15
SPEND-001484,2025-07-31,Display,CMP-0049,380.7
SPEND-001485,2025-08-01,Paid Search,CMP-0050,537.23
SPEND-001486,2025-08-01,Paid Search,CMP-0051,75.3
SPEND-001487,2025-08-01,Paid Social,CMP-0052,267.74
SPEND-001488,2025-08-01,Paid Social,CMP-0053,216.99
SPEND-001489,2025-08-01,Email,CMP-0054,91.55
SPEND-001490,2025-08-01,Affiliate,CMP-0055,286.0
SPEND-001491,2025-08-01,Display,CMP-0056,385.07
SPEND-001492,2025-08-02,Paid Search,CMP-0050,92.96
SPEND-001493,2025-08-02,Paid Search,CMP-0051,424.33
SPEND-001494,2025-08-02,Paid Social,CMP-0052,130.58
SPEND-001495,2025-08-02,Paid Social,CMP-0053,26.81
SPEND-001496,2025-08-02,Email,CMP-0054,71.91
SPEND-001497,2025-08-02,Affiliate,CMP-0055,278.39
SPEND-001498,2025-08-02,Display,CMP-0056,308.98
SPEND-001499,2025-08-03,Paid Search,CMP-0050,303.12
SPEND-001500,2025-08-03,Paid Search,CMP-0051,65.29
SPEND-001501,2025-08-03,Paid Social,CMP-0052,127.0
SPEND-001502,2025-08-03,Paid Social,CMP-0053,306.49
SPEND-001503,2025-08-03,Email,CMP-0054,69.8
SPEND-001504,2025-08-03,Affiliate,CMP-0055,160.0
SPEND-001505,2025-08-03,Display,CMP-0056,200.14
SPEND-001506,2025-08-04,Paid Search,CMP-0050,300.22
SPEND-001507,2025-08-04,Paid Search,CMP-0051,126.44
SPEND-001508,2025-08-04,Paid Social,CMP-0052,376.39
SPEND-001509,2025-08-04,Paid Social,CMP-0053,125.88
SPEND-001510,2025-08-04,Email,CMP-0054,77.69
SPEND-001511,2025-08-04,Affiliate,CMP-0055,232.82
SPEND-001512,2025-08-04,Display,CMP-0056,493.57
SPEND-001513,2025-08-05,Paid Search,CMP-0050,458.91
SPEND-001514,2025-08-05,Paid Search,CMP-0051,209.19
SPEND-001515,2025-08-05,Paid Social,CMP-0052,321.33
SPEND-001516,2025-08-05,Paid Social,CMP-0053,147.79
SPEND-001517,2025-08-05,Email,CMP-0054,105.52
SPEND-001518,2025-08-05,Affiliate,CMP-0055,104.17
SPEND-001519,2025-08-05,Display,CMP-0056,525.7
SPEND-001520,2025-08-06,Paid Search,CMP-0050,150.05
SPEND-001521,2025-08-06,Paid Search,CMP-0051,663.83
SPEND-001522,2025-08-06,Paid Social,CMP-0052,4.62
SPEND-001523,2025-08-06,Paid Social,CMP-0053,351.88
SPEND-001524,2025-08-06,Email,CMP-0054,97.53
SPEND-001525,2025-08-06,Affiliate,CMP-0055,319.18
SPEND-001526,2025-08-06,Display,CMP-0056,368.36
SPEND-001527,2025-08-07,Paid Search,CMP-0050,227.87
SPEND-001528,2025-08-07,Paid Search,CMP-0051,321.65
SPEND-001529,2025-08-07,Paid Social,CMP-0052,177.31
SPEND-001530,2025-08-07,Paid Social,CMP-0053,488.54
SPEND-001531,2025-08-07,Email,CMP-0054,80.84
SPEND-001532,2025-08-07,Affiliate,CMP-0055,328.3
SPEND-001533,2025-08-07,Display,CMP-0056,355.42
SPEND-001534,2025-08-08,Paid Search,CMP-0050,375.42
SPEND-001535,2025-08-08,Paid Search,CMP-0051,29.99
SPEND-001536,2025-08-08,Paid Social,CMP-0052,164.86
SPEND-001537,2025-08-08,Paid Social,CMP-0053,236.2
SPEND-001538,2025-08-08,Email,CMP-0054,83.95
SPEND-001539,2025-08-08,Affiliate,CMP-0055,258.15
SPEND-001540,2025-08-08,Display,CMP-0056,348.42
SPEND-001541,2025-08-09,Paid Search,CMP-0050,142.83
SPEND-001542,2025-08-09,Paid Search,CMP-0051,338.44
SPEND-001543,2025-08-09,Paid Social,CMP-0052,77.98
SPEND-001544,2025-08-09,Paid Social,CMP-0053,138.61
SPEND-001545,2025-08-09,Email,CMP-0054,75.18
SPEND-001546,2025-08-09,Affiliate,CMP-0055,195.11
SPEND-001547,2025-08-09,Display,CMP-0056,337.28
SPEND-001548,2025-08-10,Paid Search,CMP-0050,391.37
SPEND-001549,2025-08-10,Paid Search,CMP-0051,41.73
SPEND-001550,2025-08-10,Paid Social,CMP-0052,270.66
SPEND-001551,2025-08-10,Paid Social,CMP-0053,88.32
SPEND-001552,2025-08-10,Email,CMP-0054,64.14
SPEND-001553,2025-08-10,Affiliate,CMP-0055,185.58
SPEND-001554,2025-08-10,Display,CMP-0056,272.71
SPEND-001555,2025-08-11,Paid Search,CMP-0050,317.91
SPEND-001556,2025-08-11,Paid Search,CMP-0051,205.01
SPEND-001557,2025-08-11,Paid Social,CMP-0052,188.26
SPEND-001558,2025-08-11,Paid Social,CMP-0053,210.17
SPEND-001559,2025-08-11,Email,CMP-0054,103.07
SPEND-001560,2025-08-11,Affiliate,CMP-0055,267.29
SPEND-001561,2025-08-11,Display,CMP-0056,333.19
SPEND-001562,2025-08-12,Paid Search,CMP-0050,606.02
SPEND-001563,2025-08-12,Paid Search,CMP-0051,86.53
SPEND-001564,2025-08-12,Paid Social,CMP-0052,445.55
SPEND-001565,2025-08-12,Paid Social,CMP-0053,28.1
SPEND-001566,2025-08-12,Email,CMP-0054,87.12
SPEND-001567,2025-08-12,Affiliate,CMP-0055,149.75
SPEND-001568,2025-08-12,Display,CMP-0056,509.01
SPEND-001569,2025-08-13,Paid Search,CMP-0050,159.05
SPEND-001570,2025-08-13,Paid Search,CMP-0051,461.36
SPEND-001571,2025-08-13,Paid Social,CMP-0052,203.6
SPEND-001572,2025-08-13,Paid Social,CMP-0053,130.5
SPEND-001573,2025-08-13,Email,CMP-0054,147.01
SPEND-001574,2025-08-13,Affiliate,CMP-0055,317.35
SPEND-001575,2025-08-13,Display,CMP-0056,511.73
SPEND-001576,2025-08-14,Paid Search,CMP-0050,705.91
SPEND-001577,2025-08-14,Paid Search,CMP-0051,45.37
SPEND-001578,2025-08-14,Paid Social,CMP-0052,446.27
SPEND-001579,2025-08-14,Paid Social,CMP-0053,48.99
SPEND-001580,2025-08-14,Email,CMP-0054,122.9
SPEND-001581,2025-08-14,Affiliate,CMP-0055,334.34
SPEND-001582,2025-08-14,Display,CMP-0056,157.93
SPEND-001583,2025-08-15,Paid Search,CMP-0050,392.57
SPEND-001584,2025-08-15,Paid Search,CMP-0051,160.21
SPEND-001585,2025-08-15,Paid Social,CMP-0052,92.53
SPEND-001586,2025-08-15,Paid Social,CMP-0053,441.52
SPEND-001587,2025-08-15,Email,CMP-0054,88.44
SPEND-001588,2025-08-15,Affiliate,CMP-0055,230.15
SPEND-001589,2025-08-15,Display,CMP-0056,235.88
SPEND-001590,2025-08-16,Paid Search,CMP-0050,303.68
SPEND-001591,2025-08-16,Paid Search,CMP-0051,190.25
SPEND-001592,2025-08-16,Paid Social,CMP-0052,9.17
SPEND-001593,2025-08-16,Paid Social,CMP-0053,266.69
SPEND-001594,2025-08-16,Email,CMP-0054,71.25
SPEND-001595,2025-08-16,Affiliate,CMP-0055,225.66
SPEND-001596,2025-08-16,Display,CMP-0056,276.11
SPEND-001597,2025-08-17,Paid Search,CMP-0050,307.15
SPEND-001598,2025-08-17,Paid Search,CMP-0051,166.73
SPEND-001599,2025-08-17,Paid Social,CMP-0052,103.82
SPEND-001600,2025-08-17,Paid Social,CMP-0053,206.89
SPEND-001601,2025-08-17,Email,CMP-0054,101.63
SPEND-001602,2025-08-17,Affiliate,CMP-0055,208.39
SPEND-001603,2025-08-17,Display,CMP-0056,201.23
SPEND-001604,2025-08-18,Paid Search,CMP-0050,290.69
SPEND-001605,2025-08-18,Paid Search,CMP-0051,253.61
SPEND-001606,2025-08-18,Paid Social,CMP-0052,202.56
SPEND-001607,2025-08-18,Paid Social,CMP-0053,310.6
SPEND-001608,2025-08-18,Email,CMP-0054,119.56
SPEND-001609,2025-08-18,Affiliate,CMP-0055,388.62
SPEND-001610,2025-08-18,Display,CMP-0056,329.82
SPEND-001611,2025-08-19,Paid Search,CMP-0050,256.68
SPEND-001612,2025-08-19,Paid Search,CMP-0051,359.7
SPEND-001613,2025-08-19,Paid Social,CMP-0052,6.05
SPEND-001614,2025-08-19,Paid Social,CMP-0053,497.18
SPEND-001615,2025-08-19,Email,CMP-0054,73.41
SPEND-001616,2025-08-19,Affiliate,CMP-0055,324.94
SPEND-001617,2025-08-19,Display,CMP-0056,446.67
SPEND-001618,2025-08-20,Paid Search,CMP-0050,43.08
SPEND-001619,2025-08-20,Paid Search,CMP-0051,579.91
SPEND-001620,2025-08-20,Paid Social,CMP-0052,264.1
SPEND-001621,2025-08-20,Paid Social,CMP-0053,311.43
SPEND-001622,2025-08-20,Email,CMP-0054,54.18
SPEND-001623,2025-08-20,Affiliate,CMP-0055,342.59
SPEND-001624,2025-08-20,Display,CMP-0056,324.52
SPEND-001625,2025-08-21,Paid Search,CMP-0050,473.89
SPEND-001626,2025-08-21,Paid Search,CMP-0051,47.3
SPEND-001627,2025-08-21,Paid Social,CMP-0052,388.43
SPEND-001628,2025-08-21,Paid Social,CMP-0053,59.29
SPEND-001629,2025-08-21,Email,CMP-0054,109.53
SPEND-001630,2025-08-21,Affiliate,CMP-0055,255.34
SPEND-001631,2025-08-21,Display,CMP-0056,409.1
SPEND-001632,2025-08-22,Paid Search,CMP-0050,417.78
SPEND-001633,2025-08-22,Paid Search,CMP-0051,131.95
SPEND-001634,2025-08-22,Paid Social,CMP-0052,210.61
SPEND-001635,2025-08-22,Paid Social,CMP-0053,326.48
SPEND-001636,2025-08-22,Email,CMP-0054,80.38
SPEND-001637,2025-08-22,Affiliate,CMP-0055,260.45
SPEND-001638,2025-08-22,Display,CMP-0056,434.23
SPEND-001639,2025-08-23,Paid Search,CMP-0050,68.5
SPEND-001640,2025-08-23,Paid Search,CMP-0051,511.08
SPEND-001641,2025-08-23,Paid Social,CMP-0052,114.24
SPEND-001642,2025-08-23,Paid Social,CMP-0053,202.36
SPEND-001643,2025-08-23,Email,CMP-0054,85.66
SPEND-001644,2025-08-23,Affiliate,CMP-0055,150.5
SPEND-001645,2025-08-23,Display,CMP-0056,216.58
SPEND-001646,2025-08-24,Paid Search,CMP-0050,199.57
SPEND-001647,2025-08-24,Paid Search,CMP-0051,316.33
SPEND-001648,2025-08-24,Paid Social,CMP-0052,179.72
SPEND-001649,2025-08-24,Paid Social,CMP-0053,109.1
SPEND-001650,2025-08-24,Email,CMP-0054,89.97
SPEND-001651,2025-08-24,Affiliate,CMP-0055,293.97
SPEND-001652,2025-08-24,Display,CMP-0056,175.95
SPEND-001653,2025-08-25,Paid Search,CMP-0050,20.01
SPEND-001654,2025-08-25,Paid Search,CMP-0051,751.81
SPEND-001655,2025-08-25,Paid Social,CMP-0052,219.64
SPEND-001656,2025-08-25,Paid Social,CMP-0053,294.03
SPEND-001657,2025-08-25,Email,CMP-0054,44.38
SPEND-001658,2025-08-25,Affiliate,CMP-0055,370.18
SPEND-001659,2025-08-25,Display,CMP-0056,325.13
SPEND-001660,2025-08-26,Paid Search,CMP-0050,96.01
SPEND-001661,2025-08-26,Paid Search,CMP-0051,538.58
SPEND-001662,2025-08-26,Paid Social,CMP-0052,85.4
SPEND-001663,2025-08-26,Paid Social,CMP-0053,123.97
SPEND-001664,2025-08-26,Email,CMP-0054,122.1
SPEND-001665,2025-08-26,Affiliate,CMP-0055,222.69
SPEND-001666,2025-08-26,Display,CMP-0056,382.6
SPEND-001667,2025-08-27,Paid Search,CMP-0050,150.18
SPEND-001668,2025-08-27,Paid Search,CMP-0051,508.11
SPEND-001669,2025-08-27,Paid Social,CMP-0052,124.3
SPEND-001670,2025-08-27,Paid Social,CMP-0053,422.55
SPEND-001671,2025-08-27,Email,CMP-0054,127.7
SPEND-001672,2025-08-27,Affiliate,CMP-0055,218.07
SPEND-001673,2025-08-27,Display,CMP-0056,289.6
SPEND-001674,2025-08-28,Paid Search,CMP-0050,651.86
SPEND-001675,2025-08-28,Paid Search,CMP-0051,115.55
SPEND-001676,2025-08-28,Paid Social,CMP-0052,255.56
SPEND-001677,2025-08-28,Paid Social,CMP-0053,172.03
SPEND-001678,2025-08-28,Email,CMP-0054,109.71
SPEND-001679,2025-08-28,Affiliate,CMP-0055,256.42
SPEND-001680,2025-08-28,Display,CMP-0056,311.52
SPEND-001681,2025-08-29,Paid Search,CMP-0050,152.75
SPEND-001682,2025-08-29,Paid Search,CMP-0051,407.75
SPEND-001683,2025-08-29,Paid Social,CMP-0052,304.65
SPEND-001684,2025-08-29,Paid Social,CMP-0053,252.33
SPEND-001685,2025-08-29,Email,CMP-0054,112.22
SPEND-001686,2025-08-29,Affiliate,CMP-0055,299.61
SPEND-001687,2025-08-29,Display,CMP-0056,184.95
SPEND-001688,2025-08-30,Paid Search,CMP-0050,479.03
SPEND-001689,2025-08-30,Paid Search,CMP-0051,35.66
SPEND-001690,2025-08-30,Paid Social,CMP-0052,262.2
SPEND-001691,2025-08-30,Paid Social,CMP-0053,21.3
SPEND-001692,2025-08-30,Email,CMP-0054,68.95
SPEND-001693,2025-08-30,Affiliate,CMP-0055,166.61
SPEND-001694,2025-08-30,Display,CMP-0056,304.44
SPEND-001695,2025-08-31,Paid Search,CMP-0050,36.03
SPEND-001696,2025-08-31,Paid Search,CMP-0051,519.21
SPEND-001697,2025-08-31,Paid Social,CMP-0052,236.47
SPEND-001698,2025-08-31,Paid Social,CMP-0053,89.52
SPEND-001699,2025-08-31,Email,CMP-0054,84.59
SPEND-001700,2025-08-31,Affiliate,CMP-0055,222.05
SPEND-001701,2025-08-31,Display,CMP-0056,285.77
SPEND-001702,2025-09-01,Paid Search,CMP-0057,212.85
SPEND-001703,2025-09-01,Paid Search,CMP-0058,271.12
SPEND-001704,2025-09-01,Paid Social,CMP-0059,169.37
SPEND-001705,2025-09-01,Paid Social,CMP-0060,340.83
SPEND-001706,2025-09-01,Email,CMP-0061,132.37
SPEND-001707,2025-09-01,Affiliate,CMP-0062,156.81
SPEND-001708,2025-09-01,Display,CMP-0063,483.31
SPEND-001709,2025-09-02,Paid Search,CMP-0057,274.72
SPEND-001710,2025-09-02,Paid Search,CMP-0058,385.78
SPEND-001711,2025-09-02,Paid Social,CMP-0059,311.55
SPEND-001712,2025-09-02,Paid Social,CMP-0060,325.5
SPEND-001713,2025-09-02,Email,CMP-0061,79.69
SPEND-001714,2025-09-02,Affiliate,CMP-0062,119.63
SPEND-001715,2025-09-02,Display,CMP-0063,344.54
SPEND-001716,2025-09-03,Paid Search,CMP-0057,334.94
SPEND-001717,2025-09-03,Paid Search,CMP-0058,91.95
SPEND-001718,2025-09-03,Paid Social,CMP-0059,209.43
SPEND-001719,2025-09-03,Paid Social,CMP-0060,253.13
SPEND-001720,2025-09-03,Email,CMP-0061,90.37
SPEND-001721,2025-09-03,Affiliate,CMP-0062,206.93
SPEND-001722,2025-09-03,Display,CMP-0063,429.48
SPEND-001723,2025-09-04,Paid Search,CMP-0057,121.83
SPEND-001724,2025-09-04,Paid Search,CMP-0058,438.11
SPEND-001725,2025-09-04,Paid Social,CMP-0059,315.47
SPEND-001726,2025-09-04,Paid Social,CMP-0060,74.31
SPEND-001727,2025-09-04,Email,CMP-0061,68.92
SPEND-001728,2025-09-04,Affiliate,CMP-0062,141.34
SPEND-001729,2025-09-04,Display,CMP-0063,455.35
SPEND-001730,2025-09-05,Paid Search,CMP-0057,240.62
SPEND-001731,2025-09-05,Paid Search,CMP-0058,146.99
SPEND-001732,2025-09-05,Paid Social,CMP-0059,53.75
SPEND-001733,2025-09-05,Paid Social,CMP-0060,451.51
SPEND-001734,2025-09-05,Email,CMP-0061,99.85
SPEND-001735,2025-09-05,Affiliate,CMP-0062,272.45
SPEND-001736,2025-09-05,Display,CMP-0063,307.83
SPEND-001737,2025-09-06,Paid Search,CMP-0057,162.12
SPEND-001738,2025-09-06,Paid Search,CMP-0058,337.29
SPEND-001739,2025-09-06,Paid Social,CMP-0059,124.28
SPEND-001740,2025-09-06,Paid Social,CMP-0060,212.71
SPEND-001741,2025-09-06,Email,CMP-0061,83.08
SPEND-001742,2025-09-06,Affiliate,CMP-0062,269.69
SPEND-001743,2025-09-06,Display,CMP-0063,267.03
SPEND-001744,2025-09-07,Paid Search,CMP-0057,271.78
SPEND-001745,2025-09-07,Paid Search,CMP-0058,126.38
SPEND-001746,2025-09-07,Paid Social,CMP-0059,323.86
SPEND-001747,2025-09-07,Paid Social,CMP-0060,1.28
SPEND-001748,2025-09-07,Email,CMP-0061,70.64
SPEND-001749,2025-09-07,Affiliate,CMP-0062,177.25
SPEND-001750,2025-09-07,Display,CMP-0063,312.61
SPEND-001751,2025-09-08,Paid Search,CMP-0057,88.3
SPEND-001752,2025-09-08,Paid Search,CMP-0058,517.46
SPEND-001753,2025-09-08,Paid Social,CMP-0059,9.74
SPEND-001754,2025-09-08,Paid Social,CMP-0060,366.37
SPEND-001755,2025-09-08,Email,CMP-0061,117.19
SPEND-001756,2025-09-08,Affiliate,CMP-0062,244.37
SPEND-001757,2025-09-08,Display,CMP-0063,439.47
SPEND-001758,2025-09-09,Paid Search,CMP-0057,498.5
SPEND-001759,2025-09-09,Paid Search,CMP-0058,153.47
SPEND-001760,2025-09-09,Paid Social,CMP-0059,186.98
SPEND-001761,2025-09-09,Paid Social,CMP-0060,277.42
SPEND-001762,2025-09-09,Email,CMP-0061,98.98
SPEND-001763,2025-09-09,Affiliate,CMP-0062,262.8
SPEND-001764,2025-09-09,Display,CMP-0063,348.38
SPEND-001765,2025-09-10,Paid Search,CMP-0057,253.13
SPEND-001766,2025-09-10,Paid Search,CMP-0058,396.45
SPEND-001767,2025-09-10,Paid Social,CMP-0059,134.06
SPEND-001768,2025-09-10,Paid Social,CMP-0060,118.09
SPEND-001769,2025-09-10,Email,CMP-0061,85.16
SPEND-001770,2025-09-10,Affiliate,CMP-0062,171.22
SPEND-001771,2025-09-10,Display,CMP-0063,396.51
SPEND-001772,2025-09-11,Paid Search,CMP-0057,551.74
SPEND-001773,2025-09-11,Paid Search,CMP-0058,116.99
SPEND-001774,2025-09-11,Paid Social,CMP-0059,380.34
SPEND-001775,2025-09-11,Paid Social,CMP-0060,69.62
SPEND-001776,2025-09-11,Email,CMP-0061,127.92
SPEND-001777,2025-09-11,Affiliate,CMP-0062,204.06
SPEND-001778,2025-09-11,Display,CMP-0063,318.6
SPEND-001779,2025-09-12,Paid Search,CMP-0057,544.75
SPEND-001780,2025-09-12,Paid Search,CMP-0058,29.33
SPEND-001781,2025-09-12,Paid Social,CMP-0059,288.83
SPEND-001782,2025-09-12,Paid Social,CMP-0060,170.78
SPEND-001783,2025-09-12,Email,CMP-0061,133.02
SPEND-001784,2025-09-12,Affiliate,CMP-0062,293.83
SPEND-001785,2025-09-12,Display,CMP-0063,347.36
SPEND-001786,2025-09-13,Paid Search,CMP-0057,21.57
SPEND-001787,2025-09-13,Paid Search,CMP-0058,422.38
SPEND-001788,2025-09-13,Paid Social,CMP-0059,93.54
SPEND-001789,2025-09-13,Paid Social,CMP-0060,330.48
SPEND-001790,2025-09-13,Email,CMP-0061,55.41
SPEND-001791,2025-09-13,Affiliate,CMP-0062,271.03
SPEND-001792,2025-09-13,Display,CMP-0063,280.37
SPEND-001793,2025-09-14,Paid Search,CMP-0057,14.44
SPEND-001794,2025-09-14,Paid Search,CMP-0058,378.6
SPEND-001795,2025-09-14,Paid Social,CMP-0059,60.29
SPEND-001796,2025-09-14,Paid Social,CMP-0060,319.14
SPEND-001797,2025-09-14,Email,CMP-0061,81.12
SPEND-001798,2025-09-14,Affiliate,CMP-0062,156.19
SPEND-001799,2025-09-14,Display,CMP-0063,253.96
SPEND-001800,2025-09-15,Paid Search,CMP-0057,388.29
SPEND-001801,2025-09-15,Paid Search,CMP-0058,241.42
SPEND-001802,2025-09-15,Paid Social,CMP-0059,512.01
SPEND-001803,2025-09-15,Paid Social,CMP-0060,105.98
SPEND-001804,2025-09-15,Email,CMP-0061,91.52
SPEND-001805,2025-09-15,Affiliate,CMP-0062,250.63
SPEND-001806,2025-09-15,Display,CMP-0063,321.89
SPEND-001807,2025-09-16,Paid Search,CMP-0057,422.93
SPEND-001808,2025-09-16,Paid Search,CMP-0058,0.14
SPEND-001809,2025-09-16,Paid Social,CMP-0059,295.6
SPEND-001810,2025-09-16,Paid Social,CMP-0060,284.91
SPEND-001811,2025-09-16,Email,CMP-0061,99.9
SPEND-001812,2025-09-16,Affiliate,CMP-0062,252.94
SPEND-001813,2025-09-16,Display,CMP-0063,231.75
SPEND-001814,2025-09-17,Paid Search,CMP-0057,494.93
SPEND-001815,2025-09-17,Paid Search,CMP-0058,118.69
SPEND-001816,2025-09-17,Paid Social,CMP-0059,113.09
SPEND-001817,2025-09-17,Paid Social,CMP-0060,143.29
SPEND-001818,2025-09-17,Email,CMP-0061,107.25
SPEND-001819,2025-09-17,Affiliate,CMP-0062,340.59
SPEND-001820,2025-09-17,Display,CMP-0063,517.83
SPEND-001821,2025-09-18,Paid Search,CMP-0057,215.47
SPEND-001822,2025-09-18,Paid Search,CMP-0058,336.3
SPEND-001823,2025-09-18,Paid Social,CMP-0059,158.59
SPEND-001824,2025-09-18,Paid Social,CMP-0060,230.66
SPEND-001825,2025-09-18,Email,CMP-0061,105.4
SPEND-001826,2025-09-18,Affiliate,CMP-0062,187.87
SPEND-001827,2025-09-18,Display,CMP-0063,314.31
SPEND-001828,2025-09-19,Paid Search,CMP-0057,281.76
SPEND-001829,2025-09-19,Paid Search,CMP-0058,356.23
SPEND-001830,2025-09-19,Paid Social,CMP-0059,373.53
SPEND-001831,2025-09-19,Paid Social,CMP-0060,234.38
SPEND-001832,2025-09-19,Email,CMP-0061,121.26
SPEND-001833,2025-09-19,Affiliate,CMP-0062,248.8
SPEND-001834,2025-09-19,Display,CMP-0063,344.6
SPEND-001835,2025-09-20,Paid Search,CMP-0057,312.77
SPEND-001836,2025-09-20,Paid Search,CMP-0058,133.33
SPEND-001837,2025-09-20,Paid Social,CMP-0059,361.5
SPEND-001838,2025-09-20,Paid Social,CMP-0060,63.64
SPEND-001839,2025-09-20,Email,CMP-0061,75.17
SPEND-001840,2025-09-20,Affiliate,CMP-0062,234.46
SPEND-001841,2025-09-20,Display,CMP-0063,278.59
SPEND-001842,2025-09-21,Paid Search,CMP-0057,384.99
SPEND-001843,2025-09-21,Paid Search,CMP-0058,25.86
SPEND-001844,2025-09-21,Paid Social,CMP-0059,32.46
SPEND-001845,2025-09-21,Paid Social,CMP-0060,189.94
SPEND-001846,2025-09-21,Email,CMP-0061,82.7
SPEND-001847,2025-09-21,Affiliate,CMP-0062,236.0
SPEND-001848,2025-09-21,Display,CMP-0063,309.3
SPEND-001849,2025-09-22,Paid Search,CMP-0057,375.85
SPEND-001850,2025-09-22,Paid Search,CMP-0058,208.0
SPEND-001851,2025-09-22,Paid Social,CMP-0059,510.1
SPEND-001852,2025-09-22,Paid Social,CMP-0060,129.06
SPEND-001853,2025-09-22,Email,CMP-0061,93.84
SPEND-001854,2025-09-22,Affiliate,CMP-0062,275.38
SPEND-001855,2025-09-22,Display,CMP-0063,376.11
SPEND-001856,2025-09-23,Paid Search,CMP-0057,418.1
SPEND-001857,2025-09-23,Paid Search,CMP-0058,193.66
SPEND-001858,2025-09-23,Paid Social,CMP-0059,256.12
SPEND-001859,2025-09-23,Paid Social,CMP-0060,143.49
SPEND-001860,2025-09-23,Email,CMP-0061,109.78
SPEND-001861,2025-09-23,Affiliate,CMP-0062,392.04
SPEND-001862,2025-09-23,Display,CMP-0063,296.05
SPEND-001863,2025-09-24,Paid Search,CMP-0057,212.4
SPEND-001864,2025-09-24,Paid Search,CMP-0058,347.96
SPEND-001865,2025-09-24,Paid Social,CMP-0059,94.11
SPEND-001866,2025-09-24,Paid Social,CMP-0060,416.8
SPEND-001867,2025-09-24,Email,CMP-0061,96.54
SPEND-001868,2025-09-24,Affiliate,CMP-0062,251.61
SPEND-001869,2025-09-24,Display,CMP-0063,344.67
SPEND-001870,2025-09-25,Paid Search,CMP-0057,288.86
SPEND-001871,2025-09-25,Paid Search,CMP-0058,273.19
SPEND-001872,2025-09-25,Paid Social,CMP-0059,336.28
SPEND-001873,2025-09-25,Paid Social,CMP-0060,144.09
SPEND-001874,2025-09-25,Email,CMP-0061,99.2
SPEND-001875,2025-09-25,Affiliate,CMP-0062,280.71
SPEND-001876,2025-09-25,Display,CMP-0063,431.01
SPEND-001877,2025-09-26,Paid Search,CMP-0057,493.82
SPEND-001878,2025-09-26,Paid Search,CMP-0058,284.23
SPEND-001879,2025-09-26,Paid Social,CMP-0059,318.99
SPEND-001880,2025-09-26,Paid Social,CMP-0060,219.67
SPEND-001881,2025-09-26,Email,CMP-0061,81.18
SPEND-001882,2025-09-26,Affiliate,CMP-0062,268.88
SPEND-001883,2025-09-26,Display,CMP-0063,239.7
SPEND-001884,2025-09-27,Paid Search,CMP-0057,208.93
SPEND-001885,2025-09-27,Paid Search,CMP-0058,57.0
SPEND-001886,2025-09-27,Paid Social,CMP-0059,215.56
SPEND-001887,2025-09-27,Paid Social,CMP-0060,129.54
SPEND-001888,2025-09-27,Email,CMP-0061,70.4
SPEND-001889,2025-09-27,Affiliate,CMP-0062,212.37
SPEND-001890,2025-09-27,Display,CMP-0063,249.72
SPEND-001891,2025-09-28,Paid Search,CMP-0057,486.98
SPEND-001892,2025-09-28,Paid Search,CMP-0058,45.31
SPEND-001893,2025-09-28,Paid Social,CMP-0059,227.6
SPEND-001894,2025-09-28,Paid Social,CMP-0060,148.18
SPEND-001895,2025-09-28,Email,CMP-0061,62.14
SPEND-001896,2025-09-28,Affiliate,CMP-0062,140.66
SPEND-001897,2025-09-28,Display,CMP-0063,279.41
SPEND-001898,2025-09-29,Paid Search,CMP-0057,132.34
SPEND-001899,2025-09-29,Paid Search,CMP-0058,331.91
SPEND-001900,2025-09-29,Paid Social,CMP-0059,285.1
SPEND-001901,2025-09-29,Paid Social,CMP-0060,53.69
SPEND-001902,2025-09-29,Email,CMP-0061,112.1
SPEND-001903,2025-09-29,Affiliate,CMP-0062,219.28
SPEND-001904,2025-09-29,Display,CMP-0063,467.11
SPEND-001905,2025-09-30,Paid Search,CMP-0057,229.39
SPEND-001906,2025-09-30,Paid Search,CMP-0058,291.01
SPEND-001907,2025-09-30,Paid Social,CMP-0059,478.12
SPEND-001908,2025-09-30,Paid Social,CMP-0060,13.04
SPEND-001909,2025-09-30,Email,CMP-0061,133.2
SPEND-001910,2025-09-30,Affiliate,CMP-0062,217.96
SPEND-001911,2025-09-30,Display,CMP-0063,313.82
SPEND-001912,2025-10-01,Paid Search,CMP-0064,222.62
SPEND-001913,2025-10-01,Paid Search,CMP-0065,501.49
SPEND-001914,2025-10-01,Paid Social,CMP-0066,47.17
SPEND-001915,2025-10-01,Paid Social,CMP-0067,453.06
SPEND-001916,2025-10-01,Email,CMP-0068,120.79
SPEND-001917,2025-10-01,Affiliate,CMP-0069,238.69
SPEND-001918,2025-10-01,Display,CMP-0070,339.28
SPEND-001919,2025-10-02,Paid Search,CMP-0064,340.66
SPEND-001920,2025-10-02,Paid Search,CMP-0065,276.0
SPEND-001921,2025-10-02,Paid Social,CMP-0066,401.94
SPEND-001922,2025-10-02,Paid Social,CMP-0067,143.01
SPEND-001923,2025-10-02,Email,CMP-0068,82.58
SPEND-001924,2025-10-02,Affiliate,CMP-0069,201.21
SPEND-001925,2025-10-02,Display,CMP-0070,323.26
SPEND-001926,2025-10-03,Paid Search,CMP-0064,26.62
SPEND-001927,2025-10-03,Paid Search,CMP-0065,511.62
SPEND-001928,2025-10-03,Paid Social,CMP-0066,130.36
SPEND-001929,2025-10-03,Paid Social,CMP-0067,216.17
SPEND-001930,2025-10-03,Email,CMP-0068,89.56
SPEND-001931,2025-10-03,Affiliate,CMP-0069,255.31
SPEND-001932,2025-10-03,Display,CMP-0070,262.24
SPEND-001933,2025-10-04,Paid Search,CMP-0064,210.91
SPEND-001934,2025-10-04,Paid Search,CMP-0065,289.78
SPEND-001935,2025-10-04,Paid Social,CMP-0066,30.7
SPEND-001936,2025-10-04,Paid Social,CMP-0067,303.2
SPEND-001937,2025-10-04,Email,CMP-0068,73.22
SPEND-001938,2025-10-04,Affiliate,CMP-0069,234.93
SPEND-001939,2025-10-04,Display,CMP-0070,258.79
SPEND-001940,2025-10-05,Paid Search,CMP-0064,329.22
SPEND-001941,2025-10-05,Paid Search,CMP-0065,15.1
SPEND-001942,2025-10-05,Paid Social,CMP-0066,286.25
SPEND-001943,2025-10-05,Paid Social,CMP-0067,80.94
SPEND-001944,2025-10-05,Email,CMP-0068,76.2
SPEND-001945,2025-10-05,Affiliate,CMP-0069,190.48
SPEND-001946,2025-10-05,Display,CMP-0070,229.57
SPEND-001947,2025-10-06,Paid Search,CMP-0064,346.0
SPEND-001948,2025-10-06,Paid Search,CMP-0065,306.75
SPEND-001949,2025-10-06,Paid Social,CMP-0066,138.23
SPEND-001950,2025-10-06,Paid Social,CMP-0067,109.28
SPEND-001951,2025-10-06,Email,CMP-0068,74.07
SPEND-001952,2025-10-06,Affiliate,CMP-0069,315.69
SPEND-001953,2025-10-06,Display,CMP-0070,220.24
SPEND-001954,2025-10-07,Paid Search,CMP-0064,356.1
SPEND-001955,2025-10-07,Paid Search,CMP-0065,154.32
SPEND-001956,2025-10-07,Paid Social,CMP-0066,360.88
SPEND-001957,2025-10-07,Paid Social,CMP-0067,39.74
SPEND-001958,2025-10-07,Email,CMP-0068,102.04
SPEND-001959,2025-10-07,Affiliate,CMP-0069,226.31
SPEND-001960,2025-10-07,Display,CMP-0070,305.35
SPEND-001961,2025-10-08,Paid Search,CMP-0064,184.66
SPEND-001962,2025-10-08,Paid Search,CMP-0065,143.47
SPEND-001963,2025-10-08,Paid Social,CMP-0066,395.29
SPEND-001964,2025-10-08,Paid Social,CMP-0067,159.29
SPEND-001965,2025-10-08,Email,CMP-0068,128.91
SPEND-001966,2025-10-08,Affiliate,CMP-0069,208.36
SPEND-001967,2025-10-08,Display,CMP-0070,347.1
SPEND-001968,2025-10-09,Paid Search,CMP-0064,643.7
SPEND-001969,2025-10-09,Paid Search,CMP-0065,26.92
SPEND-001970,2025-10-09,Paid Social,CMP-0066,66.53
SPEND-001971,2025-10-09,Paid Social,CMP-0067,315.21
SPEND-001972,2025-10-09,Email,CMP-0068,130.37
SPEND-001973,2025-10-09,Affiliate,CMP-0069,246.63
SPEND-001974,2025-10-09,Display,CMP-0070,419.81
SPEND-001975,2025-10-10,Paid Search,CMP-0064,52.53
SPEND-001976,2025-10-10,Paid Search,CMP-0065,340.1
SPEND-001977,2025-10-10,Paid Social,CMP-0066,394.22
SPEND-001978,2025-10-10,Paid Social,CMP-0067,81.06
SPEND-001979,2025-10-10,Email,CMP-0068,63.96
SPEND-001980,2025-10-10,Affiliate,CMP-0069,278.73
SPEND-001981,2025-10-10,Display,CMP-0070,148.64
SPEND-001982,2025-10-11,Paid Search,CMP-0064,103.86
SPEND-001983,2025-10-11,Paid Search,CMP-0065,312.51
SPEND-001984,2025-10-11,Paid Social,CMP-0066,89.5
SPEND-001985,2025-10-11,Paid Social,CMP-0067,227.22
SPEND-001986,2025-10-11,Email,CMP-0068,82.31
SPEND-001987,2025-10-11,Affiliate,CMP-0069,249.52
SPEND-001988,2025-10-11,Display,CMP-0070,207.96
SPEND-001989,2025-10-12,Paid Search,CMP-0064,187.36
SPEND-001990,2025-10-12,Paid Search,CMP-0065,388.91
SPEND-001991,2025-10-12,Paid Social,CMP-0066,181.55
SPEND-001992,2025-10-12,Paid Social,CMP-0067,139.35
SPEND-001993,2025-10-12,Email,CMP-0068,75.94
SPEND-001994,2025-10-12,Affiliate,CMP-0069,275.49
SPEND-001995,2025-10-12,Display,CMP-0070,295.98
SPEND-001996,2025-10-13,Paid Search,CMP-0064,561.71
SPEND-001997,2025-10-13,Paid Search,CMP-0065,104.66
SPEND-001998,2025-10-13,Paid Social,CMP-0066,112.55
SPEND-001999,2025-10-13,Paid Social,CMP-0067,369.03
SPEND-002000,2025-10-13,Email,CMP-0068,125.53
SPEND-002001,2025-10-13,Affiliate,CMP-0069,154.31
SPEND-002002,2025-10-13,Display,CMP-0070,381.45
SPEND-002003,2025-10-14,Paid Search,CMP-0064,432.36
SPEND-002004,2025-10-14,Paid Search,CMP-0065,209.61
SPEND-002005,2025-10-14,Paid Social,CMP-0066,137.11
SPEND-002006,2025-10-14,Paid Social,CMP-0067,290.44
SPEND-002007,2025-10-14,Email,CMP-0068,96.6
SPEND-002008,2025-10-14,Affiliate,CMP-0069,335.14
SPEND-002009,2025-10-14,Display,CMP-0070,397.02
SPEND-002010,2025-10-15,Paid Search,CMP-0064,494.98
SPEND-002011,2025-10-15,Paid Search,CMP-0065,283.67
SPEND-002012,2025-10-15,Paid Social,CMP-0066,278.93
SPEND-002013,2025-10-15,Paid Social,CMP-0067,232.81
SPEND-002014,2025-10-15,Email,CMP-0068,107.01
SPEND-002015,2025-10-15,Affiliate,CMP-0069,289.74
SPEND-002016,2025-10-15,Display,CMP-0070,396.35
SPEND-002017,2025-10-16,Paid Search,CMP-0064,248.01
SPEND-002018,2025-10-16,Paid Search,CMP-0065,470.13
SPEND-002019,2025-10-16,Paid Social,CMP-0066,164.14
SPEND-002020,2025-10-16,Paid Social,CMP-0067,122.66
SPEND-002021,2025-10-16,Email,CMP-0068,135.29
SPEND-002022,2025-10-16,Affiliate,CMP-0069,307.11
SPEND-002023,2025-10-16,Display,CMP-0070,326.78
SPEND-002024,2025-10-17,Paid Search,CMP-0064,771.43
SPEND-002025,2025-10-17,Paid Search,CMP-0065,42.83
SPEND-002026,2025-10-17,Paid Social,CMP-0066,565.39
SPEND-002027,2025-10-17,Paid Social,CMP-0067,40.61
SPEND-002028,2025-10-17,Email,CMP-0068,117.13
SPEND-002029,2025-10-17,Affiliate,CMP-0069,255.48
SPEND-002030,2025-10-17,Display,CMP-0070,278.98
SPEND-002031,2025-10-18,Paid Search,CMP-0064,263.83
SPEND-002032,2025-10-18,Paid Search,CMP-0065,88.99
SPEND-002033,2025-10-18,Paid Social,CMP-0066,161.37
SPEND-002034,2025-10-18,Paid Social,CMP-0067,220.21
SPEND-002035,2025-10-18,Email,CMP-0068,54.93
SPEND-002036,2025-10-18,Affiliate,CMP-0069,162.16
SPEND-002037,2025-10-18,Display,CMP-0070,350.13
SPEND-002038,2025-10-19,Paid Search,CMP-0064,538.63
SPEND-002039,2025-10-19,Paid Search,CMP-0065,100.1
SPEND-002040,2025-10-19,Paid Social,CMP-0066,127.59
SPEND-002041,2025-10-19,Paid Social,CMP-0067,296.52
SPEND-002042,2025-10-19,Email,CMP-0068,98.66
SPEND-002043,2025-10-19,Affiliate,CMP-0069,188.77
SPEND-002044,2025-10-19,Display,CMP-0070,159.85
SPEND-002045,2025-10-20,Paid Search,CMP-0064,110.69
SPEND-002046,2025-10-20,Paid Search,CMP-0065,733.66
SPEND-002047,2025-10-20,Paid Social,CMP-0066,304.71
SPEND-002048,2025-10-20,Paid Social,CMP-0067,383.15
SPEND-002049,2025-10-20,Email,CMP-0068,138.73
SPEND-002050,2025-10-20,Affiliate,CMP-0069,283.42
SPEND-002051,2025-10-20,Display,CMP-0070,320.03
SPEND-002052,2025-10-21,Paid Search,CMP-0064,455.93
SPEND-002053,2025-10-21,Paid Search,CMP-0065,180.86
SPEND-002054,2025-10-21,Paid Social,CMP-0066,480.9
SPEND-002055,2025-10-21,Paid Social,CMP-0067,68.62
SPEND-002056,2025-10-21,Email,CMP-0068,105.57
SPEND-002057,2025-10-21,Affiliate,CMP-0069,230.21
SPEND-002058,2025-10-21,Display,CMP-0070,316.75
SPEND-002059,2025-10-22,Paid Search,CMP-0064,444.6
SPEND-002060,2025-10-22,Paid Search,CMP-0065,131.46
SPEND-002061,2025-10-22,Paid Social,CMP-0066,80.59
SPEND-002062,2025-10-22,Paid Social,CMP-0067,381.73
SPEND-002063,2025-10-22,Email,CMP-0068,105.02
SPEND-002064,2025-10-22,Affiliate,CMP-0069,322.16
SPEND-002065,2025-10-22,Display,CMP-0070,229.71
SPEND-002066,2025-10-23,Paid Search,CMP-0064,89.82
SPEND-002067,2025-10-23,Paid Search,CMP-0065,690.34
SPEND-002068,2025-10-23,Paid Social,CMP-0066,87.37
SPEND-002069,2025-10-23,Paid Social,CMP-0067,313.18
SPEND-002070,2025-10-23,Email,CMP-0068,119.52
SPEND-002071,2025-10-23,Affiliate,CMP-0069,308.33
SPEND-002072,2025-10-23,Display,CMP-0070,255.46
SPEND-002073,2025-10-24,Paid Search,CMP-0064,189.19
SPEND-002074,2025-10-24,Paid Search,CMP-0065,453.65
SPEND-002075,2025-10-24,Paid Social,CMP-0066,265.4
SPEND-002076,2025-10-24,Paid Social,CMP-0067,219.71
SPEND-002077,2025-10-24,Email,CMP-0068,83.37
SPEND-002078,2025-10-24,Affiliate,CMP-0069,252.35
SPEND-002079,2025-10-24,Display,CMP-0070,352.36
SPEND-002080,2025-10-25,Paid Search,CMP-0064,47.07
SPEND-002081,2025-10-25,Paid Search,CMP-0065,285.52
SPEND-002082,2025-10-25,Paid Social,CMP-0066,64.27
SPEND-002083,2025-10-25,Paid Social,CMP-0067,273.24
SPEND-002084,2025-10-25,Email,CMP-0068,67.81
SPEND-002085,2025-10-25,Affiliate,CMP-0069,202.08
SPEND-002086,2025-10-25,Display,CMP-0070,264.52
SPEND-002087,2025-10-26,Paid Search,CMP-0064,272.91
SPEND-002088,2025-10-26,Paid Search,CMP-0065,298.26
SPEND-002089,2025-10-26,Paid Social,CMP-0066,205.49
SPEND-002090,2025-10-26,Paid Social,CMP-0067,197.85
SPEND-002091,2025-10-26,Email,CMP-0068,55.11
SPEND-002092,2025-10-26,Affiliate,CMP-0069,258.92
SPEND-002093,2025-10-26,Display,CMP-0070,361.17
SPEND-002094,2025-10-27,Paid Search,CMP-0064,425.87
SPEND-002095,2025-10-27,Paid Search,CMP-0065,29.56
SPEND-002096,2025-10-27,Paid Social,CMP-0066,488.34
SPEND-002097,2025-10-27,Paid Social,CMP-0067,15.04
SPEND-002098,2025-10-27,Email,CMP-0068,91.21
SPEND-002099,2025-10-27,Affiliate,CMP-0069,301.84
SPEND-002100,2025-10-27,Display,CMP-0070,329.63
SPEND-002101,2025-10-28,Paid Search,CMP-0064,70.22
SPEND-002102,2025-10-28,Paid Search,CMP-0065,459.04
SPEND-002103,2025-10-28,Paid Social,CMP-0066,26.28
SPEND-002104,2025-10-28,Paid Social,CMP-0067,248.24
SPEND-002105,2025-10-28,Email,CMP-0068,102.7
SPEND-002106,2025-10-28,Affiliate,CMP-0069,294.45
SPEND-002107,2025-10-28,Display,CMP-0070,451.06
SPEND-002108,2025-10-29,Paid Search,CMP-0064,460.18
SPEND-002109,2025-10-29,Paid Search,CMP-0065,148.03
SPEND-002110,2025-10-29,Paid Social,CMP-0066,97.21
SPEND-002111,2025-10-29,Paid Social,CMP-0067,365.47
SPEND-002112,2025-10-29,Email,CMP-0068,60.87
SPEND-002113,2025-10-29,Affiliate,CMP-0069,287.8
SPEND-002114,2025-10-29,Display,CMP-0070,435.03
SPEND-002115,2025-10-30,Paid Search,CMP-0064,393.4
SPEND-002116,2025-10-30,Paid Search,CMP-0065,196.6
SPEND-002117,2025-10-30,Paid Social,CMP-0066,265.53
SPEND-002118,2025-10-30,Paid Social,CMP-0067,221.2
SPEND-002119,2025-10-30,Email,CMP-0068,105.53
SPEND-002120,2025-10-30,Affiliate,CMP-0069,399.99
SPEND-002121,2025-10-30,Display,CMP-0070,309.99
SPEND-002122,2025-10-31,Paid Search,CMP-0064,190.75
SPEND-002123,2025-10-31,Paid Search,CMP-0065,468.93
SPEND-002124,2025-10-31,Paid Social,CMP-0066,60.77
SPEND-002125,2025-10-31,Paid Social,CMP-0067,236.04
SPEND-002126,2025-10-31,Email,CMP-0068,109.97
SPEND-002127,2025-10-31,Affiliate,CMP-0069,250.44
SPEND-002128,2025-10-31,Display,CMP-0070,397.97
SPEND-002129,2025-11-01,Paid Search,CMP-0071,221.94
SPEND-002130,2025-11-01,Paid Search,CMP-0072,290.14
SPEND-002131,2025-11-01,Paid Social,CMP-0073,344.72
SPEND-002132,2025-11-01,Paid Social,CMP-0074,64.09
SPEND-002133,2025-11-01,Email,CMP-0075,101.79
SPEND-002134,2025-11-01,Affiliate,CMP-0076,259.99
SPEND-002135,2025-11-01,Display,CMP-0077,253.33
SPEND-002136,2025-11-02,Paid Search,CMP-0071,567.49
SPEND-002137,2025-11-02,Paid Search,CMP-0072,8.62
SPEND-002138,2025-11-02,Paid Social,CMP-0073,72.6
SPEND-002139,2025-11-02,Paid Social,CMP-0074,365.69
SPEND-002140,2025-11-02,Email,CMP-0075,74.31
SPEND-002141,2025-11-02,Affiliate,CMP-0076,159.26
SPEND-002142,2025-11-02,Display,CMP-0077,375.21
SPEND-002143,2025-11-03,Paid Search,CMP-0071,128.41
SPEND-002144,2025-11-03,Paid Search,CMP-0072,581.92
SPEND-002145,2025-11-03,Paid Social,CMP-0073,44.79
SPEND-002146,2025-11-03,Paid Social,CMP-0074,449.71
SPEND-002147,2025-11-03,Email,CMP-0075,113.01
SPEND-002148,2025-11-03,Affiliate,CMP-0076,247.66
SPEND-002149,2025-11-03,Display,CMP-0077,479.22
SPEND-002150,2025-11-04,Paid Search,CMP-0071,578.85
SPEND-002151,2025-11-04,Paid Search,CMP-0072,136.71
SPEND-002152,2025-11-04,Paid Social,CMP-0073,4.59
SPEND-002153,2025-11-04,Paid Social,CMP-0074,353.12
SPEND-002154,2025-11-04,Email,CMP-0075,78.88
SPEND-002155,2025-11-04,Affiliate,CMP-0076,131.05
SPEND-002156,2025-11-04,Display,CMP-0077,404.39
SPEND-002157,2025-11-05,Paid Search,CMP-0071,125.3
SPEND-002158,2025-11-05,Paid Search,CMP-0072,331.38
SPEND-002159,2025-11-05,Paid Social,CMP-0073,337.18
SPEND-002160,2025-11-05,Paid Social,CMP-0074,209.21
SPEND-002161,2025-11-05,Email,CMP-0075,95.79
SPEND-002162,2025-11-05,Affiliate,CMP-0076,220.35
SPEND-002163,2025-11-05,Display,CMP-0077,404.31
SPEND-002164,2025-11-06,Paid Search,CMP-0071,321.2
SPEND-002165,2025-11-06,Paid Search,CMP-0072,67.06
SPEND-002166,2025-11-06,Paid Social,CMP-0073,383.05
SPEND-002167,2025-11-06,Paid Social,CMP-0074,52.97
SPEND-002168,2025-11-06,Email,CMP-0075,80.41
SPEND-002169,2025-11-06,Affiliate,CMP-0076,176.41
SPEND-002170,2025-11-06,Display,CMP-0077,362.42
SPEND-002171,2025-11-07,Paid Search,CMP-0071,55.0
SPEND-002172,2025-11-07,Paid Search,CMP-0072,392.33
SPEND-002173,2025-11-07,Paid Social,CMP-0073,359.97
SPEND-002174,2025-11-07,Paid Social,CMP-0074,86.0
SPEND-002175,2025-11-07,Email,CMP-0075,68.38
SPEND-002176,2025-11-07,Affiliate,CMP-0076,170.76
SPEND-002177,2025-11-07,Display,CMP-0077,395.93
SPEND-002178,2025-11-08,Paid Search,CMP-0071,160.5
SPEND-002179,2025-11-08,Paid Search,CMP-0072,311.87
SPEND-002180,2025-11-08,Paid Social,CMP-0073,357.63
SPEND-002181,2025-11-08,Paid Social,CMP-0074,55.34
SPEND-002182,2025-11-08,Email,CMP-0075,83.21
SPEND-002183,2025-11-08,Affiliate,CMP-0076,82.74
SPEND-002184,2025-11-08,Display,CMP-0077,157.13
SPEND-002185,2025-11-09,Paid Search,CMP-0071,153.37
SPEND-002186,2025-11-09,Paid Search,CMP-0072,278.11
SPEND-002187,2025-11-09,Paid Social,CMP-0073,281.21
SPEND-002188,2025-11-09,Paid Social,CMP-0074,122.5
SPEND-002189,2025-11-09,Email,CMP-0075,71.68
SPEND-002190,2025-11-09,Affiliate,CMP-0076,174.99
SPEND-002191,2025-11-09,Display,CMP-0077,170.5
SPEND-002192,2025-11-10,Paid Search,CMP-0071,70.32
SPEND-002193,2025-11-10,Paid Search,CMP-0072,449.76
SPEND-002194,2025-11-10,Paid Social,CMP-0073,340.84
SPEND-002195,2025-11-10,Paid Social,CMP-0074,80.89
SPEND-002196,2025-11-10,Email,CMP-0075,103.56
SPEND-002197,2025-11-10,Affiliate,CMP-0076,322.03
SPEND-002198,2025-11-10,Display,CMP-0077,409.66
SPEND-002199,2025-11-11,Paid Search,CMP-0071,279.25
SPEND-002200,2025-11-11,Paid Search,CMP-0072,350.74
SPEND-002201,2025-11-11,Paid Social,CMP-0073,347.18
SPEND-002202,2025-11-11,Paid Social,CMP-0074,136.38
SPEND-002203,2025-11-11,Email,CMP-0075,86.65
SPEND-002204,2025-11-11,Affiliate,CMP-0076,312.19
SPEND-002205,2025-11-11,Display,CMP-0077,354.61
SPEND-002206,2025-11-12,Paid Search,CMP-0071,401.3
SPEND-002207,2025-11-12,Paid Search,CMP-0072,243.85
SPEND-002208,2025-11-12,Paid Social,CMP-0073,239.05
SPEND-002209,2025-11-12,Paid Social,CMP-0074,90.77
SPEND-002210,2025-11-12,Email,CMP-0075,87.08
SPEND-002211,2025-11-12,Affiliate,CMP-0076,241.04
SPEND-002212,2025-11-12,Display,CMP-0077,402.53
SPEND-002213,2025-11-13,Paid Search,CMP-0071,192.73
SPEND-002214,2025-11-13,Paid Search,CMP-0072,425.03
SPEND-002215,2025-11-13,Paid Social,CMP-0073,237.39
SPEND-002216,2025-11-13,Paid Social,CMP-0074,186.58
SPEND-002217,2025-11-13,Email,CMP-0075,111.08
SPEND-002218,2025-11-13,Affiliate,CMP-0076,338.0
SPEND-002219,2025-11-13,Display,CMP-0077,298.72
SPEND-002220,2025-11-14,Paid Search,CMP-0071,322.71
SPEND-002221,2025-11-14,Paid Search,CMP-0072,297.16
SPEND-002222,2025-11-14,Paid Social,CMP-0073,78.05
SPEND-002223,2025-11-14,Paid Social,CMP-0074,453.38
SPEND-002224,2025-11-14,Email,CMP-0075,126.28
SPEND-002225,2025-11-14,Affiliate,CMP-0076,265.93
SPEND-002226,2025-11-14,Display,CMP-0077,411.8
SPEND-002227,2025-11-15,Paid Search,CMP-0071,202.56
SPEND-002228,2025-11-15,Paid Search,CMP-0072,325.4
SPEND-002229,2025-11-15,Paid Social,CMP-0073,48.32
SPEND-002230,2025-11-15,Paid Social,CMP-0074,244.08
SPEND-002231,2025-11-15,Email,CMP-0075,77.17
SPEND-002232,2025-11-15,Affiliate,CMP-0076,191.28
SPEND-002233,2025-11-15,Display,CMP-0077,262.62
SPEND-002234,2025-11-16,Paid Search,CMP-0071,177.13
SPEND-002235,2025-11-16,Paid Search,CMP-0072,400.39
SPEND-002236,2025-11-16,Paid Social,CMP-0073,412.84
SPEND-002237,2025-11-16,Paid Social,CMP-0074,1.65
SPEND-002238,2025-11-16,Email,CMP-0075,88.5
SPEND-002239,2025-11-16,Affiliate,CMP-0076,173.16
SPEND-002240,2025-11-16,Display,CMP-0077,235.47
SPEND-002241,2025-11-17,Paid Search,CMP-0071,85.43
SPEND-002242,2025-11-17,Paid Search,CMP-0072,288.78
SPEND-002243,2025-11-17,Paid Social,CMP-0073,614.33
SPEND-002244,2025-11-17,Paid Social,CMP-0074,2.57
SPEND-002245,2025-11-17,Email,CMP-0075,63.03
SPEND-002246,2025-11-17,Affiliate,CMP-0076,314.92
SPEND-002247,2025-11-17,Display,CMP-0077,336.81
SPEND-002248,2025-11-18,Paid Search,CMP-0071,25.93
SPEND-002249,2025-11-18,Paid Search,CMP-0072,528.92
SPEND-002250,2025-11-18,Paid Social,CMP-0073,207.25
SPEND-002251,2025-11-18,Paid Social,CMP-0074,332.18
SPEND-002252,2025-11-18,Email,CMP-0075,113.36
SPEND-002253,2025-11-18,Affiliate,CMP-0076,331.25
SPEND-002254,2025-11-18,Display,CMP-0077,261.99
SPEND-002255,2025-11-19,Paid Search,CMP-0071,409.56
SPEND-002256,2025-11-19,Paid Search,CMP-0072,360.12
SPEND-002257,2025-11-19,Paid Social,CMP-0073,174.96
SPEND-002258,2025-11-19,Paid Social,CMP-0074,235.71
SPEND-002259,2025-11-19,Email,CMP-0075,93.49
SPEND-002260,2025-11-19,Affiliate,CMP-0076,154.18
SPEND-002261,2025-11-19,Display,CMP-0077,395.85
SPEND-002262,2025-11-20,Paid Search,CMP-0071,53.93
SPEND-002263,2025-11-20,Paid Search,CMP-0072,404.81
SPEND-002264,2025-11-20,Paid Social,CMP-0073,361.11
SPEND-002265,2025-11-20,Paid Social,CMP-0074,105.31
SPEND-002266,2025-11-20,Email,CMP-0075,134.8
SPEND-002267,2025-11-20,Affiliate,CMP-0076,266.78
SPEND-002268,2025-11-20,Display,CMP-0077,212.38
SPEND-002269,2025-11-21,Paid Search,CMP-0071,429.22
SPEND-002270,2025-11-21,Paid Search,CMP-0072,40.01
SPEND-002271,2025-11-21,Paid Social,CMP-0073,222.57
SPEND-002272,2025-11-21,Paid Social,CMP-0074,372.41
SPEND-002273,2025-11-21,Email,CMP-0075,110.2
SPEND-002274,2025-11-21,Affiliate,CMP-0076,281.76
SPEND-002275,2025-11-21,Display,CMP-0077,355.48
SPEND-002276,2025-11-22,Paid Search,CMP-0071,220.15
SPEND-002277,2025-11-22,Paid Search,CMP-0072,139.26
SPEND-002278,2025-11-22,Paid Social,CMP-0073,129.55
SPEND-002279,2025-11-22,Paid Social,CMP-0074,251.87
SPEND-002280,2025-11-22,Email,CMP-0075,59.36
SPEND-002281,2025-11-22,Affiliate,CMP-0076,162.43
SPEND-002282,2025-11-22,Display,CMP-0077,214.03
SPEND-002283,2025-11-23,Paid Search,CMP-0071,187.0
SPEND-002284,2025-11-23,Paid Search,CMP-0072,263.2
SPEND-002285,2025-11-23,Paid Social,CMP-0073,58.72
SPEND-002286,2025-11-23,Paid Social,CMP-0074,436.16
SPEND-002287,2025-11-23,Email,CMP-0075,66.55
SPEND-002288,2025-11-23,Affiliate,CMP-0076,176.19
SPEND-002289,2025-11-23,Display,CMP-0077,219.76
SPEND-002290,2025-11-24,Paid Search,CMP-0071,214.8
SPEND-002291,2025-11-24,Paid Search,CMP-0072,438.04
SPEND-002292,2025-11-24,Paid Social,CMP-0073,202.51
SPEND-002293,2025-11-24,Paid Social,CMP-0074,152.59
SPEND-002294,2025-11-24,Email,CMP-0075,92.84
SPEND-002295,2025-11-24,Affiliate,CMP-0076,297.93
SPEND-002296,2025-11-24,Display,CMP-0077,246.03
SPEND-002297,2025-11-25,Paid Search,CMP-0071,534.59
SPEND-002298,2025-11-25,Paid Search,CMP-0072,149.66
SPEND-002299,2025-11-25,Paid Social,CMP-0073,192.95
SPEND-002300,2025-11-25,Paid Social,CMP-0074,403.17
SPEND-002301,2025-11-25,Email,CMP-0075,129.72
SPEND-002302,2025-11-25,Affiliate,CMP-0076,323.84
SPEND-002303,2025-11-25,Display,CMP-0077,194.94
SPEND-002304,2025-11-26,Paid Search,CMP-0071,49.03
SPEND-002305,2025-11-26,Paid Search,CMP-0072,388.29
SPEND-002306,2025-11-26,Paid Social,CMP-0073,67.73
SPEND-002307,2025-11-26,Paid Social,CMP-0074,618.36
SPEND-002308,2025-11-26,Email,CMP-0075,129.68
SPEND-002309,2025-11-26,Affiliate,CMP-0076,263.03
SPEND-002310,2025-11-26,Display,CMP-0077,385.8
SPEND-002311,2025-11-27,Paid Search,CMP-0071,655.69
SPEND-002312,2025-11-27,Paid Search,CMP-0072,3.07
SPEND-002313,2025-11-27,Paid Social,CMP-0073,223.53
SPEND-002314,2025-11-27,Paid Social,CMP-0074,82.73
SPEND-002315,2025-11-27,Email,CMP-0075,111.07
SPEND-002316,2025-11-27,Affiliate,CMP-0076,198.14
SPEND-002317,2025-11-27,Display,CMP-0077,506.02
SPEND-002318,2025-11-28,Paid Search,CMP-0071,167.75
SPEND-002319,2025-11-28,Paid Search,CMP-0072,269.72
SPEND-002320,2025-11-28,Paid Social,CMP-0073,62.18
SPEND-002321,2025-11-28,Paid Social,CMP-0074,210.11
SPEND-002322,2025-11-28,Email,CMP-0075,104.66
SPEND-002323,2025-11-28,Affiliate,CMP-0076,305.65
SPEND-002324,2025-11-28,Display,CMP-0077,373.99
SPEND-002325,2025-11-29,Paid Search,CMP-0071,164.16
SPEND-002326,2025-11-29,Paid Search,CMP-0072,415.6
SPEND-002327,2025-11-29,Paid Social,CMP-0073,163.81
SPEND-002328,2025-11-29,Paid Social,CMP-0074,130.21
SPEND-002329,2025-11-29,Email,CMP-0075,66.52
SPEND-002330,2025-11-29,Affiliate,CMP-0076,188.91
SPEND-002331,2025-11-29,Display,CMP-0077,208.57
SPEND-002332,2025-11-30,Paid Search,CMP-0071,376.07
SPEND-002333,2025-11-30,Paid Search,CMP-0072,49.67
SPEND-002334,2025-11-30,Paid Social,CMP-0073,96.01
SPEND-002335,2025-11-30,Paid Social,CMP-0074,182.35
SPEND-002336,2025-11-30,Email,CMP-0075,76.1
SPEND-002337,2025-11-30,Affiliate,CMP-0076,128.39
SPEND-002338,2025-11-30,Display,CMP-0077,264.17
SPEND-002339,2025-12-01,Paid Search,CMP-0078,16.89
SPEND-002340,2025-12-01,Paid Search,CMP-0079,636.31
SPEND-002341,2025-12-01,Paid Social,CMP-0080,293.62
SPEND-002342,2025-12-01,Paid Social,CMP-0081,272.01
SPEND-002343,2025-12-01,Email,CMP-0082,108.78
SPEND-002344,2025-12-01,Affiliate,CMP-0083,263.63
SPEND-002345,2025-12-01,Display,CMP-0084,442.32
SPEND-002346,2025-12-02,Paid Search,CMP-0078,401.26
SPEND-002347,2025-12-02,Paid Search,CMP-0079,71.69
SPEND-002348,2025-12-02,Paid Social,CMP-0080,19.4
SPEND-002349,2025-12-02,Paid Social,CMP-0081,545.54
SPEND-002350,2025-12-02,Email,CMP-0082,98.57
SPEND-002351,2025-12-02,Affiliate,CMP-0083,298.96
SPEND-002352,2025-12-02,Display,CMP-0084,297.75
SPEND-002353,2025-12-03,Paid Search,CMP-0078,606.56
SPEND-002354,2025-12-03,Paid Search,CMP-0079,77.16
SPEND-002355,2025-12-03,Paid Social,CMP-0080,104.68
SPEND-002356,2025-12-03,Paid Social,CMP-0081,395.28
SPEND-002357,2025-12-03,Email,CMP-0082,94.75
SPEND-002358,2025-12-03,Affiliate,CMP-0083,243.52
SPEND-002359,2025-12-03,Display,CMP-0084,297.87
SPEND-002360,2025-12-04,Paid Search,CMP-0078,479.66
SPEND-002361,2025-12-04,Paid Search,CMP-0079,140.91
SPEND-002362,2025-12-04,Paid Social,CMP-0080,126.42
SPEND-002363,2025-12-04,Paid Social,CMP-0081,406.51
SPEND-002364,2025-12-04,Email,CMP-0082,81.2
SPEND-002365,2025-12-04,Affiliate,CMP-0083,229.75
SPEND-002366,2025-12-04,Display,CMP-0084,384.57
SPEND-002367,2025-12-05,Paid Search,CMP-0078,352.4
SPEND-002368,2025-12-05,Paid Search,CMP-0079,365.02
SPEND-002369,2025-12-05,Paid Social,CMP-0080,76.37
SPEND-002370,2025-12-05,Paid Social,CMP-0081,565.7
SPEND-002371,2025-12-05,Email,CMP-0082,74.71
SPEND-002372,2025-12-05,Affiliate,CMP-0083,239.22
SPEND-002373,2025-12-05,Display,CMP-0084,277.71
SPEND-002374,2025-12-06,Paid Search,CMP-0078,314.46
SPEND-002375,2025-12-06,Paid Search,CMP-0079,0.58
SPEND-002376,2025-12-06,Paid Social,CMP-0080,387.96
SPEND-002377,2025-12-06,Paid Social,CMP-0081,17.23
SPEND-002378,2025-12-06,Email,CMP-0082,56.16
SPEND-002379,2025-12-06,Affiliate,CMP-0083,203.28
SPEND-002380,2025-12-06,Display,CMP-0084,281.38
SPEND-002381,2025-12-07,Paid Search,CMP-0078,165.33
SPEND-002382,2025-12-07,Paid Search,CMP-0079,330.46
SPEND-002383,2025-12-07,Paid Social,CMP-0080,114.71
SPEND-002384,2025-12-07,Paid Social,CMP-0081,346.17
SPEND-002385,2025-12-07,Email,CMP-0082,84.87
SPEND-002386,2025-12-07,Affiliate,CMP-0083,126.07
SPEND-002387,2025-12-07,Display,CMP-0084,243.14
SPEND-002388,2025-12-08,Paid Search,CMP-0078,405.13
SPEND-002389,2025-12-08,Paid Search,CMP-0079,152.02
SPEND-002390,2025-12-08,Paid Social,CMP-0080,419.04
SPEND-002391,2025-12-08,Paid Social,CMP-0081,69.57
SPEND-002392,2025-12-08,Email,CMP-0082,108.88
SPEND-002393,2025-12-08,Affiliate,CMP-0083,252.19
SPEND-002394,2025-12-08,Display,CMP-0084,233.45
SPEND-002395,2025-12-09,Paid Search,CMP-0078,232.24
SPEND-002396,2025-12-09,Paid Search,CMP-0079,452.87
SPEND-002397,2025-12-09,Paid Social,CMP-0080,240.04
SPEND-002398,2025-12-09,Paid Social,CMP-0081,372.13
SPEND-002399,2025-12-09,Email,CMP-0082,94.9
SPEND-002400,2025-12-09,Affiliate,CMP-0083,258.88
SPEND-002401,2025-12-09,Display,CMP-0084,240.77
SPEND-002402,2025-12-10,Paid Search,CMP-0078,404.72
SPEND-002403,2025-12-10,Paid Search,CMP-0079,347.01
SPEND-002404,2025-12-10,Paid Social,CMP-0080,72.42
SPEND-002405,2025-12-10,Paid Social,CMP-0081,329.78
SPEND-002406,2025-12-10,Email,CMP-0082,98.3
SPEND-002407,2025-12-10,Affiliate,CMP-0083,230.59
SPEND-002408,2025-12-10,Display,CMP-0084,250.74
SPEND-002409,2025-12-11,Paid Search,CMP-0078,320.66
SPEND-002410,2025-12-11,Paid Search,CMP-0079,221.59
SPEND-002411,2025-12-11,Paid Social,CMP-0080,138.12
SPEND-002412,2025-12-11,Paid Social,CMP-0081,389.1
SPEND-002413,2025-12-11,Email,CMP-0082,117.03
SPEND-002414,2025-12-11,Affiliate,CMP-0083,320.1
SPEND-002415,2025-12-11,Display,CMP-0084,344.91
SPEND-002416,2025-12-12,Paid Search,CMP-0078,581.61
SPEND-002417,2025-12-12,Paid Search,CMP-0079,198.9
SPEND-002418,2025-12-12,Paid Social,CMP-0080,172.77
SPEND-002419,2025-12-12,Paid Social,CMP-0081,233.5
SPEND-002420,2025-12-12,Email,CMP-0082,127.36
SPEND-002421,2025-12-12,Affiliate,CMP-0083,306.85
SPEND-002422,2025-12-12,Display,CMP-0084,356.3
SPEND-002423,2025-12-13,Paid Search,CMP-0078,263.13
SPEND-002424,2025-12-13,Paid Search,CMP-0079,188.42
SPEND-002425,2025-12-13,Paid Social,CMP-0080,291.72
SPEND-002426,2025-12-13,Paid Social,CMP-0081,2.99
SPEND-002427,2025-12-13,Email,CMP-0082,84.36
SPEND-002428,2025-12-13,Affiliate,CMP-0083,252.46
SPEND-002429,2025-12-13,Display,CMP-0084,212.53
SPEND-002430,2025-12-14,Paid Search,CMP-0078,269.24
SPEND-002431,2025-12-14,Paid Search,CMP-0079,263.26
SPEND-002432,2025-12-14,Paid Social,CMP-0080,149.21
SPEND-002433,2025-12-14,Paid Social,CMP-0081,236.47
SPEND-002434,2025-12-14,Email,CMP-0082,81.08
SPEND-002435,2025-12-14,Affiliate,CMP-0083,256.99
SPEND-002436,2025-12-14,Display,CMP-0084,222.05
SPEND-002437,2025-12-15,Paid Search,CMP-0078,511.97
SPEND-002438,2025-12-15,Paid Search,CMP-0079,156.28
SPEND-002439,2025-12-15,Paid Social,CMP-0080,14.64
SPEND-002440,2025-12-15,Paid Social,CMP-0081,280.05
SPEND-002441,2025-12-15,Email,CMP-0082,93.3
SPEND-002442,2025-12-15,Affiliate,CMP-0083,144.53
SPEND-002443,2025-12-15,Display,CMP-0084,306.0
SPEND-002444,2025-12-16,Paid Search,CMP-0078,281.17
SPEND-002445,2025-12-16,Paid Search,CMP-0079,213.84
SPEND-002446,2025-12-16,Paid Social,CMP-0080,213.33
SPEND-002447,2025-12-16,Paid Social,CMP-0081,307.99
SPEND-002448,2025-12-16,Email,CMP-0082,94.72
SPEND-002449,2025-12-16,Affiliate,CMP-0083,222.73
SPEND-002450,2025-12-16,Display,CMP-0084,295.22
SPEND-002451,2025-12-17,Paid Search,CMP-0078,247.09
SPEND-002452,2025-12-17,Paid Search,CMP-0079,263.74
SPEND-002453,2025-12-17,Paid Social,CMP-0080,549.13
SPEND-002454,2025-12-17,Paid Social,CMP-0081,7.61
SPEND-002455,2025-12-17,Email,CMP-0082,97.37
SPEND-002456,2025-12-17,Affiliate,CMP-0083,268.63
SPEND-002457,2025-12-17,Display,CMP-0084,328.35
SPEND-002458,2025-12-18,Paid Search,CMP-0078,241.6
SPEND-002459,2025-12-18,Paid Search,CMP-0079,217.71
SPEND-002460,2025-12-18,Paid Social,CMP-0080,209.82
SPEND-002461,2025-12-18,Paid Social,CMP-0081,435.48
SPEND-002462,2025-12-18,Email,CMP-0082,123.02
SPEND-002463,2025-12-18,Affiliate,CMP-0083,223.68
SPEND-002464,2025-12-18,Display,CMP-0084,355.86
SPEND-002465,2025-12-19,Paid Search,CMP-0078,121.63
SPEND-002466,2025-12-19,Paid Search,CMP-0079,585.97
SPEND-002467,2025-12-19,Paid Social,CMP-0080,308.83
SPEND-002468,2025-12-19,Paid Social,CMP-0081,61.49
SPEND-002469,2025-12-19,Email,CMP-0082,123.5
SPEND-002470,2025-12-19,Affiliate,CMP-0083,259.56
SPEND-002471,2025-12-19,Display,CMP-0084,480.33
SPEND-002472,2025-12-20,Paid Search,CMP-0078,466.97
SPEND-002473,2025-12-20,Paid Search,CMP-0079,47.81
SPEND-002474,2025-12-20,Paid Social,CMP-0080,45.19
SPEND-002475,2025-12-20,Paid Social,CMP-0081,209.21
SPEND-002476,2025-12-20,Email,CMP-0082,78.75
SPEND-002477,2025-12-20,Affiliate,CMP-0083,145.91
SPEND-002478,2025-12-20,Display,CMP-0084,276.95
SPEND-002479,2025-12-21,Paid Search,CMP-0078,94.18
SPEND-002480,2025-12-21,Paid Search,CMP-0079,405.61
SPEND-002481,2025-12-21,Paid Social,CMP-0080,63.97
SPEND-002482,2025-12-21,Paid Social,CMP-0081,320.76
SPEND-002483,2025-12-21,Email,CMP-0082,69.42
SPEND-002484,2025-12-21,Affiliate,CMP-0083,254.89
SPEND-002485,2025-12-21,Display,CMP-0084,258.21
SPEND-002486,2025-12-22,Paid Search,CMP-0078,761.65
SPEND-002487,2025-12-22,Paid Search,CMP-0079,62.55
SPEND-002488,2025-12-22,Paid Social,CMP-0080,163.52
SPEND-002489,2025-12-22,Paid Social,CMP-0081,72.02
SPEND-002490,2025-12-22,Email,CMP-0082,112.43
SPEND-002491,2025-12-22,Affiliate,CMP-0083,251.02
SPEND-002492,2025-12-22,Display,CMP-0084,286.29
SPEND-002493,2025-12-23,Paid Search,CMP-0078,303.3
SPEND-002494,2025-12-23,Paid Search,CMP-0079,320.13
SPEND-002495,2025-12-23,Paid Social,CMP-0080,343.61
SPEND-002496,2025-12-23,Paid Social,CMP-0081,239.44
SPEND-002497,2025-12-23,Email,CMP-0082,60.31
SPEND-002498,2025-12-23,Affiliate,CMP-0083,389.71
SPEND-002499,2025-12-23,Display,CMP-0084,408.17
SPEND-002500,2025-12-24,Paid Search,CMP-0078,568.22
SPEND-002501,2025-12-24,Paid Search,CMP-0079,2.21
SPEND-002502,2025-12-24,Paid Social,CMP-0080,70.62
SPEND-002503,2025-12-24,Paid Social,CMP-0081,458.55
SPEND-002504,2025-12-24,Email,CMP-0082,99.91
SPEND-002505,2025-12-24,Affiliate,CMP-0083,360.18
SPEND-002506,2025-12-24,Display,CMP-0084,377.94
SPEND-002507,2025-12-25,Paid Search,CMP-0078,379.33
SPEND-002508,2025-12-25,Paid Search,CMP-0079,254.42
SPEND-002509,2025-12-25,Paid Social,CMP-0080,355.97
SPEND-002510,2025-12-25,Paid Social,CMP-0081,38.1
SPEND-002511,2025-12-25,Email,CMP-0082,123.2
SPEND-002512,2025-12-25,Affiliate,CMP-0083,322.44
SPEND-002513,2025-12-25,Display,CMP-0084,294.98
SPEND-002514,2025-12-26,Paid Search,CMP-0078,140.12
SPEND-002515,2025-12-26,Paid Search,CMP-0079,316.95
SPEND-002516,2025-12-26,Paid Social,CMP-0080,146.23
SPEND-002517,2025-12-26,Paid Social,CMP-0081,313.0
SPEND-002518,2025-12-26,Email,CMP-0082,69.89
SPEND-002519,2025-12-26,Affiliate,CMP-0083,207.61
SPEND-002520,2025-12-26,Display,CMP-0084,373.5
SPEND-002521,2025-12-27,Paid Search,CMP-0078,376.63
SPEND-002522,2025-12-27,Paid Search,CMP-0079,279.08
SPEND-002523,2025-12-27,Paid Social,CMP-0080,265.9
SPEND-002524,2025-12-27,Paid Social,CMP-0081,122.13
SPEND-002525,2025-12-27,Email,CMP-0082,73.64
SPEND-002526,2025-12-27,Affiliate,CMP-0083,112.75
SPEND-002527,2025-12-27,Display,CMP-0084,223.15
SPEND-002528,2025-12-28,Paid Search,CMP-0078,511.15
SPEND-002529,2025-12-28,Paid Search,CMP-0079,28.88
SPEND-002530,2025-12-28,Paid Social,CMP-0080,32.95
SPEND-002531,2025-12-28,Paid Social,CMP-0081,317.6
SPEND-002532,2025-12-28,Email,CMP-0082,83.31
SPEND-002533,2025-12-28,Affiliate,CMP-0083,189.14
SPEND-002534,2025-12-28,Display,CMP-0084,273.83
SPEND-002535,2025-12-29,Paid Search,CMP-0078,412.83
SPEND-002536,2025-12-29,Paid Search,CMP-0079,347.35
SPEND-002537,2025-12-29,Paid Social,CMP-0080,538.64
SPEND-002538,2025-12-29,Paid Social,CMP-0081,11.29
SPEND-002539,2025-12-29,Email,CMP-0082,124.72
SPEND-002540,2025-12-29,Affiliate,CMP-0083,384.15
SPEND-002541,2025-12-29,Display,CMP-0084,410.78
SPEND-002542,2025-12-30,Paid Search,CMP-0078,410.49
SPEND-002543,2025-12-30,Paid Search,CMP-0079,223.21
SPEND-002544,2025-12-30,Paid Social,CMP-0080,146.49
SPEND-002545,2025-12-30,Paid Social,CMP-0081,288.98
SPEND-002546,2025-12-30,Email,CMP-0082,98.38
SPEND-002547,2025-12-30,Affiliate,CMP-0083,177.78
SPEND-002548,2025-12-30,Display,CMP-0084,303.11
SPEND-002549,2025-12-31,Paid Search,CMP-0078,222.69
SPEND-002550,2025-12-31,Paid Search,CMP-0079,427.78
SPEND-002551,2025-12-31,Paid Social,CMP-0080,572.32
SPEND-002552,2025-12-31,Paid Social,CMP-0081,129.04
SPEND-002553,2025-12-31,Email,CMP-0082,92.05
SPEND-002554,2025-12-31,Affiliate,CMP-0083,273.19
SPEND-002555,2025-12-31,Display,CMP-0084,359.28
SPEND-002556,2025-01-10,Email,CMP-9999,833.05
SPEND-002557,2025-09-20,Email,CMP-9999,841.03
SPEND-002558,2025-11-11,Affiliate,CMP-9999,383.77
SPEND-002559,2025-12-24,Paid Search,CMP-9999,273.86
SPEND-002560,2025-03-18,Paid Social,CMP-9999,660.73
SPEND-002561,2025-08-18,Display,CMP-9999,765.8
SPEND-002562,2025-02-02,Paid Search,CMP-9999,621.36
SPEND-002563,2025-10-13,Paid Search,CMP-9999,265.24
SPEND-002564,2025-06-08,Affiliate,CMP-9999,269.38
SPEND-002565,2025-07-04,Affiliate,CMP-9999,382.47
SPEND-002566,2025-08-09,Affiliate,CMP-9999,480.79
SPEND-002567,2025-04-01,Email,CMP-9999,425.6
SPEND-002568,2025-07-31,Paid Social,CMP-9999,154.42
SPEND-002569,2025-12-18,Paid Search,CMP-9999,150.51
SPEND-002570,2025-11-30,Paid Social,CMP-9999,897.26
