customer_id,signup_date,region,acquisition_channel,segment
CUST-00001,2025-02-02,South,Paid Search,New
CUST-00002,2025-10-10,Northeast,Email,New
CUST-00003,2025-08-27,West,Email,New
CUST-00004,2025-06-10,West,Paid Search,Returning
CUST-00005,2025-06-08,South,Display,Returning
CUST-00006,2025-11-10,South,Paid Search,Returning
CUST-00007,2025-02-01,South,Affiliate,Returning
CUST-00008,2025-09-12,West,Organic/Direct,New
CUST-00009,2025-03-15,Midwest,Paid Social,New
CUST-00010,2025-02-04,Northeast,Display,Returning
CUST-00011,2025-07-12,South,Paid Search,New
CUST-00012,2025-12-23,South,Organic/Direct,Returning
CUST-00013,2025-09-26,Northeast,Organic/Direct,New
CUST-00014,2025-10-05,South,Paid Search,New
CUST-00015,2025-09-19,Northeast,Affiliate,VIP
CUST-00016,2025-10-14,West,Email,New
CUST-00017,2025-07-07,Northeast,Email,New
CUST-00018,2025-02-16,Northeast,Display,Returning
CUST-00019,2025-11-03,Northeast,Email,Returning
CUST-00020,2025-06-14,Northeast,Affiliate,VIP
CUST-00021,2025-07-02,Midwest,Paid Search,VIP
CUST-00022,2025-05-16,Northeast,Paid Social,Returning
CUST-00023,2025-03-08,Midwest,Organic/Direct,New
CUST-00024,2025-12-05,Northeast,Paid Search,New
CUST-00025,2025-10-13,Midwest,Affiliate,Returning
CUST-00026,2025-08-24,Midwest,Paid Search,New
CUST-00027,2025-05-27,Midwest,Organic/Direct,VIP
CUST-00028,2025-10-28,Midwest,Affiliate,Returning
CUST-00029,2025-07-19,Northeast,Paid Social,New
CUST-00030,2025-06-11,Northeast,Paid Social,New
CUST-00031,2025-06-14,Northeast,Paid Social,Returning
CUST-00032,2025-03-24,South,Organic/Direct,New
CUST-00033,2025-02-03,West,Email,New
CUST-00034,2025-07-22,West,Email,Returning
CUST-00035,2025-11-21,Midwest,Display,New
CUST-00036,2025-01-24,South,Paid Social,New
CUST-00037,2025-11-10,Midwest,Paid Social,Returning
CUST-00038,2025-10-30,South,Paid Social,Returning
CUST-00039,2025-04-12,South,Paid Search,New
CUST-00040,2025-08-19,West,Display,VIP
CUST-00041,2025-03-02,West,Organic/Direct,VIP
CUST-00042,2025-10-04,Midwest,Organic/Direct,New
CUST-00043,2025-09-13,South,Organic/Direct,New
CUST-00044,2025-05-10,West,Email,Returning
CUST-00045,2025-01-25,Midwest,Paid Social,New
CUST-00046,2025-12-21,West,Affiliate,Returning
CUST-00047,2025-06-12,Northeast,Organic/Direct,Returning
CUST-00048,2025-11-22,West,Display,New
CUST-00049,2025-09-05,South,Email,Returning
CUST-00050,2025-10-12,Northeast,Affiliate,New
CUST-00051,2025-10-05,South,Display,VIP
CUST-00052,2025-03-13,Northeast,Organic/Direct,New
CUST-00053,2025-05-13,South,Display,VIP
CUST-00054,2025-06-20,South,Paid Social,New
CUST-00055,2025-07-01,South,Paid Social,Returning
CUST-00056,2025-01-16,West,Email,VIP
CUST-00057,2025-07-19,Northeast,Paid Social,New
CUST-00058,2025-02-26,Midwest,Organic/Direct,New
CUST-00059,2025-09-29,Midwest,Email,Returning
CUST-00060,2025-09-07,Northeast,Email,Returning
CUST-00061,2025-12-03,Midwest,Paid Social,New
CUST-00062,2025-09-29,Northeast,Affiliate,New
CUST-00063,2025-05-14,Midwest,Email,Returning
CUST-00064,2025-12-20,Midwest,Paid Search,New
CUST-00065,2025-05-30,West,Organic/Direct,Returning
CUST-00066,2025-04-29,Midwest,Paid Social,New
CUST-00067,2025-11-27,West,Paid Social,New
CUST-00068,2025-05-16,Midwest,Paid Search,Returning
CUST-00069,2025-01-28,Midwest,Email,New
CUST-00070,2025-06-21,Midwest,Display,VIP
CUST-00071,2025-10-18,Midwest,Organic/Direct,Returning
CUST-00072,2025-03-11,Northeast,Paid Search,New
CUST-00073,2025-06-18,Midwest,Organic/Direct,New
CUST-00074,2025-02-17,Northeast,Display,New
CUST-00075,2025-09-08,Midwest,Paid Social,Returning
CUST-00076,2025-06-23,South,Paid Search,Returning
CUST-00077,2025-05-01,Midwest,Paid Social,Returning
CUST-00078,2025-03-24,West,Organic/Direct,New
CUST-00079,2025-07-26,Northeast,Paid Social,New
CUST-00080,2025-09-02,West,Email,New
CUST-00081,2025-12-10,South,Display,Returning
CUST-00082,2025-06-09,West,Organic/Direct,New
CUST-00083,2025-02-28,West,Affiliate,New
CUST-00084,2025-10-31,Northeast,Display,New
CUST-00085,2025-08-18,South,Paid Search,New
CUST-00086,2025-09-13,Northeast,Organic/Direct,Returning
CUST-00087,2025-02-05,West,Paid Social,Returning
CUST-00088,2025-04-25,South,Paid Search,VIP
CUST-00089,2025-10-08,Northeast,Organic/Direct,New
CUST-00090,2025-10-31,West,Paid Search,Returning
CUST-00091,2025-06-08,Northeast,Paid Search,New
CUST-00092,2025-10-21,South,Affiliate,Returning
CUST-00093,2025-11-04,South,Paid Social,Returning
CUST-00094,2025-05-22,Northeast,Paid Search,New
CUST-00095,2025-11-24,South,Affiliate,Returning
CUST-00096,2025-04-16,West,Display,New
CUST-00097,2025-03-29,Northeast,Display,New
CUST-00098,2025-09-07,South,Paid Search,New
CUST-00099,2025-08-21,Northeast,Email,New
CUST-00100,2025-02-21,South,Organic/Direct,Returning
CUST-00101,2025-10-31,Northeast,Paid Search,Returning
CUST-00102,2025-03-14,West,Paid Search,Returning
CUST-00103,2025-10-21,West,Paid Search,Returning
CUST-00104,2025-01-03,Northeast,Email,Returning
CUST-00105,2025-10-18,Midwest,Paid Search,New
CUST-00106,2025-10-15,South,Display,New
CUST-00107,2025-10-12,South,Organic/Direct,New
CUST-00108,2025-08-31,Midwest,Paid Search,VIP
CUST-00109,2025-06-22,Northeast,Affiliate,VIP
CUST-00110,2025-09-15,Northeast,Paid Search,Returning
CUST-00111,2025-04-12,West,Paid Search,New
CUST-00112,2025-10-12,Midwest,Display,New
CUST-00113,2025-07-22,West,Paid Social,Returning
CUST-00114,2025-06-17,Midwest,Organic/Direct,New
CUST-00115,2025-07-04,West,Email,Returning
CUST-00116,2025-07-27,Northeast,Paid Search,New
CUST-00117,2025-01-14,Northeast,Email,New
CUST-00118,2025-02-21,West,Paid Search,Returning
CUST-00119,2025-03-31,West,Organic/Direct,VIP
CUST-00120,2025-02-11,Midwest,Affiliate,Returning
CUST-00121,2025-06-10,Midwest,Paid Social,New
CUST-00122,2025-09-01,Midwest,Email,New
CUST-00123,2025-08-27,Midwest,Affiliate,VIP
CUST-00124,2025-06-21,Northeast,Display,Returning
CUST-00125,2025-11-09,West,Paid Search,New
CUST-00126,2025-07-26,Northeast,Paid Search,Returning
CUST-00127,2025-01-29,South,Paid Search,New
CUST-00128,2025-10-07,Northeast,Paid Social,New
CUST-00129,2025-07-29,Northeast,Email,Returning
CUST-00130,2025-08-20,South,Paid Search,Returning
CUST-00131,2025-07-26,Midwest,Paid Social,New
CUST-00132,2025-07-22,South,Email,New
CUST-00133,2025-02-03,Northeast,Paid Search,VIP
CUST-00134,2025-07-24,West,Organic/Direct,Returning
CUST-00135,2025-10-18,South,Affiliate,Returning
CUST-00136,2025-04-21,West,Paid Social,New
CUST-00137,2025-08-09,Northeast,Email,VIP
CUST-00138,2025-01-12,Midwest,Paid Social,Returning
CUST-00139,2025-05-07,Midwest,Organic/Direct,New
CUST-00140,2025-06-09,South,Affiliate,New
CUST-00141,2025-12-25,Midwest,Email,Returning
CUST-00142,2025-03-20,Northeast,Organic/Direct,Returning
CUST-00143,2025-04-11,Midwest,Organic/Direct,Returning
CUST-00144,2025-05-30,Northeast,Organic/Direct,VIP
CUST-00145,2025-12-29,Midwest,Paid Search,Returning
CUST-00146,2025-11-08,Northeast,Paid Search,New
CUST-00147,2025-01-13,Northeast,Affiliate,New
CUST-00148,2025-03-27,South,Email,Returning
CUST-00149,2025-10-27,Midwest,Affiliate,New
CUST-00150,2025-01-22,Midwest,Display,New
CUST-00151,2025-11-09,South,Paid Social,Returning
CUST-00152,2025-04-13,South,Paid Social,New
CUST-00153,2025-12-01,Midwest,Email,Returning
CUST-00154,2025-04-18,South,Paid Social,New
CUST-00155,2025-06-08,West,Affiliate,New
CUST-00156,2025-08-30,South,Display,New
CUST-00157,2025-02-16,West,Email,Returning
CUST-00158,2025-07-23,South,Display,Returning
CUST-00159,2025-07-04,Northeast,Email,New
CUST-00160,2025-10-14,Midwest,Display,New
CUST-00161,2025-12-30,South,Paid Search,New
CUST-00162,2025-08-31,West,Display,Returning
CUST-00163,2025-05-30,Midwest,Display,VIP
CUST-00164,2025-05-29,Northeast,Paid Social,Returning
CUST-00165,2025-06-02,South,Email,New
CUST-00166,2025-10-25,Northeast,Organic/Direct,Returning
CUST-00167,2025-04-28,South,Paid Social,New
CUST-00168,2025-03-02,Midwest,Display,New
CUST-00169,2025-05-03,South,Organic/Direct,New
CUST-00170,2025-01-09,West,Organic/Direct,New
CUST-00171,2025-02-08,South,Paid Social,New
CUST-00172,2025-02-02,South,Affiliate,Returning
CUST-00173,2025-10-09,South,Organic/Direct,New
CUST-00174,2025-09-21,West,Affiliate,Returning
CUST-00175,2025-09-12,West,Paid Search,VIP
CUST-00176,2025-06-18,Northeast,Paid Search,Returning
CUST-00177,2025-09-19,South,Display,New
CUST-00178,2025-02-28,Northeast,Paid Social,Returning
CUST-00179,2025-11-25,West,Paid Social,New
CUST-00180,2025-07-02,South,Paid Social,New
CUST-00181,2025-12-09,Midwest,Display,New
CUST-00182,2025-02-25,Northeast,Email,Returning
CUST-00183,2025-07-01,Midwest,Organic/Direct,Returning
CUST-00184,2025-09-12,South,Display,Returning
CUST-00185,2025-06-30,Northeast,Organic/Direct,Returning
CUST-00186,2025-06-12,Northeast,Organic/Direct,New
CUST-00187,2025-03-02,West,Paid Social,Returning
CUST-00188,2025-05-20,South,Affiliate,Returning
CUST-00189,2025-03-29,Northeast,Paid Search,New
CUST-00190,2025-04-21,Midwest,Organic/Direct,VIP
CUST-00191,2025-09-07,West,Paid Social,Returning
CUST-00192,2025-08-19,South,Affiliate,New
CUST-00193,2025-08-10,South,Organic/Direct,New
CUST-00194,2025-05-13,Midwest,Paid Search,New
CUST-00195,2025-12-17,Midwest,Organic/Direct,Returning
CUST-00196,2025-02-01,Northeast,Paid Search,New
CUST-00197,2025-05-06,South,Email,New
CUST-00198,2025-02-13,Northeast,Email,Returning
CUST-00199,2025-05-04,Northeast,Paid Social,Returning
CUST-00200,2025-12-18,South,Affiliate,Returning
CUST-00201,2025-05-14,West,Organic/Direct,Returning
CUST-00202,2025-11-28,South,Paid Social,New
CUST-00203,2025-06-30,Midwest,Affiliate,New
CUST-00204,2025-09-13,Midwest,Organic/Direct,Returning
CUST-00205,2025-06-16,Midwest,Display,New
CUST-00206,2025-04-08,Midwest,Paid Search,Returning
CUST-00207,2025-10-06,South,Organic/Direct,VIP
CUST-00208,2025-12-20,Midwest,Paid Search,Returning
CUST-00209,2025-04-07,South,Affiliate,Returning
CUST-00210,2025-10-12,West,Affiliate,Returning
CUST-00211,2025-04-06,West,Display,Returning
CUST-00212,2025-09-19,Northeast,Paid Search,New
CUST-00213,2025-10-15,Midwest,Paid Search,New
CUST-00214,2025-06-14,Northeast,Display,New
CUST-00215,2025-09-26,Midwest,Paid Search,Returning
CUST-00216,2025-04-10,Midwest,Email,New
CUST-00217,2025-01-29,Northeast,Display,New
CUST-00218,2025-02-05,South,Affiliate,Returning
CUST-00219,2025-06-13,Midwest,Paid Search,New
CUST-00220,2025-11-26,West,Paid Social,Returning
CUST-00221,2025-02-16,Northeast,Organic/Direct,New
CUST-00222,2025-06-16,Northeast,Email,New
CUST-00223,2025-09-14,Midwest,Paid Search,New
CUST-00224,2025-03-15,Northeast,Paid Search,New
CUST-00225,2025-09-21,Northeast,Paid Social,VIP
CUST-00226,2025-04-22,West,Organic/Direct,VIP
CUST-00227,2025-10-23,Northeast,Paid Social,Returning
CUST-00228,2025-07-31,Northeast,Paid Search,Returning
CUST-00229,2025-07-19,South,Email,Returning
CUST-00230,2025-03-06,Midwest,Paid Search,Returning
CUST-00231,2025-06-19,South,Paid Social,New
CUST-00232,2025-11-09,Midwest,Organic/Direct,New
CUST-00233,2025-01-08,West,Display,Returning
CUST-00234,2025-10-04,Northeast,Paid Search,VIP
CUST-00235,2025-06-29,Midwest,Email,New
CUST-00236,2025-09-20,South,Paid Search,New
CUST-00237,2025-08-31,West,Paid Search,New
CUST-00238,2025-06-07,Midwest,Affiliate,New
CUST-00239,2025-04-23,South,Email,Returning
CUST-00240,2025-08-17,Northeast,Display,New
CUST-00241,2025-02-21,Northeast,Organic/Direct,VIP
CUST-00242,2025-08-02,Northeast,Paid Social,Returning
CUST-00243,2025-02-04,South,Organic/Direct,New
CUST-00244,2025-08-26,Midwest,Email,Returning
CUST-00245,2025-08-18,South,Paid Social,Returning
CUST-00246,2025-01-31,Northeast,Organic/Direct,New
CUST-00247,2025-10-04,West,Paid Search,New
CUST-00248,2025-06-01,West,Email,Returning
CUST-00249,2025-10-15,Northeast,Display,New
CUST-00250,2025-01-16,Northeast,Paid Social,New
CUST-00251,2025-03-07,Northeast,Organic/Direct,New
CUST-00252,2025-06-30,West,Paid Social,New
CUST-00253,2025-03-10,Northeast,Organic/Direct,Returning
CUST-00254,2025-05-01,South,Paid Search,New
CUST-00255,2025-08-30,Midwest,Paid Search,Returning
CUST-00256,2025-02-22,South,Paid Social,New
CUST-00257,2025-09-05,Midwest,Organic/Direct,Returning
CUST-00258,2025-02-07,Midwest,Paid Search,New
CUST-00259,2025-03-05,West,Organic/Direct,VIP
CUST-00260,2025-08-03,Northeast,Paid Search,VIP
CUST-00261,2025-10-17,West,Email,New
CUST-00262,2025-03-04,Northeast,Paid Social,Returning
CUST-00263,2025-04-20,Midwest,Paid Search,New
CUST-00264,2025-12-04,West,Organic/Direct,Returning
CUST-00265,2025-12-28,South,Paid Social,Returning
CUST-00266,2025-08-01,South,Affiliate,New
CUST-00267,2025-06-13,Northeast,Affiliate,New
CUST-00268,2025-05-07,Midwest,Email,New
CUST-00269,2025-08-12,Midwest,Affiliate,Returning
CUST-00270,2025-08-04,South,Organic/Direct,Returning
CUST-00271,2025-04-18,Midwest,Affiliate,New
CUST-00272,2025-01-09,Midwest,Email,New
CUST-00273,2025-02-25,Midwest,Affiliate,New
CUST-00274,2025-12-16,Northeast,Affiliate,Returning
CUST-00275,2025-06-02,Midwest,Paid Social,New
CUST-00276,2025-06-26,Northeast,Affiliate,New
CUST-00277,2025-06-20,West,Email,Returning
CUST-00278,2025-10-13,South,Display,New
CUST-00279,2025-01-24,Northeast,Organic/Direct,Returning
CUST-00280,2025-01-31,South,Organic/Direct,New
CUST-00281,2025-04-11,West,Organic/Direct,New
CUST-00282,2025-06-27,Northeast,Affiliate,Returning
CUST-00283,2025-09-02,Northeast,Display,New
CUST-00284,2025-06-29,Northeast,Paid Search,New
CUST-00285,2025-06-11,Northeast,Email,VIP
CUST-00286,2025-12-09,South,Paid Social,Returning
CUST-00287,2025-02-28,West,Paid Search,Returning
CUST-00288,2025-07-28,Northeast,Organic/Direct,New
CUST-00289,2025-07-17,South,Organic/Direct,New
CUST-00290,2025-06-22,Northeast,Email,New
CUST-00291,2025-10-22,South,Paid Social,VIP
CUST-00292,2025-04-08,South,Affiliate,Returning
CUST-00293,2025-12-15,Midwest,Paid Social,New
CUST-00294,2025-05-02,Northeast,Organic/Direct,VIP
CUST-00295,2025-07-18,South,Organic/Direct,New
CUST-00296,2025-07-10,West,Paid Social,Returning
CUST-00297,2025-11-07,Northeast,Paid Social,New
CUST-00298,2025-06-10,Northeast,Paid Social,New
CUST-00299,2025-04-14,Northeast,Paid Search,VIP
CUST-00300,2025-01-08,South,Paid Social,Returning
CUST-00301,2025-05-13,South,Paid Search,New
CUST-00302,2025-10-29,South,Paid Search,New
CUST-00303,2025-01-04,South,Paid Social,Returning
CUST-00304,2025-11-24,West,Paid Search,New
CUST-00305,2025-07-18,West,Display,Returning
CUST-00306,2025-02-21,Northeast,Paid Search,Returning
CUST-00307,2025-04-21,South,Organic/Direct,New
CUST-00308,2025-07-22,Midwest,Paid Search,New
CUST-00309,2025-04-26,Midwest,Paid Search,New
CUST-00310,2025-02-09,West,Paid Search,VIP
CUST-00311,2025-09-01,South,Display,New
CUST-00312,2025-09-03,West,Paid Social,Returning
CUST-00313,2025-02-13,Midwest,Email,New
CUST-00314,2025-04-13,South,Paid Search,Returning
CUST-00315,2025-03-31,Midwest,Organic/Direct,New
CUST-00316,2025-08-29,Northeast,Paid Search,New
CUST-00317,2025-09-24,Northeast,Paid Social,Returning
CUST-00318,2025-09-23,South,Organic/Direct,Returning
CUST-00319,2025-12-09,Northeast,Paid Social,New
CUST-00320,2025-10-08,West,Paid Social,New
CUST-00321,2025-04-28,Northeast,Organic/Direct,VIP
CUST-00322,2025-02-09,Northeast,Paid Social,New
CUST-00323,2025-08-13,South,Paid Search,New
CUST-00324,2025-12-01,Northeast,Paid Social,New
CUST-00325,2025-12-22,West,Paid Search,New
CUST-00326,2025-03-26,South,Organic/Direct,Returning
CUST-00327,2025-03-28,Northeast,Affiliate,Returning
CUST-00328,2025-01-14,South,Affiliate,New
CUST-00329,2025-02-21,South,Paid Search,Returning
CUST-00330,2025-07-22,South,Affiliate,New
CUST-00331,2025-07-19,West,Affiliate,Returning
CUST-00332,2025-05-16,South,Paid Search,New
CUST-00333,2025-04-24,South,Organic/Direct,New
CUST-00334,2025-10-30,Midwest,Affiliate,Returning
CUST-00335,2025-06-17,South,Display,New
CUST-00336,2025-10-23,West,Paid Social,New
CUST-00337,2025-12-18,South,Paid Search,New
CUST-00338,2025-04-26,South,Display,Returning
CUST-00339,2025-03-15,Midwest,Display,New
CUST-00340,2025-12-14,South,Paid Social,Returning
CUST-00341,2025-08-20,West,Paid Search,Returning
CUST-00342,2025-04-17,Northeast,Organic/Direct,Returning
CUST-00343,2025-08-15,Northeast,Paid Search,New
CUST-00344,2025-07-07,South,Paid Social,Returning
CUST-00345,2025-11-27,Midwest,Affiliate,New
CUST-00346,2025-04-04,South,Paid Search,VIP
CUST-00347,2025-12-28,Northeast,Paid Search,Returning
CUST-00348,2025-12-08,Midwest,Paid Search,New
CUST-00349,2025-03-07,South,Organic/Direct,Returning
CUST-00350,2025-03-02,South,Paid Social,New
CUST-00351,2025-07-14,South,Affiliate,New
CUST-00352,2025-01-17,South,Organic/Direct,New
CUST-00353,2025-04-20,South,Affiliate,Returning
CUST-00354,2025-06-08,South,Email,Returning
CUST-00355,2025-12-20,South,Email,Returning
CUST-00356,2025-12-29,South,Paid Social,New
CUST-00357,2025-02-25,South,Affiliate,Returning
CUST-00358,2025-11-22,Northeast,Organic/Direct,Returning
CUST-00359,2025-02-03,Midwest,Display,Returning
CUST-00360,2025-10-01,South,Paid Social,New
CUST-00361,2025-11-05,West,Paid Social,New
CUST-00362,2025-11-22,South,Organic/Direct,Returning
CUST-00363,2025-03-23,Northeast,Paid Search,New
CUST-00364,2025-11-23,South,Organic/Direct,New
CUST-00365,2025-02-12,Northeast,Paid Social,New
CUST-00366,2025-07-09,South,Display,New
CUST-00367,2025-06-21,West,Organic/Direct,New
CUST-00368,2025-04-26,South,Email,New
CUST-00369,2025-01-09,South,Paid Search,Returning
CUST-00370,2025-10-09,Midwest,Organic/Direct,VIP
CUST-00371,2025-05-03,Midwest,Paid Social,New
CUST-00372,2025-08-30,West,Paid Social,New
CUST-00373,2025-05-30,South,Email,Returning
CUST-00374,2025-05-17,South,Paid Social,New
CUST-00375,2025-11-20,Midwest,Affiliate,VIP
CUST-00376,2025-02-04,Northeast,Paid Search,Returning
CUST-00377,2025-09-26,Northeast,Paid Social,New
CUST-00378,2025-09-30,Northeast,Organic/Direct,New
CUST-00379,2025-05-19,Midwest,Paid Search,New
CUST-00380,2025-04-06,West,Email,Returning
CUST-00381,2025-01-02,Midwest,Affiliate,New
CUST-00382,2025-12-08,Northeast,Organic/Direct,Returning
CUST-00383,2025-12-12,Northeast,Affiliate,Returning
CUST-00384,2025-03-29,Midwest,Organic/Direct,Returning
CUST-00385,2025-01-12,West,Paid Search,Returning
CUST-00386,2025-02-14,Midwest,Paid Social,New
CUST-00387,2025-01-25,South,Organic/Direct,New
CUST-00388,2025-10-31,West,Organic/Direct,Returning
CUST-00389,2025-11-22,Northeast,Email,New
CUST-00390,2025-02-25,South,Email,New
CUST-00391,2025-09-30,West,Email,New
CUST-00392,2025-03-07,Midwest,Paid Search,New
CUST-00393,2025-05-15,Northeast,Organic/Direct,Returning
CUST-00394,2025-08-07,West,Organic/Direct,New
CUST-00395,2025-09-20,West,Email,Returning
CUST-00396,2025-11-16,South,Paid Social,VIP
CUST-00397,2025-01-17,South,Paid Social,New
CUST-00398,2025-03-13,Northeast,Paid Search,Returning
CUST-00399,2025-04-13,West,Display,New
CUST-00400,2025-04-24,Midwest,Email,New
CUST-00401,2025-12-31,Northeast,Paid Search,New
CUST-00402,2025-10-11,South,Affiliate,New
CUST-00403,2025-04-27,West,Organic/Direct,New
CUST-00404,2025-12-21,West,Paid Search,New
CUST-00405,2025-07-02,Midwest,Email,New
CUST-00406,2025-07-02,Northeast,Email,New
CUST-00407,2025-06-08,West,Paid Search,Returning
CUST-00408,2025-02-22,West,Email,New
CUST-00409,2025-12-08,South,Affiliate,Returning
CUST-00410,2025-01-06,South,Paid Search,VIP
CUST-00411,2025-03-05,Midwest,Paid Search,Returning
CUST-00412,2025-03-25,Midwest,Organic/Direct,Returning
CUST-00413,2025-04-12,Northeast,Paid Social,Returning
CUST-00414,2025-02-18,Northeast,Affiliate,Returning
CUST-00415,2025-01-07,Northeast,Affiliate,VIP
CUST-00416,2025-09-05,West,Organic/Direct,VIP
CUST-00417,2025-12-20,Northeast,Display,New
CUST-00418,2025-02-14,Northeast,Organic/Direct,Returning
CUST-00419,2025-04-19,South,Affiliate,Returning
CUST-00420,2025-07-04,Northeast,Email,New
CUST-00421,2025-12-05,Northeast,Paid Social,New
CUST-00422,2025-09-11,South,Paid Social,Returning
CUST-00423,2025-10-07,Midwest,Paid Social,Returning
CUST-00424,2025-08-01,South,Paid Search,New
CUST-00425,2025-06-02,West,Paid Social,New
CUST-00426,2025-03-14,Northeast,Paid Social,New
CUST-00427,2025-11-12,West,Paid Search,Returning
CUST-00428,2025-10-21,West,Paid Social,VIP
CUST-00429,2025-01-10,West,Display,Returning
CUST-00430,2025-09-19,South,Affiliate,New
CUST-00431,2025-01-31,South,Organic/Direct,New
CUST-00432,2025-09-27,South,Email,Returning
CUST-00433,2025-10-29,South,Organic/Direct,Returning
CUST-00434,2025-02-17,Northeast,Display,New
CUST-00435,2025-06-08,West,Paid Search,New
CUST-00436,2025-02-15,South,Organic/Direct,New
CUST-00437,2025-07-27,South,Paid Search,Returning
CUST-00438,2025-12-05,Midwest,Affiliate,Returning
CUST-00439,2025-01-30,Northeast,Display,New
CUST-00440,2025-05-26,Midwest,Paid Social,VIP
CUST-00441,2025-12-22,Midwest,Affiliate,Returning
CUST-00442,2025-04-20,Midwest,Paid Social,VIP
CUST-00443,2025-02-18,Midwest,Paid Search,New
CUST-00444,2025-06-28,Northeast,Paid Search,New
CUST-00445,2025-07-05,South,Paid Search,VIP
CUST-00446,2025-08-30,Midwest,Paid Search,VIP
CUST-00447,2025-04-25,West,Affiliate,VIP
CUST-00448,2025-12-15,Northeast,Email,Returning
CUST-00449,2025-07-10,Midwest,Email,New
CUST-00450,2025-04-15,Midwest,Affiliate,New
CUST-00451,2025-12-17,South,Paid Search,New
CUST-00452,2025-12-04,Midwest,Paid Social,VIP
CUST-00453,2025-07-02,South,Display,New
CUST-00454,2025-01-10,West,Organic/Direct,Returning
CUST-00455,2025-08-06,Midwest,Paid Social,VIP
CUST-00456,2025-07-22,South,Paid Search,VIP
CUST-00457,2025-02-24,Northeast,Display,VIP
CUST-00458,2025-08-20,Northeast,Organic/Direct,Returning
CUST-00459,2025-11-03,Midwest,Paid Social,New
CUST-00460,2025-02-08,Northeast,Paid Social,VIP
CUST-00461,2025-09-22,South,Paid Search,New
CUST-00462,2025-02-21,South,Affiliate,New
CUST-00463,2025-10-01,South,Organic/Direct,VIP
CUST-00464,2025-06-02,South,Affiliate,Returning
CUST-00465,2025-01-03,South,Paid Social,New
CUST-00466,2025-12-19,Midwest,Affiliate,New
CUST-00467,2025-03-02,Northeast,Organic/Direct,New
CUST-00468,2025-08-06,Northeast,Email,VIP
CUST-00469,2025-03-08,South,Organic/Direct,Returning
CUST-00470,2025-12-07,West,Paid Social,New
CUST-00471,2025-09-27,Northeast,Paid Social,Returning
CUST-00472,2025-10-21,South,Affiliate,Returning
CUST-00473,2025-06-07,South,Email,VIP
CUST-00474,2025-06-20,West,Organic/Direct,New
CUST-00475,2025-08-20,South,Email,Returning
CUST-00476,2025-10-14,South,Paid Social,New
CUST-00477,2025-11-06,South,Paid Social,New
CUST-00478,2025-01-07,West,Email,New
CUST-00479,2025-08-31,Northeast,Paid Social,New
CUST-00480,2025-02-09,West,Display,Returning
CUST-00481,2025-04-16,Northeast,Paid Social,New
CUST-00482,2025-10-30,West,Paid Social,New
CUST-00483,2025-04-02,Northeast,Affiliate,New
CUST-00484,2025-10-18,Northeast,Paid Search,New
CUST-00485,2025-06-18,Northeast,Affiliate,Returning
CUST-00486,2025-03-26,Midwest,Email,New
CUST-00487,2025-05-02,Midwest,Email,New
CUST-00488,2025-07-13,Northeast,Display,VIP
CUST-00489,2025-10-07,Midwest,Display,New
CUST-00490,2025-08-10,Midwest,Organic/Direct,Returning
CUST-00491,2025-12-07,South,Paid Social,Returning
CUST-00492,2025-11-13,West,Paid Social,Returning
CUST-00493,2025-10-02,South,Display,Returning
CUST-00494,2025-08-09,Northeast,Affiliate,New
CUST-00495,2025-04-16,Midwest,Affiliate,Returning
CUST-00496,2025-05-31,West,Email,Returning
CUST-00497,2025-02-13,Northeast,Display,New
CUST-00498,2025-05-17,Midwest,Paid Search,Returning
CUST-00499,2025-12-05,West,Email,New
CUST-00500,2025-06-05,West,Paid Search,VIP
CUST-00501,2025-02-11,Midwest,Paid Social,Returning
CUST-00502,2025-08-26,South,Affiliate,New
CUST-00503,2025-12-18,Midwest,Email,Returning
CUST-00504,2025-11-13,South,Paid Social,VIP
CUST-00505,2025-04-11,Northeast,Organic/Direct,Returning
CUST-00506,2025-06-15,Northeast,Display,New
CUST-00507,2025-07-13,South,Email,Returning
CUST-00508,2025-04-01,Northeast,Organic/Direct,Returning
CUST-00509,2025-04-09,South,Paid Social,New
CUST-00510,2025-03-28,Midwest,Display,Returning
CUST-00511,2025-12-30,West,Paid Search,Returning
CUST-00512,2025-09-30,West,Paid Social,Returning
CUST-00513,2025-11-03,Midwest,Paid Social,Returning
CUST-00514,2025-10-26,South,Paid Search,New
CUST-00515,2025-12-17,Midwest,Email,VIP
CUST-00516,2025-02-08,Midwest,Paid Search,Returning
CUST-00517,2025-11-18,Northeast,Affiliate,New
CUST-00518,2025-01-25,West,Paid Search,New
CUST-00519,2025-06-23,West,Paid Search,New
CUST-00520,2025-08-05,West,Organic/Direct,Returning
CUST-00521,2025-05-11,West,Affiliate,New
CUST-00522,2025-02-23,West,Organic/Direct,VIP
CUST-00523,2025-03-12,Northeast,Email,VIP
CUST-00524,2025-10-29,West,Paid Search,Returning
CUST-00525,2025-04-27,South,Affiliate,New
CUST-00526,2025-04-24,Midwest,Email,Returning
CUST-00527,2025-12-04,South,Paid Search,New
CUST-00528,2025-02-22,Midwest,Organic/Direct,Returning
CUST-00529,2025-12-01,Midwest,Affiliate,New
CUST-00530,2025-12-03,Northeast,Display,VIP
CUST-00531,2025-08-07,Northeast,Email,New
CUST-00532,2025-03-02,Midwest,Affiliate,New
CUST-00533,2025-02-26,West,Paid Social,VIP
CUST-00534,2025-04-14,South,Organic/Direct,New
CUST-00535,2025-07-30,South,Paid Social,Returning
CUST-00536,2025-02-26,Midwest,Paid Search,VIP
CUST-00537,2025-06-16,Midwest,Paid Search,New
CUST-00538,2025-02-12,Northeast,Affiliate,New
CUST-00539,2025-07-17,West,Organic/Direct,Returning
CUST-00540,2025-01-08,Northeast,Organic/Direct,Returning
CUST-00541,2025-09-16,South,Display,VIP
CUST-00542,2025-01-21,South,Organic/Direct,New
CUST-00543,2025-03-13,South,Display,Returning
CUST-00544,2025-03-05,West,Paid Social,New
CUST-00545,2025-10-31,Midwest,Affiliate,Returning
CUST-00546,2025-01-20,West,Paid Search,Returning
CUST-00547,2025-06-06,South,Paid Search,Returning
CUST-00548,2025-08-04,South,Paid Social,New
CUST-00549,2025-07-08,South,Paid Search,New
CUST-00550,2025-09-06,West,Organic/Direct,New
CUST-00551,2025-10-21,West,Organic/Direct,New
CUST-00552,2025-05-24,Midwest,Paid Social,New
CUST-00553,2025-10-30,West,Display,Returning
CUST-00554,2025-04-27,South,Paid Social,New
CUST-00555,2025-12-26,Midwest,Paid Search,New
CUST-00556,2025-07-04,West,Paid Social,Returning
CUST-00557,2025-09-26,Midwest,Paid Search,New
CUST-00558,2025-11-16,South,Paid Social,New
CUST-00559,2025-10-17,Northeast,Paid Search,VIP
CUST-00560,2025-11-07,Northeast,Paid Search,New
CUST-00561,2025-07-15,West,Paid Search,New
CUST-00562,2025-01-16,Midwest,Organic/Direct,Returning
CUST-00563,2025-06-29,Midwest,Paid Search,New
CUST-00564,2025-03-08,Northeast,Paid Social,New
CUST-00565,2025-11-21,Midwest,Email,New
CUST-00566,2025-03-28,West,Paid Social,New
CUST-00567,2025-03-25,West,Email,Returning
CUST-00568,2025-04-02,Northeast,Paid Search,New
CUST-00569,2025-08-23,South,Affiliate,New
CUST-00570,2025-07-28,Midwest,Affiliate,New
CUST-00571,2025-12-13,South,Affiliate,VIP
CUST-00572,2025-06-01,Midwest,Affiliate,New
CUST-00573,2025-04-14,Midwest,Paid Social,Returning
CUST-00574,2025-01-18,Midwest,Paid Social,New
CUST-00575,2025-01-03,South,Paid Search,VIP
CUST-00576,2025-05-17,Midwest,Email,New
CUST-00577,2025-12-04,Midwest,Paid Search,New
CUST-00578,2025-07-11,West,Paid Social,New
CUST-00579,2025-11-23,South,Affiliate,New
CUST-00580,2025-02-07,Midwest,Paid Search,Returning
CUST-00581,2025-02-04,West,Paid Search,Returning
CUST-00582,2025-11-01,West,Affiliate,Returning
CUST-00583,2025-02-08,Northeast,Paid Social,New
CUST-00584,2025-01-19,South,Organic/Direct,Returning
CUST-00585,2025-05-28,Midwest,Organic/Direct,New
CUST-00586,2025-12-04,South,Organic/Direct,VIP
CUST-00587,2025-09-09,Northeast,Paid Social,Returning
CUST-00588,2025-02-06,South,Paid Social,Returning
CUST-00589,2025-11-02,Northeast,Affiliate,Returning
CUST-00590,2025-11-04,South,Affiliate,Returning
CUST-00591,2025-10-20,West,Affiliate,Returning
CUST-00592,2025-11-26,Midwest,Paid Social,New
CUST-00593,2025-03-29,West,Paid Search,Returning
CUST-00594,2025-12-24,West,Paid Search,New
CUST-00595,2025-04-28,West,Paid Search,New
CUST-00596,2025-10-20,Northeast,Paid Search,Returning
CUST-00597,2025-07-31,West,Organic/Direct,New
CUST-00598,2025-10-12,Northeast,Paid Search,Returning
CUST-00599,2025-08-18,Midwest,Affiliate,New
CUST-00600,2025-08-23,West,Organic/Direct,New
CUST-00601,2025-08-13,South,Paid Social,Returning
CUST-00602,2025-10-12,South,Email,New
CUST-00603,2025-09-27,Midwest,Affiliate,Returning
CUST-00604,2025-02-19,West,Paid Social,Returning
CUST-00605,2025-10-29,South,Email,Returning
CUST-00606,2025-07-15,Midwest,Organic/Direct,New
CUST-00607,2025-04-28,West,Display,Returning
CUST-00608,2025-07-07,Northeast,Organic/Direct,New
CUST-00609,2025-12-19,Northeast,Organic/Direct,New
CUST-00610,2025-11-10,South,Paid Social,New
CUST-00611,2025-11-01,West,Display,New
CUST-00612,2025-06-18,Northeast,Affiliate,New
CUST-00613,2025-10-14,Northeast,Affiliate,New
CUST-00614,2025-05-21,Northeast,Display,New
CUST-00615,2025-09-08,West,Display,Returning
CUST-00616,2025-08-22,Northeast,Organic/Direct,New
CUST-00617,2025-04-02,Midwest,Paid Social,New
CUST-00618,2025-04-08,West,Affiliate,New
CUST-00619,2025-01-23,Northeast,Paid Social,New
CUST-00620,2025-02-21,South,Affiliate,Returning
CUST-00621,2025-06-08,South,Display,VIP
CUST-00622,2025-06-24,West,Display,Returning
CUST-00623,2025-03-02,Midwest,Paid Social,Returning
CUST-00624,2025-06-02,Midwest,Email,New
CUST-00625,2025-08-09,Northeast,Paid Social,VIP
CUST-00626,2025-03-26,South,Paid Search,New
CUST-00627,2025-05-04,South,Paid Social,New
CUST-00628,2025-05-15,Northeast,Organic/Direct,New
CUST-00629,2025-07-04,Midwest,Paid Social,New
CUST-00630,2025-05-14,West,Organic/Direct,Returning
CUST-00631,2025-09-26,Northeast,Paid Social,New
CUST-00632,2025-04-30,Midwest,Display,New
CUST-00633,2025-06-08,South,Affiliate,New
CUST-00634,2025-05-19,Midwest,Affiliate,VIP
CUST-00635,2025-03-08,Midwest,Affiliate,Returning
CUST-00636,2025-09-08,Midwest,Display,VIP
CUST-00637,2025-03-27,Northeast,Organic/Direct,Returning
CUST-00638,2025-04-19,South,Affiliate,VIP
CUST-00639,2025-10-17,South,Paid Search,New
CUST-00640,2025-12-13,South,Paid Social,New
CUST-00641,2025-09-02,Northeast,Display,New
CUST-00642,2025-12-01,West,Email,New
CUST-00643,2025-11-08,Northeast,Email,Returning
CUST-00644,2025-06-25,South,Affiliate,New
CUST-00645,2025-10-09,Midwest,Paid Social,New
CUST-00646,2025-04-30,South,Display,Returning
CUST-00647,2025-06-18,Northeast,Display,New
CUST-00648,2025-07-15,Northeast,Display,New
CUST-00649,2025-12-17,Midwest,Display,New
CUST-00650,2025-11-06,Northeast,Organic/Direct,Returning
CUST-00651,2025-06-28,Northeast,Affiliate,New
CUST-00652,2025-08-27,South,Organic/Direct,New
CUST-00653,2025-03-15,West,Paid Search,New
CUST-00654,2025-10-21,Northeast,Affiliate,Returning
CUST-00655,2025-07-21,West,Display,New
CUST-00656,2025-07-14,South,Email,New
CUST-00657,2025-10-07,West,Paid Social,VIP
CUST-00658,2025-08-20,South,Email,Returning
CUST-00659,2025-01-27,South,Paid Social,New
CUST-00660,2025-04-16,South,Organic/Direct,New
CUST-00661,2025-03-06,South,Paid Social,New
CUST-00662,2025-09-26,West,Paid Search,Returning
CUST-00663,2025-01-13,Northeast,Affiliate,New
CUST-00664,2025-03-15,Midwest,Paid Social,VIP
CUST-00665,2025-08-07,Northeast,Paid Search,Returning
CUST-00666,2025-09-11,West,Affiliate,Returning
CUST-00667,2025-07-03,Midwest,Email,New
CUST-00668,2025-11-11,South,Paid Search,Returning
CUST-00669,2025-12-02,West,Affiliate,Returning
CUST-00670,2025-02-18,West,Affiliate,Returning
CUST-00671,2025-12-14,Northeast,Display,New
CUST-00672,2025-08-13,South,Paid Social,Returning
CUST-00673,2025-08-21,West,Paid Social,Returning
CUST-00674,2025-02-04,Northeast,Organic/Direct,VIP
CUST-00675,2025-08-15,South,Affiliate,Returning
CUST-00676,2025-09-22,Midwest,Paid Search,New
CUST-00677,2025-07-31,South,Organic/Direct,New
CUST-00678,2025-01-31,South,Paid Search,Returning
CUST-00679,2025-07-10,Northeast,Display,VIP
CUST-00680,2025-12-08,Northeast,Display,Returning
CUST-00681,2025-09-22,Northeast,Organic/Direct,New
CUST-00682,2025-02-20,Northeast,Organic/Direct,New
CUST-00683,2025-12-17,South,Paid Social,Returning
CUST-00684,2025-12-16,Midwest,Display,Returning
CUST-00685,2025-03-03,Northeast,Paid Social,New
CUST-00686,2025-10-20,South,Affiliate,New
CUST-00687,2025-05-29,South,Affiliate,VIP
CUST-00688,2025-08-05,South,Paid Search,New
CUST-00689,2025-06-12,West,Paid Search,New
CUST-00690,2025-10-13,Midwest,Paid Search,New
CUST-00691,2025-12-30,West,Paid Search,New
CUST-00692,2025-10-18,Northeast,Paid Social,New
CUST-00693,2025-12-06,South,Organic/Direct,Returning
CUST-00694,2025-12-12,West,Email,Returning
CUST-00695,2025-02-02,West,Display,Returning
CUST-00696,2025-04-03,South,Organic/Direct,Returning
CUST-00697,2025-09-21,South,Display,New
CUST-00698,2025-08-04,Midwest,Paid Social,New
CUST-00699,2025-01-19,South,Organic/Direct,New
CUST-00700,2025-02-04,South,Display,New
CUST-00701,2025-07-09,West,Display,Returning
CUST-00702,2025-08-13,Midwest,Organic/Direct,New
CUST-00703,2025-03-03,Northeast,Affiliate,Returning
CUST-00704,2025-03-04,South,Email,New
CUST-00705,2025-02-17,Northeast,Organic/Direct,New
CUST-00706,2025-07-26,Northeast,Email,New
CUST-00707,2025-01-03,Midwest,Organic/Direct,New
CUST-00708,2025-07-28,South,Paid Search,Returning
CUST-00709,2025-06-23,Northeast,Paid Search,Returning
CUST-00710,2025-06-20,Northeast,Email,New
CUST-00711,2025-09-05,Northeast,Paid Search,Returning
CUST-00712,2025-07-10,West,Organic/Direct,Returning
CUST-00713,2025-09-23,South,Paid Search,New
CUST-00714,2025-10-06,Northeast,Display,New
CUST-00715,2025-12-02,Northeast,Paid Social,New
CUST-00716,2025-10-19,South,Organic/Direct,New
CUST-00717,2025-07-08,Midwest,Paid Social,Returning
CUST-00718,2025-06-29,South,Paid Search,New
CUST-00719,2025-03-28,Midwest,Paid Search,New
CUST-00720,2025-08-07,West,Email,Returning
CUST-00721,2025-02-20,Midwest,Organic/Direct,New
CUST-00722,2025-12-06,South,Organic/Direct,Returning
CUST-00723,2025-11-05,Northeast,Paid Social,New
CUST-00724,2025-02-13,West,Email,New
CUST-00725,2025-10-14,West,Paid Search,New
CUST-00726,2025-02-12,South,Email,New
CUST-00727,2025-09-21,Midwest,Affiliate,New
CUST-00728,2025-02-02,Northeast,Paid Social,Returning
CUST-00729,2025-06-28,West,Affiliate,Returning
CUST-00730,2025-08-29,South,Organic/Direct,Returning
CUST-00731,2025-09-24,Northeast,Paid Search,New
CUST-00732,2025-06-02,Midwest,Paid Search,VIP
CUST-00733,2025-12-03,Midwest,Paid Search,New
CUST-00734,2025-10-10,West,Paid Search,Returning
CUST-00735,2025-03-18,South,Paid Search,Returning
CUST-00736,2025-09-02,South,Affiliate,Returning
CUST-00737,2025-09-24,South,Paid Search,New
CUST-00738,2025-05-02,Midwest,Display,Returning
CUST-00739,2025-09-27,Midwest,Organic/Direct,Returning
CUST-00740,2025-11-24,Northeast,Organic/Direct,New
CUST-00741,2025-10-26,South,Affiliate,Returning
CUST-00742,2025-10-06,Midwest,Paid Search,New
CUST-00743,2025-08-20,Midwest,Paid Search,New
CUST-00744,2025-04-09,Northeast,Paid Search,Returning
CUST-00745,2025-10-18,Northeast,Organic/Direct,Returning
CUST-00746,2025-05-13,South,Organic/Direct,New
CUST-00747,2025-07-14,Northeast,Paid Social,New
CUST-00748,2025-04-25,Northeast,Paid Social,New
CUST-00749,2025-04-25,South,Email,New
CUST-00750,2025-02-27,Midwest,Paid Social,New
CUST-00751,2025-12-17,Midwest,Organic/Direct,New
CUST-00752,2025-02-23,Midwest,Paid Search,Returning
CUST-00753,2025-02-01,West,Paid Social,New
CUST-00754,2025-12-08,Midwest,Paid Social,New
CUST-00755,2025-07-22,South,Paid Search,New
CUST-00756,2025-06-09,West,Paid Social,New
CUST-00757,2025-09-27,South,Organic/Direct,New
CUST-00758,2025-05-20,Midwest,Paid Search,New
CUST-00759,2025-02-16,South,Affiliate,New
CUST-00760,2025-09-24,Midwest,Paid Social,New
CUST-00761,2025-03-06,Midwest,Paid Search,Returning
CUST-00762,2025-07-21,South,Paid Search,Returning
CUST-00763,2025-12-13,Midwest,Paid Social,New
CUST-00764,2025-12-08,Northeast,Paid Search,New
CUST-00765,2025-05-12,Midwest,Paid Social,New
CUST-00766,2025-10-12,Northeast,Organic/Direct,New
CUST-00767,2025-08-12,Midwest,Display,Returning
CUST-00768,2025-06-24,South,Organic/Direct,Returning
CUST-00769,2025-02-21,West,Paid Social,New
CUST-00770,2025-05-18,Northeast,Display,New
CUST-00771,2025-08-26,South,Affiliate,New
CUST-00772,2025-12-27,Midwest,Paid Search,New
CUST-00773,2025-01-02,Northeast,Paid Social,VIP
CUST-00774,2025-09-19,Northeast,Email,New
CUST-00775,2025-11-05,Northeast,Display,New
CUST-00776,2025-12-14,Northeast,Email,New
CUST-00777,2025-06-04,Midwest,Paid Search,New
CUST-00778,2025-02-13,Midwest,Organic/Direct,New
CUST-00779,2025-04-09,South,Paid Search,New
CUST-00780,2025-11-07,Northeast,Organic/Direct,New
CUST-00781,2025-11-17,Northeast,Organic/Direct,New
CUST-00782,2025-08-21,Northeast,Organic/Direct,Returning
CUST-00783,2025-02-14,South,Display,New
CUST-00784,2025-02-14,Midwest,Paid Search,New
CUST-00785,2025-06-24,South,Affiliate,Returning
CUST-00786,2025-08-03,Northeast,Display,New
CUST-00787,2025-01-12,Northeast,Display,VIP
CUST-00788,2025-09-08,West,Paid Social,VIP
CUST-00789,2025-07-18,Northeast,Paid Search,New
CUST-00790,2025-01-05,Northeast,Paid Social,New
CUST-00791,2025-02-04,Northeast,Email,Returning
CUST-00792,2025-06-15,West,Affiliate,New
CUST-00793,2025-09-21,South,Organic/Direct,New
CUST-00794,2025-10-29,South,Display,Returning
CUST-00795,2025-06-07,West,Affiliate,New
CUST-00796,2025-04-18,Northeast,Paid Social,Returning
CUST-00797,2025-12-20,West,Email,Returning
CUST-00798,2025-06-17,Northeast,Paid Social,Returning
CUST-00799,2025-04-26,South,Paid Search,Returning
CUST-00800,2025-06-11,Midwest,Paid Search,Returning
CUST-00801,2025-01-05,Midwest,Paid Social,New
CUST-00802,2025-04-21,West,Paid Social,VIP
CUST-00803,2025-07-08,Northeast,Affiliate,VIP
CUST-00804,2025-12-02,West,Paid Search,Returning
CUST-00805,2025-09-27,Midwest,Paid Social,Returning
CUST-00806,2025-10-13,South,Paid Search,Returning
CUST-00807,2025-07-18,West,Affiliate,New
CUST-00808,2025-02-10,Northeast,Affiliate,Returning
CUST-00809,2025-05-23,West,Paid Social,New
CUST-00810,2025-12-30,South,Paid Search,New
CUST-00811,2025-01-17,South,Organic/Direct,New
CUST-00812,2025-11-17,Northeast,Affiliate,Returning
CUST-00813,2025-09-07,South,Affiliate,Returning
CUST-00814,2025-04-14,South,Email,New
CUST-00815,2025-10-11,Midwest,Organic/Direct,New
CUST-00816,2025-11-02,Northeast,Organic/Direct,New
CUST-00817,2025-01-16,Northeast,Paid Social,New
CUST-00818,2025-02-08,West,Affiliate,New
CUST-00819,2025-08-31,Northeast,Paid Search,Returning
CUST-00820,2025-12-31,South,Affiliate,New
CUST-00821,2025-01-09,West,Paid Social,New
CUST-00822,2025-08-31,Northeast,Paid Search,New
CUST-00823,2025-02-19,Northeast,Organic/Direct,New
CUST-00824,2025-08-26,South,Organic/Direct,Returning
CUST-00825,2025-08-16,Northeast,Paid Social,New
CUST-00826,2025-02-03,South,Organic/Direct,New
CUST-00827,2025-09-06,South,Paid Social,Returning
CUST-00828,2025-11-24,South,Email,New
CUST-00829,2025-11-12,Midwest,Organic/Direct,Returning
CUST-00830,2025-01-11,South,Paid Social,VIP
CUST-00831,2025-03-31,South,Email,Returning
CUST-00832,2025-03-29,Northeast,Affiliate,VIP
CUST-00833,2025-06-15,South,Paid Search,New
CUST-00834,2025-02-22,West,Paid Social,New
CUST-00835,2025-11-08,South,Paid Social,New
CUST-00836,2025-10-11,Midwest,Affiliate,New
CUST-00837,2025-10-23,Midwest,Paid Search,New
CUST-00838,2025-03-14,Northeast,Paid Search,New
CUST-00839,2025-01-06,Northeast,Display,New
CUST-00840,2025-11-29,Northeast,Paid Search,New
CUST-00841,2025-04-16,West,Paid Social,Returning
CUST-00842,2025-08-28,Northeast,Display,New
CUST-00843,2025-11-28,West,Display,New
CUST-00844,2025-01-14,Northeast,Paid Search,New
CUST-00845,2025-01-02,Midwest,Organic/Direct,Returning
CUST-00846,2025-01-02,Midwest,Display,New
CUST-00847,2025-02-27,Midwest,Paid Social,Returning
CUST-00848,2025-01-19,South,Display,New
CUST-00849,2025-10-27,West,Display,New
CUST-00850,2025-08-10,West,Affiliate,VIP
CUST-00851,2025-12-24,Northeast,Email,New
CUST-00852,2025-10-20,South,Display,New
CUST-00853,2025-12-18,Northeast,Organic/Direct,New
CUST-00854,2025-03-29,West,Affiliate,New
CUST-00855,2025-04-16,South,Organic/Direct,New
CUST-00856,2025-11-07,Midwest,Display,New
CUST-00857,2025-03-31,Northeast,Organic/Direct,New
CUST-00858,2025-01-21,Northeast,Organic/Direct,VIP
CUST-00859,2025-09-02,Northeast,Paid Search,New
CUST-00860,2025-10-20,West,Paid Search,New
CUST-00861,2025-12-20,South,Affiliate,Returning
CUST-00862,2025-12-05,West,Email,New
CUST-00863,2025-02-13,Northeast,Affiliate,Returning
CUST-00864,2025-10-09,South,Display,New
CUST-00865,2025-11-05,Northeast,Organic/Direct,Returning
CUST-00866,2025-09-12,South,Paid Social,VIP
CUST-00867,2025-10-27,Midwest,Display,New
CUST-00868,2025-11-02,Midwest,Paid Search,Returning
CUST-00869,2025-06-12,South,Email,Returning
CUST-00870,2025-01-15,Northeast,Paid Search,Returning
CUST-00871,2025-06-16,Midwest,Email,New
CUST-00872,2025-03-15,South,Email,New
CUST-00873,2025-02-11,Northeast,Display,New
CUST-00874,2025-02-15,West,Affiliate,VIP
CUST-00875,2025-09-12,Midwest,Paid Social,New
CUST-00876,2025-07-04,West,Paid Search,New
CUST-00877,2025-07-17,South,Paid Search,Returning
CUST-00878,2025-09-29,South,Organic/Direct,New
CUST-00879,2025-07-20,South,Organic/Direct,Returning
CUST-00880,2025-08-18,West,Paid Social,New
CUST-00881,2025-02-01,South,Paid Social,Returning
CUST-00882,2025-11-07,Midwest,Paid Social,New
CUST-00883,2025-06-13,Northeast,Affiliate,New
CUST-00884,2025-02-26,South,Paid Social,New
CUST-00885,2025-10-24,Northeast,Paid Search,New
CUST-00886,2025-09-26,Northeast,Paid Social,New
CUST-00887,2025-01-20,Northeast,Paid Social,New
CUST-00888,2025-03-12,South,Paid Social,Returning
CUST-00889,2025-01-06,Northeast,Paid Search,New
CUST-00890,2025-04-09,South,Affiliate,New
CUST-00891,2025-02-06,South,Email,New
CUST-00892,2025-09-17,West,Paid Social,New
CUST-00893,2025-07-10,Midwest,Email,Returning
CUST-00894,2025-12-24,South,Email,New
CUST-00895,2025-10-01,South,Display,Returning
CUST-00896,2025-08-12,Midwest,Organic/Direct,Returning
CUST-00897,2025-07-05,South,Paid Search,Returning
CUST-00898,2025-01-20,Northeast,Organic/Direct,Returning
CUST-00899,2025-01-26,West,Display,New
CUST-00900,2025-08-13,Northeast,Affiliate,VIP
CUST-00901,2025-01-02,West,Paid Social,Returning
CUST-00902,2025-01-16,South,Paid Social,Returning
CUST-00903,2025-03-21,Northeast,Paid Search,New
CUST-00904,2025-11-19,South,Organic/Direct,New
CUST-00905,2025-06-17,Northeast,Affiliate,Returning
CUST-00906,2025-09-16,South,Paid Social,New
CUST-00907,2025-05-31,South,Email,Returning
CUST-00908,2025-03-05,Northeast,Paid Search,New
CUST-00909,2025-05-16,Northeast,Paid Search,New
CUST-00910,2025-02-03,South,Affiliate,New
CUST-00911,2025-10-09,Midwest,Email,New
CUST-00912,2025-03-08,West,Display,New
CUST-00913,2025-05-18,South,Affiliate,Returning
CUST-00914,2025-12-24,South,Affiliate,Returning
CUST-00915,2025-08-05,Midwest,Organic/Direct,VIP
CUST-00916,2025-06-17,South,Paid Search,Returning
CUST-00917,2025-07-18,West,Affiliate,Returning
CUST-00918,2025-10-14,Northeast,Display,New
CUST-00919,2025-04-03,Midwest,Paid Social,Returning
CUST-00920,2025-08-21,Northeast,Paid Search,VIP
CUST-00921,2025-11-15,Midwest,Paid Search,Returning
CUST-00922,2025-07-28,South,Paid Search,New
CUST-00923,2025-06-12,Midwest,Email,Returning
CUST-00924,2025-02-22,South,Paid Search,New
CUST-00925,2025-04-01,Midwest,Affiliate,New
CUST-00926,2025-12-12,Northeast,Paid Search,Returning
CUST-00927,2025-07-17,Northeast,Paid Search,Returning
CUST-00928,2025-04-20,West,Paid Social,New
CUST-00929,2025-06-02,South,Paid Search,New
CUST-00930,2025-07-30,Midwest,Organic/Direct,Returning
CUST-00931,2025-07-16,South,Paid Social,New
CUST-00932,2025-09-13,Northeast,Paid Search,New
CUST-00933,2025-04-04,Northeast,Paid Search,Returning
CUST-00934,2025-08-25,Northeast,Paid Social,Returning
CUST-00935,2025-06-11,West,Affiliate,New
CUST-00936,2025-12-10,South,Display,New
CUST-00937,2025-02-27,South,Paid Social,New
CUST-00938,2025-02-24,Northeast,Affiliate,New
CUST-00939,2025-06-18,Northeast,Email,Returning
CUST-00940,2025-07-05,South,Organic/Direct,Returning
CUST-00941,2025-09-10,Midwest,Affiliate,New
CUST-00942,2025-05-28,West,Paid Social,New
CUST-00943,2025-11-30,South,Display,New
CUST-00944,2025-06-23,Midwest,Organic/Direct,New
CUST-00945,2025-02-17,South,Email,New
CUST-00946,2025-02-13,West,Organic/Direct,New
CUST-00947,2025-12-22,Midwest,Organic/Direct,Returning
CUST-00948,2025-02-18,South,Paid Search,New
CUST-00949,2025-12-12,West,Display,Returning
CUST-00950,2025-04-12,Northeast,Affiliate,New
CUST-00951,2025-02-04,West,Email,Returning
CUST-00952,2025-04-22,Northeast,Email,VIP
CUST-00953,2025-08-13,South,Organic/Direct,New
CUST-00954,2025-06-06,South,Affiliate,New
CUST-00955,2025-10-14,South,Email,Returning
CUST-00956,2025-08-12,Midwest,Paid Search,New
CUST-00957,2025-05-27,South,Email,New
CUST-00958,2025-08-20,Northeast,Organic/Direct,New
CUST-00959,2025-12-21,Northeast,Display,Returning
CUST-00960,2025-05-31,Northeast,Paid Search,New
CUST-00961,2025-02-26,South,Organic/Direct,New
CUST-00962,2025-05-30,Midwest,Organic/Direct,New
CUST-00963,2025-11-03,Northeast,Email,Returning
CUST-00964,2025-03-21,West,Paid Search,New
CUST-00965,2025-12-13,Midwest,Affiliate,Returning
CUST-00966,2025-08-03,Midwest,Paid Search,Returning
CUST-00967,2025-08-08,Midwest,Paid Social,New
CUST-00968,2025-04-26,Northeast,Affiliate,New
CUST-00969,2025-12-02,South,Organic/Direct,Returning
CUST-00970,2025-01-14,Midwest,Paid Social,Returning
CUST-00971,2025-04-20,Northeast,Organic/Direct,New
CUST-00972,2025-06-02,West,Organic/Direct,New
CUST-00973,2025-06-24,West,Paid Search,New
CUST-00974,2025-06-23,South,Paid Search,New
CUST-00975,2025-02-23,West,Display,New
CUST-00976,2025-03-24,West,Display,New
CUST-00977,2025-02-04,Midwest,Paid Social,New
CUST-00978,2025-07-28,South,Affiliate,Returning
CUST-00979,2025-05-09,South,Affiliate,Returning
CUST-00980,2025-07-26,Northeast,Display,Returning
CUST-00981,2025-08-04,Northeast,Display,Returning
CUST-00982,2025-09-14,Northeast,Paid Search,Returning
CUST-00983,2025-07-19,South,Paid Search,New
CUST-00984,2025-08-25,South,Paid Search,Returning
CUST-00985,2025-08-03,South,Organic/Direct,New
CUST-00986,2025-08-27,Midwest,Organic/Direct,New
CUST-00987,2025-08-14,Northeast,Display,VIP
CUST-00988,2025-04-26,Midwest,Paid Search,Returning
CUST-00989,2025-03-31,South,Affiliate,New
CUST-00990,2025-10-15,West,Paid Search,Returning
CUST-00991,2025-05-06,West,Paid Social,New
CUST-00992,2025-07-20,West,Paid Social,New
CUST-00993,2025-03-13,West,Organic/Direct,New
CUST-00994,2025-06-07,West,Paid Search,New
CUST-00995,2025-07-13,Midwest,Affiliate,Returning
CUST-00996,2025-08-17,Northeast,Organic/Direct,New
CUST-00997,2025-07-12,Northeast,Affiliate,New
CUST-00998,2025-05-12,Midwest,Paid Search,VIP
CUST-00999,2025-12-18,Northeast,Organic/Direct,New
CUST-01000,2025-07-07,Northeast,Affiliate,New
CUST-01001,2025-10-23,West,Email,New
CUST-01002,2025-09-26,Northeast,Affiliate,New
CUST-01003,2025-07-23,West,Organic/Direct,New
CUST-01004,2025-11-20,South,Email,Returning
CUST-01005,2025-02-16,South,Email,Returning
CUST-01006,2025-12-03,South,Email,New
CUST-01007,2025-11-07,Midwest,Paid Search,New
CUST-01008,2025-07-03,South,Display,New
CUST-01009,2025-09-25,Northeast,Paid Search,Returning
CUST-01010,2025-07-09,West,Paid Social,New
CUST-01011,2025-04-09,Midwest,Paid Social,New
CUST-01012,2025-10-19,Northeast,Paid Social,VIP
CUST-01013,2025-03-31,South,Paid Social,Returning
CUST-01014,2025-04-25,South,Affiliate,New
CUST-01015,2025-07-09,Midwest,Paid Social,New
CUST-01016,2025-11-02,South,Paid Search,New
CUST-01017,2025-05-21,Northeast,Organic/Direct,VIP
CUST-01018,2025-06-30,South,Organic/Direct,New
CUST-01019,2025-01-16,Midwest,Email,New
CUST-01020,2025-02-12,Midwest,Paid Social,Returning
CUST-01021,2025-01-21,Northeast,Paid Search,New
CUST-01022,2025-01-27,Midwest,Paid Search,New
CUST-01023,2025-11-14,Midwest,Paid Social,Returning
CUST-01024,2025-11-04,Midwest,Organic/Direct,New
CUST-01025,2025-10-27,Northeast,Display,Returning
CUST-01026,2025-01-21,Northeast,Paid Social,Returning
CUST-01027,2025-01-29,South,Organic/Direct,New
CUST-01028,2025-04-13,Northeast,Paid Social,Returning
CUST-01029,2025-07-26,South,Paid Social,Returning
CUST-01030,2025-05-02,West,Paid Social,Returning
CUST-01031,2025-06-27,Midwest,Paid Search,Returning
CUST-01032,2025-03-05,West,Organic/Direct,New
CUST-01033,2025-09-24,Northeast,Paid Social,New
CUST-01034,2025-04-25,Northeast,Affiliate,Returning
CUST-01035,2025-01-25,South,Paid Social,New
CUST-01036,2025-09-29,South,Organic/Direct,New
CUST-01037,2025-11-26,West,Affiliate,New
CUST-01038,2025-01-06,Northeast,Email,New
CUST-01039,2025-06-09,South,Paid Search,Returning
CUST-01040,2025-10-29,Midwest,Organic/Direct,Returning
CUST-01041,2025-09-15,Midwest,Email,Returning
CUST-01042,2025-11-09,Northeast,Paid Social,New
CUST-01043,2025-06-01,West,Organic/Direct,New
CUST-01044,2025-05-16,Northeast,Paid Search,Returning
CUST-01045,2025-09-16,West,Paid Social,New
CUST-01046,2025-02-26,South,Email,Returning
CUST-01047,2025-03-29,South,Paid Social,Returning
CUST-01048,2025-08-08,South,Email,New
CUST-01049,2025-09-01,West,Paid Social,New
CUST-01050,2025-02-13,Northeast,Paid Search,Returning
CUST-01051,2025-07-05,Northeast,Paid Search,New
CUST-01052,2025-05-14,South,Paid Search,Returning
CUST-01053,2025-07-03,Midwest,Organic/Direct,Returning
CUST-01054,2025-12-16,Northeast,Affiliate,New
CUST-01055,2025-01-28,Northeast,Email,Returning
CUST-01056,2025-12-30,Midwest,Paid Social,New
CUST-01057,2025-06-14,Northeast,Display,New
CUST-01058,2025-10-09,Northeast,Paid Search,VIP
CUST-01059,2025-06-04,West,Paid Social,Returning
CUST-01060,2025-04-24,Midwest,Affiliate,Returning
CUST-01061,2025-10-09,West,Email,Returning
CUST-01062,2025-09-08,West,Display,New
CUST-01063,2025-02-22,Northeast,Organic/Direct,New
CUST-01064,2025-09-15,South,Organic/Direct,New
CUST-01065,2025-10-02,South,Paid Search,New
CUST-01066,2025-05-22,South,Paid Search,New
CUST-01067,2025-12-04,Northeast,Paid Search,New
CUST-01068,2025-08-22,Northeast,Display,Returning
CUST-01069,2025-05-02,Northeast,Organic/Direct,New
CUST-01070,2025-01-04,South,Organic/Direct,Returning
CUST-01071,2025-09-04,West,Paid Social,Returning
CUST-01072,2025-03-18,South,Organic/Direct,VIP
CUST-01073,2025-10-04,South,Email,New
CUST-01074,2025-07-11,West,Organic/Direct,VIP
CUST-01075,2025-06-20,South,Email,Returning
CUST-01076,2025-03-01,Northeast,Paid Search,New
CUST-01077,2025-09-17,West,Paid Search,New
CUST-01078,2025-03-02,Midwest,Organic/Direct,New
CUST-01079,2025-06-02,Northeast,Paid Social,Returning
CUST-01080,2025-11-02,Midwest,Paid Social,Returning
CUST-01081,2025-12-02,West,Paid Social,New
CUST-01082,2025-12-28,Northeast,Paid Social,Returning
CUST-01083,2025-12-16,Midwest,Organic/Direct,New
CUST-01084,2025-07-22,Northeast,Paid Search,New
CUST-01085,2025-03-15,Northeast,Paid Search,Returning
CUST-01086,2025-11-03,Northeast,Display,VIP
CUST-01087,2025-10-20,South,Email,Returning
CUST-01088,2025-12-28,West,Paid Search,New
CUST-01089,2025-08-26,Northeast,Paid Search,New
CUST-01090,2025-02-21,Midwest,Paid Search,New
CUST-01091,2025-07-03,Northeast,Paid Social,New
CUST-01092,2025-06-13,Northeast,Paid Search,New
CUST-01093,2025-11-04,South,Paid Search,VIP
CUST-01094,2025-05-24,South,Display,Returning
CUST-01095,2025-04-30,South,Organic/Direct,New
CUST-01096,2025-01-30,Midwest,Organic/Direct,New
CUST-01097,2025-11-01,South,Paid Social,New
CUST-01098,2025-10-03,Northeast,Paid Social,New
CUST-01099,2025-01-16,Northeast,Organic/Direct,Returning
CUST-01100,2025-06-08,West,Display,New
CUST-01101,2025-06-25,South,Email,Returning
CUST-01102,2025-06-21,West,Paid Social,New
CUST-01103,2025-12-02,West,Paid Social,New
CUST-01104,2025-02-24,South,Email,VIP
CUST-01105,2025-04-22,West,Email,New
CUST-01106,2025-03-08,Midwest,Paid Search,New
CUST-01107,2025-03-31,Northeast,Organic/Direct,Returning
CUST-01108,2025-11-28,Northeast,Affiliate,New
CUST-01109,2025-12-10,Northeast,Affiliate,New
CUST-01110,2025-01-17,Northeast,Paid Search,New
CUST-01111,2025-08-19,Midwest,Display,New
CUST-01112,2025-03-26,South,Display,New
CUST-01113,2025-03-12,South,Paid Search,New
CUST-01114,2025-04-17,South,Affiliate,Returning
CUST-01115,2025-03-12,Northeast,Affiliate,Returning
CUST-01116,2025-06-28,South,Organic/Direct,New
CUST-01117,2025-12-30,Midwest,Paid Search,New
CUST-01118,2025-08-03,Northeast,Organic/Direct,New
CUST-01119,2025-09-21,Midwest,Email,New
CUST-01120,2025-06-30,Midwest,Paid Search,New
CUST-01121,2025-01-06,Midwest,Paid Search,Returning
CUST-01122,2025-01-31,West,Paid Search,New
CUST-01123,2025-04-09,South,Paid Social,New
CUST-01124,2025-03-30,South,Email,Returning
CUST-01125,2025-11-03,Northeast,Display,Returning
CUST-01126,2025-11-04,West,Paid Search,New
CUST-01127,2025-11-08,South,Organic/Direct,New
CUST-01128,2025-08-21,Northeast,Paid Search,VIP
CUST-01129,2025-07-23,South,Affiliate,New
CUST-01130,2025-08-25,Midwest,Organic/Direct,Returning
CUST-01131,2025-05-29,Midwest,Organic/Direct,Returning
CUST-01132,2025-09-02,Northeast,Affiliate,New
CUST-01133,2025-10-17,South,Display,New
CUST-01134,2025-10-06,Northeast,Paid Search,New
CUST-01135,2025-08-13,Northeast,Paid Search,New
CUST-01136,2025-01-22,Northeast,Paid Social,New
CUST-01137,2025-09-22,West,Paid Search,Returning
CUST-01138,2025-05-14,Midwest,Paid Social,Returning
CUST-01139,2025-09-29,Midwest,Paid Search,VIP
CUST-01140,2025-07-16,Midwest,Organic/Direct,VIP
CUST-01141,2025-11-18,West,Organic/Direct,Returning
CUST-01142,2025-05-04,South,Organic/Direct,New
CUST-01143,2025-12-06,West,Display,New
CUST-01144,2025-11-05,Midwest,Paid Search,Returning
CUST-01145,2025-05-01,Northeast,Paid Search,Returning
CUST-01146,2025-06-26,South,Affiliate,New
CUST-01147,2025-07-13,Midwest,Affiliate,Returning
CUST-01148,2025-10-08,West,Paid Social,New
CUST-01149,2025-09-09,West,Email,New
CUST-01150,2025-11-07,Midwest,Email,Returning
CUST-01151,2025-05-16,West,Paid Search,New
CUST-01152,2025-07-04,South,Paid Social,New
CUST-01153,2025-06-07,Midwest,Paid Social,Returning
CUST-01154,2025-11-28,Midwest,Affiliate,Returning
CUST-01155,2025-04-22,Northeast,Organic/Direct,New
CUST-01156,2025-08-03,West,Email,Returning
CUST-01157,2025-02-13,Northeast,Display,New
CUST-01158,2025-11-07,Midwest,Organic/Direct,Returning
CUST-01159,2025-05-21,South,Paid Search,New
CUST-01160,2025-05-05,Northeast,Affiliate,VIP
CUST-01161,2025-08-01,Northeast,Email,Returning
CUST-01162,2025-07-02,South,Affiliate,New
CUST-01163,2025-11-06,Northeast,Paid Search,New
CUST-01164,2025-07-13,Midwest,Organic/Direct,New
CUST-01165,2025-07-08,Midwest,Organic/Direct,Returning
CUST-01166,2025-02-08,Northeast,Paid Search,Returning
CUST-01167,2025-01-09,Northeast,Paid Search,Returning
CUST-01168,2025-05-26,South,Paid Search,Returning
CUST-01169,2025-12-31,West,Display,New
CUST-01170,2025-12-01,Northeast,Affiliate,Returning
CUST-01171,2025-08-18,West,Paid Search,New
CUST-01172,2025-08-19,South,Organic/Direct,Returning
CUST-01173,2025-05-23,South,Paid Social,New
CUST-01174,2025-03-06,South,Email,Returning
CUST-01175,2025-01-04,South,Paid Social,New
CUST-01176,2025-05-04,West,Email,New
CUST-01177,2025-04-26,Midwest,Email,New
CUST-01178,2025-03-11,South,Paid Social,VIP
CUST-01179,2025-04-05,Midwest,Paid Social,New
CUST-01180,2025-01-10,Northeast,Organic/Direct,New
CUST-01181,2025-08-10,South,Email,New
CUST-01182,2025-12-05,Northeast,Organic/Direct,New
CUST-01183,2025-09-10,Midwest,Email,Returning
CUST-01184,2025-06-13,Northeast,Display,VIP
CUST-01185,2025-06-03,Northeast,Paid Social,Returning
CUST-01186,2025-04-23,South,Display,Returning
CUST-01187,2025-02-21,South,Paid Social,New
CUST-01188,2025-08-07,Midwest,Paid Search,New
CUST-01189,2025-07-26,Northeast,Paid Search,Returning
CUST-01190,2025-01-03,Midwest,Paid Search,Returning
CUST-01191,2025-06-01,Midwest,Organic/Direct,New
CUST-01192,2025-04-12,South,Organic/Direct,Returning
CUST-01193,2025-03-04,South,Display,New
CUST-01194,2025-09-14,Midwest,Paid Search,New
CUST-01195,2025-07-11,Midwest,Organic/Direct,New
CUST-01196,2025-08-20,West,Display,Returning
CUST-01197,2025-09-18,South,Paid Social,Returning
CUST-01198,2025-12-25,Midwest,Email,New
CUST-01199,2025-10-21,Midwest,Affiliate,Returning
CUST-01200,2025-08-15,Northeast,Paid Search,Returning
CUST-01201,2025-11-17,West,Email,New
CUST-01202,2025-06-24,Midwest,Display,Returning
CUST-01203,2025-12-26,Northeast,Paid Search,New
CUST-01204,2025-10-05,West,Email,New
CUST-01205,2025-08-26,South,Email,New
CUST-01206,2025-11-26,Northeast,Display,New
CUST-01207,2025-07-08,Northeast,Organic/Direct,New
CUST-01208,2025-09-21,Northeast,Organic/Direct,New
CUST-01209,2025-04-14,South,Affiliate,New
CUST-01210,2025-12-18,Northeast,Affiliate,Returning
CUST-01211,2025-08-16,West,Affiliate,Returning
CUST-01212,2025-10-13,West,Email,New
CUST-01213,2025-06-18,South,Paid Search,New
CUST-01214,2025-11-13,South,Affiliate,New
CUST-01215,2025-01-28,Midwest,Display,Returning
CUST-01216,2025-02-11,Northeast,Email,Returning
CUST-01217,2025-07-05,South,Organic/Direct,New
CUST-01218,2025-09-25,Northeast,Affiliate,Returning
CUST-01219,2025-10-23,Northeast,Paid Social,Returning
CUST-01220,2025-06-10,Midwest,Paid Search,VIP
CUST-01221,2025-08-26,Northeast,Paid Search,New
CUST-01222,2025-07-21,Midwest,Paid Social,New
CUST-01223,2025-12-17,South,Email,Returning
CUST-01224,2025-08-27,West,Paid Search,New
CUST-01225,2025-06-02,South,Paid Search,New
CUST-01226,2025-12-20,West,Paid Search,New
CUST-01227,2025-02-09,Midwest,Display,New
CUST-01228,2025-12-26,West,Display,Returning
CUST-01229,2025-02-26,Midwest,Paid Social,Returning
CUST-01230,2025-04-16,Northeast,Paid Search,New
CUST-01231,2025-10-27,West,Paid Search,Returning
CUST-01232,2025-09-25,Midwest,Paid Search,New
CUST-01233,2025-12-21,Northeast,Paid Social,VIP
CUST-01234,2025-10-01,Northeast,Paid Search,New
CUST-01235,2025-08-21,Midwest,Paid Social,Returning
CUST-01236,2025-05-07,Midwest,Organic/Direct,VIP
CUST-01237,2025-01-02,South,Email,Returning
CUST-01238,2025-02-15,West,Organic/Direct,Returning
CUST-01239,2025-04-19,Midwest,Paid Search,New
CUST-01240,2025-01-15,South,Paid Social,Returning
CUST-01241,2025-07-05,Midwest,Organic/Direct,Returning
CUST-01242,2025-10-11,West,Paid Social,New
CUST-01243,2025-12-18,Northeast,Affiliate,VIP
CUST-01244,2025-06-28,Northeast,Organic/Direct,New
CUST-01245,2025-11-16,Midwest,Email,New
CUST-01246,2025-12-26,South,Paid Social,VIP
CUST-01247,2025-11-10,South,Email,New
CUST-01248,2025-06-19,South,Paid Search,New
CUST-01249,2025-04-29,South,Paid Search,New
CUST-01250,2025-12-23,Midwest,Paid Search,Returning
CUST-01251,2025-03-30,Northeast,Organic/Direct,Returning
CUST-01252,2025-05-31,Northeast,Affiliate,New
CUST-01253,2025-01-28,Northeast,Paid Social,Returning
CUST-01254,2025-10-17,Midwest,Paid Search,Returning
CUST-01255,2025-08-26,Midwest,Affiliate,Returning
CUST-01256,2025-01-31,Midwest,Organic/Direct,Returning
CUST-01257,2025-03-23,South,Paid Social,VIP
CUST-01258,2025-07-22,Midwest,Paid Social,New
CUST-01259,2025-07-17,South,Organic/Direct,New
CUST-01260,2025-10-20,South,Organic/Direct,Returning
CUST-01261,2025-04-08,Midwest,Organic/Direct,New
CUST-01262,2025-12-04,Midwest,Paid Social,New
CUST-01263,2025-06-12,South,Paid Search,New
CUST-01264,2025-10-28,South,Paid Social,New
CUST-01265,2025-03-29,Midwest,Paid Social,VIP
CUST-01266,2025-01-14,Midwest,Organic/Direct,New
CUST-01267,2025-01-21,South,Paid Search,Returning
CUST-01268,2025-05-17,South,Affiliate,Returning
CUST-01269,2025-12-14,Northeast,Organic/Direct,New
CUST-01270,2025-01-18,Midwest,Organic/Direct,New
CUST-01271,2025-05-15,West,Affiliate,New
CUST-01272,2025-02-09,Northeast,Organic/Direct,New
CUST-01273,2025-12-07,West,Paid Search,New
CUST-01274,2025-09-04,Northeast,Paid Social,Returning
CUST-01275,2025-10-06,Midwest,Paid Search,New
CUST-01276,2025-09-18,Midwest,Organic/Direct,New
CUST-01277,2025-08-28,Northeast,Organic/Direct,New
CUST-01278,2025-10-10,West,Paid Search,New
CUST-01279,2025-01-03,Midwest,Paid Search,New
CUST-01280,2025-11-12,West,Paid Social,VIP
CUST-01281,2025-09-28,Midwest,Paid Social,New
CUST-01282,2025-09-27,West,Organic/Direct,New
CUST-01283,2025-05-24,West,Paid Search,Returning
CUST-01284,2025-10-20,South,Display,Returning
CUST-01285,2025-05-20,Northeast,Email,Returning
CUST-01286,2025-01-18,South,Paid Social,New
CUST-01287,2025-11-28,South,Paid Search,Returning
CUST-01288,2025-03-27,West,Organic/Direct,New
CUST-01289,2025-02-07,Midwest,Affiliate,Returning
CUST-01290,2025-08-15,Northeast,Paid Social,New
CUST-01291,2025-03-27,Northeast,Paid Social,Returning
CUST-01292,2025-11-10,South,Organic/Direct,Returning
CUST-01293,2025-06-11,West,Organic/Direct,Returning
CUST-01294,2025-01-02,Northeast,Organic/Direct,New
CUST-01295,2025-12-14,South,Affiliate,Returning
CUST-01296,2025-07-07,West,Organic/Direct,Returning
CUST-01297,2025-04-06,Northeast,Paid Social,New
CUST-01298,2025-09-05,Northeast,Display,New
CUST-01299,2025-07-13,South,Paid Social,New
CUST-01300,2025-01-11,South,Affiliate,New
CUST-01301,2025-10-05,Northeast,Organic/Direct,Returning
CUST-01302,2025-05-27,West,Organic/Direct,New
CUST-01303,2025-09-13,South,Email,Returning
CUST-01304,2025-11-23,West,Affiliate,Returning
CUST-01305,2025-08-11,West,Organic/Direct,Returning
CUST-01306,2025-09-03,West,Organic/Direct,Returning
CUST-01307,2025-04-03,South,Display,Returning
CUST-01308,2025-03-28,Northeast,Paid Search,New
CUST-01309,2025-06-01,Midwest,Paid Social,New
CUST-01310,2025-11-08,Northeast,Organic/Direct,Returning
CUST-01311,2025-07-11,South,Display,VIP
CUST-01312,2025-05-08,Northeast,Display,New
CUST-01313,2025-10-12,South,Affiliate,VIP
CUST-01314,2025-11-08,Northeast,Paid Social,VIP
CUST-01315,2025-11-26,Midwest,Paid Social,New
CUST-01316,2025-04-20,Northeast,Organic/Direct,Returning
CUST-01317,2025-09-17,South,Paid Social,Returning
CUST-01318,2025-08-04,South,Affiliate,New
CUST-01319,2025-06-13,Northeast,Display,New
CUST-01320,2025-05-25,West,Organic/Direct,New
CUST-01321,2025-02-11,West,Paid Social,Returning
CUST-01322,2025-04-11,Midwest,Display,New
CUST-01323,2025-07-20,South,Paid Search,Returning
CUST-01324,2025-11-20,Midwest,Paid Search,Returning
CUST-01325,2025-11-13,Northeast,Paid Social,Returning
CUST-01326,2025-03-10,South,Paid Search,New
CUST-01327,2025-09-05,Northeast,Organic/Direct,New
CUST-01328,2025-01-31,West,Organic/Direct,New
CUST-01329,2025-09-04,West,Paid Search,New
CUST-01330,2025-05-05,West,Organic/Direct,New
CUST-01331,2025-06-14,South,Email,New
CUST-01332,2025-09-19,South,Display,New
CUST-01333,2025-06-05,West,Organic/Direct,Returning
CUST-01334,2025-10-22,Northeast,Affiliate,New
CUST-01335,2025-07-14,Northeast,Paid Search,New
CUST-01336,2025-12-31,South,Paid Search,Returning
CUST-01337,2025-08-21,Midwest,Email,New
CUST-01338,2025-04-19,Midwest,Organic/Direct,VIP
CUST-01339,2025-10-10,Northeast,Affiliate,Returning
CUST-01340,2025-05-29,South,Paid Social,New
CUST-01341,2025-07-14,Northeast,Paid Search,VIP
CUST-01342,2025-02-19,Northeast,Organic/Direct,Returning
CUST-01343,2025-02-13,Northeast,Paid Social,Returning
CUST-01344,2025-07-29,Midwest,Display,New
CUST-01345,2025-03-10,West,Affiliate,New
CUST-01346,2025-12-31,Midwest,Paid Social,New
CUST-01347,2025-11-09,South,Paid Search,Returning
CUST-01348,2025-09-13,South,Paid Social,New
CUST-01349,2025-09-26,Midwest,Paid Social,New
CUST-01350,2025-08-06,West,Display,New
CUST-01351,2025-01-23,South,Organic/Direct,New
CUST-01352,2025-05-24,South,Paid Search,New
CUST-01353,2025-06-30,Northeast,Email,New
CUST-01354,2025-12-01,Northeast,Paid Search,Returning
CUST-01355,2025-03-22,West,Paid Search,New
CUST-01356,2025-07-01,South,Display,New
CUST-01357,2025-05-06,West,Display,New
CUST-01358,2025-02-19,West,Display,New
CUST-01359,2025-02-07,Northeast,Paid Search,Returning
CUST-01360,2025-05-14,South,Email,New
CUST-01361,2025-01-31,Midwest,Paid Social,VIP
CUST-01362,2025-01-25,South,Organic/Direct,VIP
CUST-01363,2025-05-09,Northeast,Affiliate,Returning
CUST-01364,2025-03-15,Midwest,Organic/Direct,Returning
CUST-01365,2025-07-22,South,Paid Search,New
CUST-01366,2025-01-07,South,Email,Returning
CUST-01367,2025-04-21,South,Display,New
CUST-01368,2025-06-15,Midwest,Paid Social,Returning
CUST-01369,2025-12-18,Midwest,Affiliate,New
CUST-01370,2025-08-20,West,Email,New
CUST-01371,2025-11-18,Midwest,Organic/Direct,New
CUST-01372,2025-05-06,Midwest,Paid Search,Returning
CUST-01373,2025-06-14,South,Organic/Direct,Returning
CUST-01374,2025-06-03,Midwest,Paid Social,New
CUST-01375,2025-11-20,South,Email,New
CUST-01376,2025-12-17,Midwest,Email,New
CUST-01377,2025-12-18,West,Paid Social,Returning
CUST-01378,2025-10-02,West,Organic/Direct,New
CUST-01379,2025-07-03,West,Organic/Direct,New
CUST-01380,2025-07-17,South,Organic/Direct,Returning
CUST-01381,2025-12-24,Midwest,Organic/Direct,Returning
CUST-01382,2025-04-14,South,Affiliate,Returning
CUST-01383,2025-05-07,West,Email,Returning
CUST-01384,2025-11-24,South,Organic/Direct,VIP
CUST-01385,2025-05-22,South,Paid Search,New
CUST-01386,2025-03-27,South,Organic/Direct,New
CUST-01387,2025-07-24,South,Email,VIP
CUST-01388,2025-04-29,South,Affiliate,New
CUST-01389,2025-11-22,Northeast,Paid Social,Returning
CUST-01390,2025-11-28,Midwest,Paid Social,New
CUST-01391,2025-04-22,South,Paid Search,New
CUST-01392,2025-07-13,Northeast,Paid Social,New
CUST-01393,2025-12-26,West,Paid Social,Returning
CUST-01394,2025-09-28,South,Paid Search,Returning
CUST-01395,2025-03-20,Northeast,Paid Social,New
CUST-01396,2025-08-04,West,Affiliate,New
CUST-01397,2025-08-15,South,Paid Social,New
CUST-01398,2025-08-27,South,Organic/Direct,New
CUST-01399,2025-01-10,Midwest,Paid Search,New
CUST-01400,2025-04-20,West,Affiliate,VIP
CUST-01401,2025-11-08,Midwest,Paid Search,New
CUST-01402,2025-03-30,South,Email,New
CUST-01403,2025-04-20,Northeast,Email,New
CUST-01404,2025-04-28,South,Affiliate,New
CUST-01405,2025-03-06,South,Paid Social,New
CUST-01406,2025-02-26,South,Email,Returning
CUST-01407,2025-05-07,Midwest,Paid Search,Returning
CUST-01408,2025-11-16,West,Email,Returning
CUST-01409,2025-01-01,South,Paid Social,New
CUST-01410,2025-04-14,Midwest,Affiliate,Returning
CUST-01411,2025-01-23,West,Paid Social,Returning
CUST-01412,2025-07-24,South,Display,Returning
CUST-01413,2025-04-02,West,Paid Social,VIP
CUST-01414,2025-10-17,West,Paid Search,New
CUST-01415,2025-08-02,West,Paid Social,VIP
CUST-01416,2025-10-14,South,Paid Search,Returning
CUST-01417,2025-08-20,South,Email,Returning
CUST-01418,2025-06-10,Northeast,Organic/Direct,Returning
CUST-01419,2025-11-11,South,Display,VIP
CUST-01420,2025-06-23,South,Paid Social,New
CUST-01421,2025-12-13,South,Paid Search,Returning
CUST-01422,2025-12-30,West,Organic/Direct,Returning
CUST-01423,2025-08-03,Northeast,Paid Search,Returning
CUST-01424,2025-09-04,Midwest,Paid Social,Returning
CUST-01425,2025-04-04,Midwest,Organic/Direct,New
CUST-01426,2025-10-25,Midwest,Paid Social,New
CUST-01427,2025-09-03,Northeast,Paid Search,New
CUST-01428,2025-11-26,Northeast,Paid Social,Returning
CUST-01429,2025-04-08,West,Affiliate,Returning
CUST-01430,2025-10-15,Midwest,Paid Search,Returning
CUST-01431,2025-06-21,Northeast,Affiliate,Returning
CUST-01432,2025-03-09,Northeast,Paid Social,Returning
CUST-01433,2025-03-04,Midwest,Paid Social,New
CUST-01434,2025-07-25,Northeast,Paid Social,Returning
CUST-01435,2025-04-27,South,Organic/Direct,Returning
CUST-01436,2025-02-07,South,Paid Social,Returning
CUST-01437,2025-06-05,Northeast,Display,Returning
CUST-01438,2025-08-27,South,Email,VIP
CUST-01439,2025-04-27,Northeast,Paid Search,New
CUST-01440,2025-12-15,Midwest,Email,Returning
CUST-01441,2025-10-12,West,Email,New
CUST-01442,2025-07-07,South,Email,New
CUST-01443,2025-12-08,West,Organic/Direct,New
CUST-01444,2025-06-08,Northeast,Organic/Direct,New
CUST-01445,2025-02-20,Midwest,Display,New
CUST-01446,2025-01-14,Midwest,Affiliate,Returning
CUST-01447,2025-12-09,Midwest,Email,New
CUST-01448,2025-12-17,West,Affiliate,New
CUST-01449,2025-09-27,Northeast,Paid Social,New
CUST-01450,2025-02-07,West,Organic/Direct,New
CUST-01451,2025-04-18,West,Organic/Direct,Returning
CUST-01452,2025-01-15,South,Paid Social,New
CUST-01453,2025-01-19,Midwest,Organic/Direct,New
CUST-01454,2025-03-31,South,Organic/Direct,VIP
CUST-01455,2025-07-28,Midwest,Paid Social,Returning
CUST-01456,2025-01-24,South,Organic/Direct,Returning
CUST-01457,2025-12-26,Midwest,Paid Search,Returning
CUST-01458,2025-06-16,West,Paid Search,New
CUST-01459,2025-04-07,South,Paid Social,Returning
CUST-01460,2025-07-08,South,Affiliate,New
CUST-01461,2025-10-16,South,Paid Social,New
CUST-01462,2025-04-25,Midwest,Organic/Direct,New
CUST-01463,2025-01-18,West,Paid Social,Returning
CUST-01464,2025-01-19,Northeast,Paid Social,New
CUST-01465,2025-11-07,West,Affiliate,New
CUST-01466,2025-02-10,West,Paid Search,New
CUST-01467,2025-08-20,West,Display,Returning
CUST-01468,2025-05-21,Midwest,Paid Social,New
CUST-01469,2025-10-11,West,Organic/Direct,New
CUST-01470,2025-01-23,Midwest,Affiliate,New
CUST-01471,2025-11-24,South,Paid Search,Returning
CUST-01472,2025-09-12,Northeast,Paid Search,New
CUST-01473,2025-06-13,Midwest,Paid Search,VIP
CUST-01474,2025-03-17,Midwest,Organic/Direct,New
CUST-01475,2025-12-23,Midwest,Affiliate,New
CUST-01476,2025-04-21,Midwest,Paid Social,New
CUST-01477,2025-06-29,West,Paid Search,New
CUST-01478,2025-05-24,Northeast,Organic/Direct,New
CUST-01479,2025-03-26,South,Paid Search,New
CUST-01480,2025-06-02,Northeast,Display,Returning
CUST-01481,2025-02-25,South,Display,New
CUST-01482,2025-01-01,South,Paid Social,New
CUST-01483,2025-04-16,Midwest,Email,New
CUST-01484,2025-02-10,South,Paid Search,New
CUST-01485,2025-06-01,West,Paid Social,New
CUST-01486,2025-11-11,West,Organic/Direct,New
CUST-01487,2025-03-01,Midwest,Affiliate,New
CUST-01488,2025-01-01,Midwest,Organic/Direct,New
CUST-01489,2025-02-10,South,Email,VIP
CUST-01490,2025-07-05,Midwest,Paid Search,Returning
CUST-01491,2025-04-11,West,Display,VIP
CUST-01492,2025-06-28,Midwest,Email,New
CUST-01493,2025-01-11,West,Paid Search,Returning
CUST-01494,2025-05-02,Northeast,Paid Social,New
CUST-01495,2025-05-30,Northeast,Affiliate,New
CUST-01496,2025-06-07,West,Display,Returning
CUST-01497,2025-07-21,West,Paid Social,New
CUST-01498,2025-10-12,West,Organic/Direct,New
CUST-01499,2025-06-20,West,Paid Social,Returning
CUST-01500,2025-11-04,Midwest,Paid Social,Returning
CUST-01501,2025-07-13,Midwest,Paid Search,New
CUST-01502,2025-04-06,Northeast,Organic/Direct,New
CUST-01503,2025-03-25,Midwest,Paid Social,New
CUST-01504,2025-04-28,Northeast,Email,VIP
CUST-01505,2025-08-07,West,Paid Search,New
CUST-01506,2025-03-30,Northeast,Affiliate,New
CUST-01507,2025-11-30,Northeast,Display,New
CUST-01508,2025-06-25,Northeast,Paid Social,VIP
CUST-01509,2025-11-12,Northeast,Organic/Direct,Returning
CUST-01510,2025-09-07,Northeast,Paid Search,New
CUST-01511,2025-05-02,South,Paid Search,VIP
CUST-01512,2025-03-25,Midwest,Affiliate,New
CUST-01513,2025-09-29,South,Display,Returning
CUST-01514,2025-05-01,West,Paid Social,New
CUST-01515,2025-04-01,South,Email,New
CUST-01516,2025-12-06,South,Paid Social,New
CUST-01517,2025-06-26,Midwest,Email,VIP
CUST-01518,2025-01-18,Northeast,Affiliate,VIP
CUST-01519,2025-06-30,Midwest,Organic/Direct,Returning
CUST-01520,2025-06-18,West,Email,New
CUST-01521,2025-11-12,South,Affiliate,New
CUST-01522,2025-09-17,Midwest,Affiliate,New
CUST-01523,2025-03-11,Midwest,Paid Social,New
CUST-01524,2025-02-24,West,Paid Social,New
CUST-01525,2025-08-09,South,Organic/Direct,Returning
CUST-01526,2025-01-18,South,Paid Search,Returning
CUST-01527,2025-04-27,West,Display,VIP
CUST-01528,2025-02-20,South,Paid Search,New
CUST-01529,2025-01-08,South,Organic/Direct,New
CUST-01530,2025-12-02,Northeast,Paid Search,New
CUST-01531,2025-02-02,Northeast,Organic/Direct,New
CUST-01532,2025-01-04,West,Affiliate,Returning
CUST-01533,2025-12-07,South,Paid Search,Returning
CUST-01534,2025-03-10,Midwest,Affiliate,New
CUST-01535,2025-10-26,South,Affiliate,New
CUST-01536,2025-01-12,Northeast,Paid Social,Returning
CUST-01537,2025-02-26,West,Paid Social,New
CUST-01538,2025-02-10,Northeast,Display,New
CUST-01539,2025-09-15,West,Display,Returning
CUST-01540,2025-08-15,South,Paid Social,Returning
CUST-01541,2025-06-23,Midwest,Organic/Direct,New
CUST-01542,2025-03-30,Northeast,Paid Social,Returning
CUST-01543,2025-02-02,West,Paid Search,VIP
CUST-01544,2025-07-27,Northeast,Affiliate,New
CUST-01545,2025-03-26,Northeast,Paid Search,New
CUST-01546,2025-08-04,South,Paid Social,Returning
CUST-01547,2025-09-08,Midwest,Email,Returning
CUST-01548,2025-11-07,Midwest,Paid Social,New
CUST-01549,2025-06-30,Northeast,Paid Search,New
CUST-01550,2025-01-02,West,Display,Returning
CUST-01551,2025-04-13,Midwest,Email,New
CUST-01552,2025-11-08,Northeast,Organic/Direct,New
CUST-01553,2025-07-14,Midwest,Affiliate,New
CUST-01554,2025-08-14,Northeast,Email,New
CUST-01555,2025-06-17,Midwest,Paid Social,VIP
CUST-01556,2025-03-01,Northeast,Display,Returning
CUST-01557,2025-11-24,Northeast,Paid Search,New
CUST-01558,2025-10-10,Midwest,Paid Social,VIP
CUST-01559,2025-12-30,West,Organic/Direct,New
CUST-01560,2025-11-09,Northeast,Display,New
CUST-01561,2025-04-17,Northeast,Affiliate,New
CUST-01562,2025-04-03,West,Paid Search,Returning
CUST-01563,2025-04-01,West,Paid Search,Returning
CUST-01564,2025-12-02,South,Email,Returning
CUST-01565,2025-07-23,Northeast,Display,New
CUST-01566,2025-06-15,Midwest,Email,New
CUST-01567,2025-12-20,Northeast,Paid Search,New
CUST-01568,2025-08-09,Northeast,Paid Search,VIP
CUST-01569,2025-11-28,Midwest,Affiliate,New
CUST-01570,2025-12-26,South,Affiliate,Returning
CUST-01571,2025-01-29,Midwest,Paid Search,Returning
CUST-01572,2025-05-12,South,Paid Search,New
CUST-01573,2025-09-25,Midwest,Paid Social,New
CUST-01574,2025-10-24,Midwest,Paid Search,New
CUST-01575,2025-02-24,South,Email,Returning
CUST-01576,2025-04-27,West,Paid Search,VIP
CUST-01577,2025-07-20,Midwest,Affiliate,New
CUST-01578,2025-10-19,South,Display,VIP
CUST-01579,2025-02-11,Midwest,Organic/Direct,New
CUST-01580,2025-08-08,Northeast,Organic/Direct,New
CUST-01581,2025-04-19,South,Paid Social,VIP
CUST-01582,2025-03-20,Northeast,Paid Search,Returning
CUST-01583,2025-07-08,Midwest,Paid Social,New
CUST-01584,2025-06-01,Midwest,Display,Returning
CUST-01585,2025-08-21,Northeast,Paid Search,Returning
CUST-01586,2025-04-26,Northeast,Paid Social,Returning
CUST-01587,2025-10-28,Midwest,Paid Social,Returning
CUST-01588,2025-01-29,West,Paid Search,New
CUST-01589,2025-11-11,South,Display,New
CUST-01590,2025-01-11,Midwest,Affiliate,Returning
CUST-01591,2025-09-26,Northeast,Email,New
CUST-01592,2025-05-07,South,Organic/Direct,New
CUST-01593,2025-05-20,Northeast,Paid Search,New
CUST-01594,2025-01-07,South,Paid Search,New
CUST-01595,2025-09-14,South,Paid Social,New
CUST-01596,2025-03-02,Midwest,Affiliate,New
CUST-01597,2025-08-29,Midwest,Affiliate,New
CUST-01598,2025-09-22,Northeast,Paid Search,New
CUST-01599,2025-11-05,Northeast,Organic/Direct,Returning
CUST-01600,2025-09-16,Midwest,Paid Social,Returning
CUST-01601,2025-04-21,West,Paid Social,New
CUST-01602,2025-09-27,Northeast,Affiliate,New
CUST-01603,2025-10-29,South,Organic/Direct,New
CUST-01604,2025-04-26,South,Affiliate,Returning
CUST-01605,2025-02-15,Northeast,Organic/Direct,Returning
CUST-01606,2025-11-21,Northeast,Paid Search,Returning
CUST-01607,2025-02-23,Midwest,Affiliate,Returning
CUST-01608,2025-08-05,South,Organic/Direct,New
CUST-01609,2025-03-28,Midwest,Email,New
CUST-01610,2025-02-15,South,Paid Social,New
CUST-01611,2025-10-11,West,Organic/Direct,New
CUST-01612,2025-02-22,South,Paid Search,New
CUST-01613,2025-09-02,West,Paid Social,Returning
CUST-01614,2025-09-10,South,Organic/Direct,New
CUST-01615,2025-01-22,West,Organic/Direct,Returning
CUST-01616,2025-03-05,West,Organic/Direct,New
CUST-01617,2025-10-17,South,Organic/Direct,New
CUST-01618,2025-07-05,West,Paid Search,Returning
CUST-01619,2025-02-14,West,Organic/Direct,New
CUST-01620,2025-12-28,Midwest,Paid Social,New
CUST-01621,2025-04-07,South,Affiliate,New
CUST-01622,2025-01-02,South,Paid Social,Returning
CUST-01623,2025-12-04,West,Organic/Direct,New
CUST-01624,2025-01-07,Midwest,Affiliate,VIP
CUST-01625,2025-07-21,West,Organic/Direct,VIP
CUST-01626,2025-12-29,South,Paid Search,Returning
CUST-01627,2025-07-30,West,Paid Search,New
CUST-01628,2025-08-02,Northeast,Email,Returning
CUST-01629,2025-05-22,South,Paid Search,New
CUST-01630,2025-02-16,South,Affiliate,Returning
CUST-01631,2025-07-29,West,Paid Social,New
CUST-01632,2025-11-24,West,Email,New
CUST-01633,2025-02-03,South,Paid Search,New
CUST-01634,2025-11-18,South,Paid Search,Returning
CUST-01635,2025-06-01,Northeast,Affiliate,Returning
CUST-01636,2025-07-15,West,Paid Social,New
CUST-01637,2025-03-02,Northeast,Paid Search,New
CUST-01638,2025-08-15,South,Paid Search,Returning
CUST-01639,2025-03-08,South,Paid Search,Returning
CUST-01640,2025-04-10,Midwest,Affiliate,Returning
CUST-01641,2025-09-21,Northeast,Paid Search,New
CUST-01642,2025-01-19,Northeast,Paid Social,Returning
CUST-01643,2025-06-13,West,Affiliate,Returning
CUST-01644,2025-08-06,South,Email,New
CUST-01645,2025-02-18,Northeast,Affiliate,New
CUST-01646,2025-04-18,South,Paid Social,New
CUST-01647,2025-05-06,Northeast,Organic/Direct,New
CUST-01648,2025-08-31,West,Paid Social,Returning
CUST-01649,2025-12-23,Midwest,Paid Social,New
CUST-01650,2025-11-02,Northeast,Organic/Direct,New
CUST-01651,2025-03-11,Northeast,Affiliate,New
CUST-01652,2025-01-07,South,Affiliate,Returning
CUST-01653,2025-01-19,Midwest,Organic/Direct,Returning
CUST-01654,2025-08-06,South,Paid Search,New
CUST-01655,2025-02-27,Midwest,Organic/Direct,Returning
CUST-01656,2025-03-26,Midwest,Affiliate,New
CUST-01657,2025-11-06,Northeast,Paid Social,Returning
CUST-01658,2025-11-15,Midwest,Paid Social,Returning
CUST-01659,2025-11-03,West,Paid Search,New
CUST-01660,2025-04-03,Northeast,Organic/Direct,VIP
CUST-01661,2025-08-15,West,Paid Search,New
CUST-01662,2025-08-11,Midwest,Paid Social,Returning
CUST-01663,2025-03-09,Northeast,Affiliate,New
CUST-01664,2025-07-22,Northeast,Display,Returning
CUST-01665,2025-07-11,Northeast,Paid Search,New
CUST-01666,2025-05-25,South,Organic/Direct,New
CUST-01667,2025-10-02,South,Email,New
CUST-01668,2025-09-05,Midwest,Organic/Direct,VIP
CUST-01669,2025-07-14,South,Paid Search,New
CUST-01670,2025-09-22,South,Paid Search,Returning
CUST-01671,2025-10-06,West,Affiliate,New
CUST-01672,2025-07-26,West,Paid Search,Returning
CUST-01673,2025-04-08,South,Email,New
CUST-01674,2025-10-04,West,Paid Search,Returning
CUST-01675,2025-09-19,South,Display,VIP
CUST-01676,2025-12-25,Midwest,Organic/Direct,New
CUST-01677,2025-02-24,South,Organic/Direct,New
CUST-01678,2025-06-03,Northeast,Organic/Direct,Returning
CUST-01679,2025-12-04,South,Organic/Direct,New
CUST-01680,2025-07-07,West,Email,New
CUST-01681,2025-12-11,Northeast,Paid Social,New
CUST-01682,2025-01-05,West,Organic/Direct,Returning
CUST-01683,2025-01-13,West,Organic/Direct,VIP
CUST-01684,2025-10-18,Northeast,Organic/Direct,Returning
CUST-01685,2025-05-11,South,Display,Returning
CUST-01686,2025-07-09,West,Paid Search,New
CUST-01687,2025-06-06,West,Organic/Direct,New
CUST-01688,2025-05-29,Northeast,Organic/Direct,New
CUST-01689,2025-12-09,Midwest,Affiliate,New
CUST-01690,2025-02-04,South,Organic/Direct,New
CUST-01691,2025-10-09,Northeast,Affiliate,Returning
CUST-01692,2025-11-21,Midwest,Organic/Direct,New
CUST-01693,2025-08-28,Northeast,Paid Search,New
CUST-01694,2025-05-25,Northeast,Organic/Direct,New
CUST-01695,2025-02-28,South,Paid Search,New
CUST-01696,2025-09-07,South,Paid Social,New
CUST-01697,2025-06-21,South,Paid Search,New
CUST-01698,2025-02-24,South,Email,New
CUST-01699,2025-05-12,Midwest,Paid Search,New
CUST-01700,2025-12-17,Midwest,Organic/Direct,Returning
CUST-01701,2025-04-07,Northeast,Email,Returning
CUST-01702,2025-03-07,Northeast,Organic/Direct,Returning
CUST-01703,2025-09-06,Midwest,Paid Social,Returning
CUST-01704,2025-03-14,Northeast,Paid Search,VIP
CUST-01705,2025-12-02,Northeast,Display,New
CUST-01706,2025-11-10,Northeast,Display,Returning
CUST-01707,2025-12-25,South,Email,New
CUST-01708,2025-11-30,South,Organic/Direct,New
CUST-01709,2025-03-30,West,Organic/Direct,New
CUST-01710,2025-03-19,South,Affiliate,New
CUST-01711,2025-05-06,South,Organic/Direct,Returning
CUST-01712,2025-06-21,Northeast,Display,New
CUST-01713,2025-11-18,South,Affiliate,Returning
CUST-01714,2025-09-25,Northeast,Paid Social,Returning
CUST-01715,2025-08-24,Midwest,Paid Search,New
CUST-01716,2025-11-17,Midwest,Paid Social,New
CUST-01717,2025-08-24,Midwest,Display,New
CUST-01718,2025-05-19,Midwest,Display,New
CUST-01719,2025-05-31,South,Paid Social,VIP
CUST-01720,2025-07-08,West,Affiliate,Returning
CUST-01721,2025-02-02,South,Paid Search,Returning
CUST-01722,2025-09-28,South,Paid Social,New
CUST-01723,2025-08-27,South,Organic/Direct,Returning
CUST-01724,2025-09-24,Northeast,Paid Social,Returning
CUST-01725,2025-07-14,South,Paid Social,New
CUST-01726,2025-10-13,South,Email,New
CUST-01727,2025-12-13,Midwest,Paid Social,New
CUST-01728,2025-07-28,Midwest,Display,New
CUST-01729,2025-06-12,West,Organic/Direct,Returning
CUST-01730,2025-02-08,South,Affiliate,Returning
CUST-01731,2025-10-12,Midwest,Affiliate,New
CUST-01732,2025-11-26,South,Paid Social,VIP
CUST-01733,2025-09-13,Midwest,Affiliate,New
CUST-01734,2025-11-12,Midwest,Paid Social,New
CUST-01735,2025-11-11,Midwest,Paid Search,VIP
CUST-01736,2025-10-19,Midwest,Organic/Direct,VIP
CUST-01737,2025-07-03,South,Paid Social,Returning
CUST-01738,2025-02-06,Northeast,Email,New
CUST-01739,2025-01-02,South,Paid Search,VIP
CUST-01740,2025-03-16,Midwest,Organic/Direct,Returning
CUST-01741,2025-06-07,South,Paid Search,Returning
CUST-01742,2025-09-29,South,Paid Social,New
CUST-01743,2025-06-16,South,Organic/Direct,New
CUST-01744,2025-01-09,South,Email,Returning
CUST-01745,2025-03-18,West,Organic/Direct,Returning
CUST-01746,2025-12-24,Midwest,Paid Search,Returning
CUST-01747,2025-12-27,South,Display,New
CUST-01748,2025-05-18,South,Organic/Direct,Returning
CUST-01749,2025-10-21,Northeast,Email,New
CUST-01750,2025-09-20,Midwest,Affiliate,New
CUST-01751,2025-12-06,Midwest,Paid Social,New
CUST-01752,2025-11-20,Midwest,Display,New
CUST-01753,2025-08-18,Midwest,Organic/Direct,Returning
CUST-01754,2025-05-25,Midwest,Display,New
CUST-01755,2025-08-17,South,Organic/Direct,New
CUST-01756,2025-04-27,Northeast,Affiliate,VIP
CUST-01757,2025-05-08,West,Affiliate,Returning
CUST-01758,2025-08-11,Midwest,Paid Social,New
CUST-01759,2025-07-28,South,Display,New
CUST-01760,2025-08-01,Northeast,Organic/Direct,Returning
CUST-01761,2025-05-21,Midwest,Affiliate,New
CUST-01762,2025-05-30,Northeast,Paid Search,New
CUST-01763,2025-01-04,South,Email,New
CUST-01764,2025-08-08,Midwest,Display,New
CUST-01765,2025-07-30,West,Organic/Direct,Returning
CUST-01766,2025-12-08,Midwest,Paid Search,New
CUST-01767,2025-07-04,South,Paid Search,New
CUST-01768,2025-06-20,Northeast,Paid Social,New
CUST-01769,2025-01-25,South,Paid Search,New
CUST-01770,2025-03-13,Midwest,Organic/Direct,New
CUST-01771,2025-05-04,Midwest,Paid Social,Returning
CUST-01772,2025-05-18,Northeast,Email,New
CUST-01773,2025-05-13,Northeast,Paid Search,New
CUST-01774,2025-05-24,Northeast,Email,New
CUST-01775,2025-10-08,West,Organic/Direct,Returning
CUST-01776,2025-02-17,Midwest,Email,New
CUST-01777,2025-05-02,Northeast,Paid Search,VIP
CUST-01778,2025-03-01,West,Paid Social,Returning
CUST-01779,2025-04-23,Northeast,Organic/Direct,New
CUST-01780,2025-09-07,Midwest,Organic/Direct,Returning
CUST-01781,2025-01-18,South,Paid Search,New
CUST-01782,2025-05-04,West,Affiliate,VIP
CUST-01783,2025-01-09,South,Paid Search,VIP
CUST-01784,2025-12-15,Midwest,Affiliate,New
CUST-01785,2025-09-23,West,Paid Search,Returning
CUST-01786,2025-03-30,Northeast,Organic/Direct,New
CUST-01787,2025-03-14,West,Organic/Direct,New
CUST-01788,2025-02-06,West,Paid Search,Returning
CUST-01789,2025-06-22,West,Email,VIP
CUST-01790,2025-10-03,Northeast,Paid Search,New
CUST-01791,2025-08-02,Northeast,Paid Social,Returning
CUST-01792,2025-11-18,South,Paid Search,Returning
CUST-01793,2025-05-06,South,Paid Social,New
CUST-01794,2025-04-12,South,Organic/Direct,Returning
CUST-01795,2025-06-24,West,Paid Search,Returning
CUST-01796,2025-03-15,South,Organic/Direct,Returning
CUST-01797,2025-12-23,Midwest,Paid Search,VIP
CUST-01798,2025-03-09,Midwest,Email,New
CUST-01799,2025-06-24,Northeast,Email,New
CUST-01800,2025-07-10,Northeast,Organic/Direct,New
CUST-01801,2025-01-21,Northeast,Paid Search,New
CUST-01802,2025-06-20,West,Paid Search,New
CUST-01803,2025-06-15,South,Display,Returning
CUST-01804,2025-04-05,South,Display,New
CUST-01805,2025-02-16,Midwest,Affiliate,Returning
CUST-01806,2025-01-17,South,Paid Search,New
CUST-01807,2025-01-04,West,Paid Social,New
CUST-01808,2025-06-25,West,Organic/Direct,Returning
CUST-01809,2025-02-02,South,Affiliate,Returning
CUST-01810,2025-12-17,West,Affiliate,New
CUST-01811,2025-03-31,South,Paid Social,VIP
CUST-01812,2025-08-27,Midwest,Paid Social,New
CUST-01813,2025-09-03,West,Organic/Direct,New
CUST-01814,2025-06-30,Midwest,Display,New
CUST-01815,2025-11-19,Midwest,Paid Search,Returning
CUST-01816,2025-02-10,Midwest,Organic/Direct,New
CUST-01817,2025-03-27,South,Affiliate,Returning
CUST-01818,2025-04-03,South,Paid Social,New
CUST-01819,2025-02-19,South,Paid Social,New
CUST-01820,2025-04-18,Midwest,Display,Returning
CUST-01821,2025-04-25,Northeast,Paid Social,New
CUST-01822,2025-10-07,West,Affiliate,New
CUST-01823,2025-04-21,Midwest,Display,New
CUST-01824,2025-11-16,West,Paid Search,New
CUST-01825,2025-10-10,Northeast,Organic/Direct,New
CUST-01826,2025-11-26,South,Paid Social,New
CUST-01827,2025-02-08,South,Paid Social,Returning
CUST-01828,2025-12-26,West,Affiliate,New
CUST-01829,2025-08-13,Northeast,Affiliate,New
CUST-01830,2025-12-25,West,Email,Returning
CUST-01831,2025-05-10,South,Affiliate,New
CUST-01832,2025-12-14,South,Organic/Direct,Returning
CUST-01833,2025-08-03,South,Organic/Direct,Returning
CUST-01834,2025-01-27,Northeast,Organic/Direct,New
CUST-01835,2025-05-30,Midwest,Paid Social,New
CUST-01836,2025-02-20,Northeast,Paid Social,New
CUST-01837,2025-12-10,Midwest,Email,New
CUST-01838,2025-04-22,South,Paid Search,New
CUST-01839,2025-03-23,Midwest,Display,Returning
CUST-01840,2025-07-21,Northeast,Paid Social,Returning
CUST-01841,2025-06-05,Northeast,Paid Social,New
CUST-01842,2025-02-05,Northeast,Paid Social,VIP
CUST-01843,2025-10-26,Northeast,Paid Social,New
CUST-01844,2025-11-05,South,Paid Social,Returning
CUST-01845,2025-09-29,Northeast,Affiliate,Returning
CUST-01846,2025-08-14,West,Affiliate,New
CUST-01847,2025-05-27,Northeast,Paid Social,New
CUST-01848,2025-07-17,Northeast,Paid Search,New
CUST-01849,2025-07-10,West,Organic/Direct,VIP
CUST-01850,2025-03-02,Midwest,Paid Search,New
CUST-01851,2025-01-30,Midwest,Email,Returning
CUST-01852,2025-04-03,West,Email,New
CUST-01853,2025-06-15,West,Affiliate,New
CUST-01854,2025-02-28,South,Organic/Direct,Returning
CUST-01855,2025-02-08,Northeast,Affiliate,New
CUST-01856,2025-11-07,South,Organic/Direct,New
CUST-01857,2025-05-17,West,Organic/Direct,VIP
CUST-01858,2025-08-02,West,Paid Search,New
CUST-01859,2025-07-11,Northeast,Paid Social,VIP
CUST-01860,2025-09-26,Midwest,Paid Social,VIP
CUST-01861,2025-09-28,Midwest,Paid Social,New
CUST-01862,2025-04-19,Northeast,Email,New
CUST-01863,2025-11-06,South,Paid Search,New
CUST-01864,2025-05-16,Midwest,Paid Search,Returning
CUST-01865,2025-11-01,Midwest,Paid Social,VIP
CUST-01866,2025-05-28,Northeast,Affiliate,Returning
CUST-01867,2025-02-10,Midwest,Affiliate,VIP
CUST-01868,2025-10-05,Northeast,Organic/Direct,New
CUST-01869,2025-01-12,Midwest,Paid Search,New
CUST-01870,2025-10-09,Northeast,Paid Social,New
CUST-01871,2025-01-16,West,Organic/Direct,Returning
CUST-01872,2025-03-17,Northeast,Affiliate,New
CUST-01873,2025-08-09,South,Affiliate,New
CUST-01874,2025-12-10,Northeast,Email,New
CUST-01875,2025-05-30,Northeast,Paid Search,New
CUST-01876,2025-02-14,Northeast,Organic/Direct,New
CUST-01877,2025-03-27,Northeast,Affiliate,New
CUST-01878,2025-11-24,Northeast,Affiliate,Returning
CUST-01879,2025-09-23,Midwest,Email,Returning
CUST-01880,2025-02-06,South,Paid Social,New
CUST-01881,2025-05-21,Northeast,Paid Social,Returning
CUST-01882,2025-04-07,Midwest,Display,New
CUST-01883,2025-03-06,South,Email,Returning
CUST-01884,2025-11-05,Northeast,Paid Search,New
CUST-01885,2025-08-14,Midwest,Paid Social,Returning
CUST-01886,2025-03-07,Northeast,Organic/Direct,New
CUST-01887,2025-08-26,Northeast,Paid Social,New
CUST-01888,2025-05-31,Midwest,Paid Social,Returning
CUST-01889,2025-01-23,West,Affiliate,Returning
CUST-01890,2025-06-14,West,Organic/Direct,Returning
CUST-01891,2025-03-09,West,Affiliate,New
CUST-01892,2025-03-31,Midwest,Organic/Direct,New
CUST-01893,2025-11-17,Northeast,Paid Search,Returning
CUST-01894,2025-09-17,Midwest,Organic/Direct,New
CUST-01895,2025-02-18,Northeast,Organic/Direct,New
CUST-01896,2025-11-07,Northeast,Email,New
CUST-01897,2025-07-29,Northeast,Affiliate,New
CUST-01898,2025-11-16,Midwest,Paid Search,New
CUST-01899,2025-09-30,Midwest,Email,New
CUST-01900,2025-05-04,Northeast,Paid Search,Returning
CUST-01901,2025-07-15,South,Paid Search,Returning
CUST-01902,2025-07-13,Midwest,Organic/Direct,Returning
CUST-01903,2025-09-20,West,Paid Social,Returning
CUST-01904,2025-04-01,Northeast,Affiliate,New
CUST-01905,2025-05-02,South,Paid Social,VIP
CUST-01906,2025-03-31,Northeast,Paid Social,Returning
CUST-01907,2025-04-19,Midwest,Paid Social,New
CUST-01908,2025-02-28,Northeast,Paid Social,New
CUST-01909,2025-01-14,Northeast,Affiliate,Returning
CUST-01910,2025-12-10,South,Organic/Direct,Returning
CUST-01911,2025-01-28,Northeast,Paid Social,Returning
CUST-01912,2025-11-21,Northeast,Organic/Direct,Returning
CUST-01913,2025-01-02,West,Affiliate,VIP
CUST-01914,2025-10-11,Northeast,Affiliate,VIP
CUST-01915,2025-04-30,South,Paid Search,Returning
CUST-01916,2025-07-08,South,Paid Search,VIP
CUST-01917,2025-04-14,Northeast,Organic/Direct,VIP
CUST-01918,2025-06-29,Midwest,Affiliate,New
CUST-01919,2025-06-14,Northeast,Paid Social,Returning
CUST-01920,2025-07-13,South,Organic/Direct,New
CUST-01921,2025-05-24,Northeast,Paid Social,New
CUST-01922,2025-07-15,Northeast,Display,New
CUST-01923,2025-10-29,Midwest,Paid Social,New
CUST-01924,2025-06-08,West,Organic/Direct,New
CUST-01925,2025-05-12,South,Paid Social,New
CUST-01926,2025-02-18,West,Paid Search,New
CUST-01927,2025-05-12,South,Affiliate,Returning
CUST-01928,2025-02-15,South,Paid Search,Returning
CUST-01929,2025-03-08,Midwest,Organic/Direct,VIP
CUST-01930,2025-12-14,West,Affiliate,New
CUST-01931,2025-02-02,South,Paid Search,New
CUST-01932,2025-06-25,Midwest,Paid Search,Returning
CUST-01933,2025-11-01,South,Organic/Direct,New
CUST-01934,2025-12-14,South,Affiliate,VIP
CUST-01935,2025-02-23,Northeast,Organic/Direct,Returning
CUST-01936,2025-03-01,Midwest,Paid Search,New
CUST-01937,2025-05-16,Midwest,Organic/Direct,New
CUST-01938,2025-07-22,West,Email,New
CUST-01939,2025-12-17,Midwest,Affiliate,New
CUST-01940,2025-03-17,West,Paid Social,New
CUST-01941,2025-03-02,Midwest,Paid Search,Returning
CUST-01942,2025-04-03,South,Organic/Direct,Returning
CUST-01943,2025-11-16,Northeast,Organic/Direct,New
CUST-01944,2025-01-11,West,Paid Social,New
CUST-01945,2025-05-19,Midwest,Organic/Direct,New
CUST-01946,2025-02-13,Northeast,Paid Search,New
CUST-01947,2025-02-27,Northeast,Paid Search,Returning
CUST-01948,2025-12-01,Northeast,Paid Search,Returning
CUST-01949,2025-01-01,Midwest,Paid Social,Returning
CUST-01950,2025-04-28,South,Paid Search,New
CUST-01951,2025-12-01,West,Paid Social,New
CUST-01952,2025-08-10,South,Paid Search,Returning
CUST-01953,2025-01-27,South,Display,Returning
CUST-01954,2025-06-19,Midwest,Organic/Direct,Returning
CUST-01955,2025-12-21,West,Affiliate,New
CUST-01956,2025-05-27,West,Paid Search,Returning
CUST-01957,2025-07-12,Midwest,Display,New
CUST-01958,2025-07-14,West,Paid Social,New
CUST-01959,2025-08-30,Midwest,Display,Returning
CUST-01960,2025-03-10,West,Affiliate,New
CUST-01961,2025-11-03,West,Paid Social,Returning
CUST-01962,2025-12-27,South,Paid Search,New
CUST-01963,2025-02-22,Northeast,Organic/Direct,New
CUST-01964,2025-10-26,South,Organic/Direct,New
CUST-01965,2025-10-26,Northeast,Affiliate,Returning
CUST-01966,2025-09-28,South,Organic/Direct,Returning
CUST-01967,2025-05-16,Midwest,Organic/Direct,New
CUST-01968,2025-06-21,South,Paid Search,New
CUST-01969,2025-11-03,West,Display,New
CUST-01970,2025-02-25,Northeast,Paid Social,New
CUST-01971,2025-10-30,Midwest,Email,Returning
CUST-01972,2025-12-03,South,Paid Search,New
CUST-01973,2025-09-06,Midwest,Organic/Direct,New
CUST-01974,2025-05-05,Northeast,Display,New
CUST-01975,2025-07-24,Northeast,Paid Social,Returning
CUST-01976,2025-01-19,Midwest,Paid Social,Returning
CUST-01977,2025-12-07,South,Paid Social,Returning
CUST-01978,2025-05-05,South,Display,Returning
CUST-01979,2025-01-21,Northeast,Organic/Direct,VIP
CUST-01980,2025-10-17,Midwest,Paid Social,New
CUST-01981,2025-08-29,Midwest,Email,Returning
CUST-01982,2025-08-16,Midwest,Affiliate,Returning
CUST-01983,2025-01-20,South,Paid Social,New
CUST-01984,2025-10-02,Midwest,Email,Returning
CUST-01985,2025-08-21,South,Paid Search,Returning
CUST-01986,2025-10-17,West,Paid Search,Returning
CUST-01987,2025-10-29,South,Paid Social,New
CUST-01988,2025-03-19,South,Organic/Direct,New
CUST-01989,2025-03-18,Northeast,Paid Social,Returning
CUST-01990,2025-12-04,Northeast,Paid Social,New
CUST-01991,2025-07-13,Northeast,Display,New
CUST-01992,2025-06-09,South,Organic/Direct,New
CUST-01993,2025-04-15,West,Email,New
CUST-01994,2025-08-22,Northeast,Paid Search,Returning
CUST-01995,2025-10-03,Northeast,Affiliate,Returning
CUST-01996,2025-01-01,Midwest,Paid Social,VIP
CUST-01997,2025-07-21,South,Affiliate,New
CUST-01998,2025-12-29,South,Paid Social,New
CUST-01999,2025-04-13,South,Paid Search,New
CUST-02000,2025-04-13,West,Paid Social,New
CUST-02001,2025-11-17,Midwest,Display,Returning
CUST-02002,2025-01-23,South,Paid Social,New
CUST-02003,2025-05-26,South,Paid Search,New
CUST-02004,2025-06-17,Midwest,Email,Returning
CUST-02005,2025-10-19,West,Display,Returning
CUST-02006,2025-02-17,Northeast,Paid Search,New
CUST-02007,2025-06-08,South,Affiliate,Returning
CUST-02008,2025-02-25,South,Affiliate,New
CUST-02009,2025-10-15,West,Paid Social,Returning
CUST-02010,2025-08-19,South,Organic/Direct,Returning
CUST-02011,2025-07-01,Midwest,Organic/Direct,New
CUST-02012,2025-05-24,West,Paid Social,New
CUST-02013,2025-02-25,South,Paid Search,New
CUST-02014,2025-12-03,Midwest,Paid Social,Returning
CUST-02015,2025-08-25,South,Paid Search,New
CUST-02016,2025-04-27,Northeast,Email,Returning
CUST-02017,2025-06-01,South,Organic/Direct,New
CUST-02018,2025-09-23,West,Organic/Direct,New
CUST-02019,2025-09-20,Midwest,Paid Social,New
CUST-02020,2025-06-18,Midwest,Paid Social,New
CUST-02021,2025-04-21,West,Paid Search,New
CUST-02022,2025-08-29,South,Email,Returning
CUST-02023,2025-08-29,West,Paid Search,VIP
CUST-02024,2025-08-07,Midwest,Organic/Direct,New
CUST-02025,2025-01-27,West,Organic/Direct,Returning
CUST-02026,2025-06-22,Northeast,Paid Search,New
CUST-02027,2025-08-13,South,Affiliate,Returning
CUST-02028,2025-12-13,Midwest,Affiliate,New
CUST-02029,2025-07-11,South,Organic/Direct,Returning
CUST-02030,2025-05-06,West,Email,New
CUST-02031,2025-07-22,South,Paid Search,New
CUST-02032,2025-03-06,South,Affiliate,Returning
CUST-02033,2025-02-03,Midwest,Paid Search,New
CUST-02034,2025-09-05,South,Affiliate,New
CUST-02035,2025-12-26,Midwest,Paid Search,New
CUST-02036,2025-11-05,Northeast,Affiliate,VIP
CUST-02037,2025-08-02,Midwest,Organic/Direct,New
CUST-02038,2025-01-15,West,Paid Search,New
CUST-02039,2025-12-27,South,Paid Social,Returning
CUST-02040,2025-06-14,South,Display,Returning
CUST-02041,2025-04-16,Midwest,Paid Search,New
CUST-02042,2025-11-22,South,Affiliate,Returning
CUST-02043,2025-09-30,Northeast,Affiliate,New
CUST-02044,2025-10-01,Midwest,Paid Social,New
CUST-02045,2025-04-12,Midwest,Organic/Direct,New
CUST-02046,2025-12-29,Northeast,Email,Returning
CUST-02047,2025-06-15,Northeast,Affiliate,Returning
CUST-02048,2025-07-13,South,Paid Search,New
CUST-02049,2025-10-02,Midwest,Paid Search,New
CUST-02050,2025-08-29,Midwest,Paid Search,New
CUST-02051,2025-03-04,Northeast,Organic/Direct,New
CUST-02052,2025-04-21,South,Organic/Direct,New
CUST-02053,2025-05-12,Midwest,Organic/Direct,Returning
CUST-02054,2025-12-12,Midwest,Paid Search,New
CUST-02055,2025-09-18,South,Email,VIP
CUST-02056,2025-05-14,Northeast,Display,New
CUST-02057,2025-09-26,West,Affiliate,New
CUST-02058,2025-09-27,Northeast,Paid Search,New
CUST-02059,2025-05-24,Midwest,Organic/Direct,Returning
CUST-02060,2025-05-28,Northeast,Paid Search,New
CUST-02061,2025-11-23,South,Paid Search,New
CUST-02062,2025-07-25,Midwest,Organic/Direct,New
CUST-02063,2025-02-24,West,Email,Returning
CUST-02064,2025-09-20,Midwest,Paid Social,VIP
CUST-02065,2025-08-04,South,Email,New
CUST-02066,2025-07-05,Northeast,Organic/Direct,New
CUST-02067,2025-09-22,Northeast,Paid Search,New
CUST-02068,2025-11-28,Midwest,Display,New
CUST-02069,2025-05-01,South,Paid Social,VIP
CUST-02070,2025-06-03,Midwest,Paid Search,New
CUST-02071,2025-03-11,West,Paid Social,Returning
CUST-02072,2025-08-25,South,Email,VIP
CUST-02073,2025-05-27,West,Paid Search,Returning
CUST-02074,2025-05-05,Midwest,Paid Social,New
CUST-02075,2025-09-12,South,Affiliate,Returning
CUST-02076,2025-05-29,South,Affiliate,New
CUST-02077,2025-06-19,South,Display,New
CUST-02078,2025-06-10,West,Organic/Direct,VIP
CUST-02079,2025-04-05,South,Paid Social,New
CUST-02080,2025-02-15,West,Paid Social,New
CUST-02081,2025-10-29,South,Email,New
CUST-02082,2025-02-03,Northeast,Affiliate,New
CUST-02083,2025-04-29,South,Paid Search,Returning
CUST-02084,2025-09-01,Midwest,Paid Social,Returning
CUST-02085,2025-02-17,West,Paid Search,Returning
CUST-02086,2025-08-28,West,Paid Social,New
CUST-02087,2025-09-25,Northeast,Organic/Direct,New
CUST-02088,2025-08-30,Northeast,Affiliate,New
CUST-02089,2025-04-22,Northeast,Paid Social,New
CUST-02090,2025-01-08,Midwest,Affiliate,Returning
CUST-02091,2025-11-20,Northeast,Affiliate,Returning
CUST-02092,2025-04-30,South,Paid Social,Returning
CUST-02093,2025-10-21,South,Email,Returning
CUST-02094,2025-03-14,West,Display,New
CUST-02095,2025-03-01,Midwest,Paid Search,Returning
CUST-02096,2025-10-12,South,Email,Returning
CUST-02097,2025-12-10,Northeast,Email,VIP
CUST-02098,2025-11-11,West,Display,New
CUST-02099,2025-10-02,Northeast,Organic/Direct,Returning
CUST-02100,2025-04-01,Northeast,Display,New
CUST-02101,2025-11-30,Northeast,Email,Returning
CUST-02102,2025-09-01,West,Paid Search,VIP
CUST-02103,2025-03-04,Northeast,Affiliate,VIP
CUST-02104,2025-02-17,South,Organic/Direct,New
CUST-02105,2025-11-14,South,Organic/Direct,New
CUST-02106,2025-04-11,South,Organic/Direct,Returning
CUST-02107,2025-10-07,Northeast,Paid Search,Returning
CUST-02108,2025-02-20,Northeast,Display,VIP
CUST-02109,2025-04-13,Midwest,Organic/Direct,New
CUST-02110,2025-04-14,Northeast,Affiliate,Returning
CUST-02111,2025-04-13,South,Affiliate,Returning
CUST-02112,2025-09-04,Midwest,Email,New
CUST-02113,2025-11-30,Midwest,Affiliate,New
CUST-02114,2025-11-29,Northeast,Paid Social,Returning
CUST-02115,2025-09-28,South,Paid Search,New
CUST-02116,2025-03-15,Northeast,Organic/Direct,Returning
CUST-02117,2025-12-17,South,Organic/Direct,Returning
CUST-02118,2025-07-17,Northeast,Organic/Direct,New
CUST-02119,2025-07-19,West,Paid Social,New
CUST-02120,2025-09-14,South,Paid Search,VIP
CUST-02121,2025-10-08,Northeast,Paid Social,Returning
CUST-02122,2025-12-14,Northeast,Organic/Direct,Returning
CUST-02123,2025-08-01,Midwest,Affiliate,Returning
CUST-02124,2025-08-11,Northeast,Organic/Direct,Returning
CUST-02125,2025-09-30,Northeast,Paid Social,VIP
CUST-02126,2025-04-04,West,Email,Returning
CUST-02127,2025-04-23,South,Display,New
CUST-02128,2025-08-17,Northeast,Paid Search,New
CUST-02129,2025-01-24,South,Organic/Direct,New
CUST-02130,2025-04-27,Northeast,Affiliate,Returning
CUST-02131,2025-09-20,West,Paid Search,New
CUST-02132,2025-12-23,Northeast,Paid Search,Returning
CUST-02133,2025-07-09,South,Organic/Direct,VIP
CUST-02134,2025-05-26,South,Affiliate,New
CUST-02135,2025-06-10,Northeast,Display,New
CUST-02136,2025-09-08,Northeast,Display,Returning
CUST-02137,2025-07-18,Midwest,Paid Social,New
CUST-02138,2025-01-09,West,Display,Returning
CUST-02139,2025-07-16,South,Organic/Direct,New
CUST-02140,2025-05-27,South,Paid Search,New
CUST-02141,2025-09-13,South,Display,Returning
CUST-02142,2025-11-16,West,Paid Social,New
CUST-02143,2025-12-18,Midwest,Paid Social,New
CUST-02144,2025-08-11,Midwest,Paid Social,New
CUST-02145,2025-05-13,South,Organic/Direct,New
CUST-02146,2025-06-12,Northeast,Paid Search,Returning
CUST-02147,2025-03-06,West,Paid Social,New
CUST-02148,2025-12-08,Northeast,Affiliate,New
CUST-02149,2025-11-06,Northeast,Paid Search,New
CUST-02150,2025-11-08,West,Display,New
CUST-02151,2025-04-30,Midwest,Organic/Direct,New
CUST-02152,2025-04-28,Northeast,Paid Search,Returning
CUST-02153,2025-11-09,Northeast,Paid Search,New
CUST-02154,2025-07-18,South,Organic/Direct,Returning
CUST-02155,2025-09-15,West,Paid Search,New
CUST-02156,2025-06-28,Northeast,Paid Search,New
CUST-02157,2025-06-11,Northeast,Organic/Direct,New
CUST-02158,2025-08-19,Midwest,Organic/Direct,Returning
CUST-02159,2025-10-24,West,Affiliate,VIP
CUST-02160,2025-05-02,Midwest,Email,New
CUST-02161,2025-10-23,West,Organic/Direct,VIP
CUST-02162,2025-03-31,West,Affiliate,New
CUST-02163,2025-05-28,Midwest,Affiliate,Returning
CUST-02164,2025-11-30,West,Organic/Direct,Returning
CUST-02165,2025-12-15,South,Affiliate,New
CUST-02166,2025-12-04,South,Email,New
CUST-02167,2025-04-26,Midwest,Paid Social,New
CUST-02168,2025-11-04,West,Email,Returning
CUST-02169,2025-12-08,South,Email,New
CUST-02170,2025-12-24,South,Paid Social,Returning
CUST-02171,2025-01-08,West,Email,New
CUST-02172,2025-09-29,Midwest,Organic/Direct,VIP
CUST-02173,2025-12-30,West,Paid Social,New
CUST-02174,2025-10-07,West,Paid Search,Returning
CUST-02175,2025-03-27,Northeast,Paid Social,New
CUST-02176,2025-10-06,Northeast,Paid Search,New
CUST-02177,2025-02-08,Midwest,Display,New
CUST-02178,2025-06-25,West,Email,Returning
CUST-02179,2025-08-17,Midwest,Paid Social,New
CUST-02180,2025-06-16,South,Organic/Direct,Returning
CUST-02181,2025-09-13,Northeast,Paid Search,VIP
CUST-02182,2025-03-29,Midwest,Paid Search,New
CUST-02183,2025-08-10,South,Organic/Direct,New
CUST-02184,2025-08-24,Northeast,Email,New
CUST-02185,2025-08-20,West,Display,New
CUST-02186,2025-04-16,Northeast,Organic/Direct,New
CUST-02187,2025-04-22,West,Organic/Direct,Returning
CUST-02188,2025-04-05,Northeast,Paid Search,New
CUST-02189,2025-06-18,West,Display,New
CUST-02190,2025-08-02,South,Display,Returning
CUST-02191,2025-05-13,Northeast,Paid Search,New
CUST-02192,2025-05-30,Northeast,Organic/Direct,Returning
CUST-02193,2025-04-15,Northeast,Paid Social,VIP
CUST-02194,2025-03-21,South,Organic/Direct,New
CUST-02195,2025-08-28,West,Affiliate,New
CUST-02196,2025-10-25,Midwest,Email,Returning
CUST-02197,2025-04-17,Midwest,Paid Search,Returning
CUST-02198,2025-11-11,South,Organic/Direct,Returning
CUST-02199,2025-07-28,South,Email,Returning
CUST-02200,2025-03-03,South,Paid Search,New
CUST-02201,2025-05-14,Midwest,Paid Search,New
CUST-02202,2025-01-03,South,Display,Returning
CUST-02203,2025-01-15,West,Paid Search,Returning
CUST-02204,2025-05-03,Midwest,Affiliate,Returning
CUST-02205,2025-06-15,Northeast,Affiliate,New
CUST-02206,2025-10-19,Northeast,Paid Social,Returning
CUST-02207,2025-02-19,South,Affiliate,New
CUST-02208,2025-11-03,Midwest,Paid Social,New
CUST-02209,2025-03-27,West,Organic/Direct,New
CUST-02210,2025-02-20,South,Organic/Direct,New
CUST-02211,2025-09-13,South,Paid Social,Returning
CUST-02212,2025-10-10,South,Email,New
CUST-02213,2025-08-09,Northeast,Email,Returning
CUST-02214,2025-02-12,West,Organic/Direct,New
CUST-02215,2025-02-12,Northeast,Paid Social,New
CUST-02216,2025-05-23,South,Affiliate,New
CUST-02217,2025-06-14,West,Organic/Direct,New
CUST-02218,2025-12-31,South,Paid Search,Returning
CUST-02219,2025-04-15,West,Email,New
CUST-02220,2025-03-12,Midwest,Paid Search,New
CUST-02221,2025-12-12,West,Affiliate,New
CUST-02222,2025-02-26,South,Paid Social,New
CUST-02223,2025-01-10,South,Organic/Direct,New
CUST-02224,2025-06-04,Northeast,Paid Social,VIP
CUST-02225,2025-05-27,Northeast,Paid Search,New
CUST-02226,2025-08-15,South,Organic/Direct,New
CUST-02227,2025-11-17,Northeast,Organic/Direct,Returning
CUST-02228,2025-12-07,South,Affiliate,Returning
CUST-02229,2025-04-16,West,Display,New
CUST-02230,2025-12-24,West,Paid Social,Returning
CUST-02231,2025-08-19,Northeast,Affiliate,VIP
CUST-02232,2025-01-26,West,Paid Search,New
CUST-02233,2025-12-09,Northeast,Paid Search,New
CUST-02234,2025-02-20,Midwest,Organic/Direct,Returning
CUST-02235,2025-08-03,West,Display,Returning
CUST-02236,2025-10-16,Northeast,Paid Search,VIP
CUST-02237,2025-04-02,Northeast,Paid Search,New
CUST-02238,2025-04-09,Northeast,Organic/Direct,VIP
CUST-02239,2025-06-23,South,Paid Search,New
CUST-02240,2025-11-19,West,Paid Social,Returning
CUST-02241,2025-03-23,Northeast,Paid Search,Returning
CUST-02242,2025-08-31,Northeast,Paid Search,New
CUST-02243,2025-06-15,South,Paid Social,New
CUST-02244,2025-02-10,Northeast,Organic/Direct,Returning
CUST-02245,2025-09-17,South,Paid Social,Returning
CUST-02246,2025-10-31,West,Email,New
CUST-02247,2025-07-30,South,Display,Returning
CUST-02248,2025-03-06,West,Email,New
CUST-02249,2025-02-26,South,Display,New
CUST-02250,2025-06-04,West,Affiliate,New
CUST-02251,2025-07-04,Northeast,Affiliate,VIP
CUST-02252,2025-07-21,Northeast,Affiliate,New
CUST-02253,2025-03-30,South,Display,Returning
CUST-02254,2025-07-02,Northeast,Display,New
CUST-02255,2025-04-18,West,Display,VIP
CUST-02256,2025-09-08,South,Paid Search,Returning
CUST-02257,2025-10-18,West,Affiliate,New
CUST-02258,2025-08-27,Midwest,Display,New
CUST-02259,2025-01-01,Midwest,Paid Social,New
CUST-02260,2025-12-29,South,Organic/Direct,New
CUST-02261,2025-01-09,Northeast,Paid Social,Returning
CUST-02262,2025-12-31,South,Paid Social,Returning
CUST-02263,2025-01-12,South,Organic/Direct,New
CUST-02264,2025-07-08,West,Paid Social,Returning
CUST-02265,2025-02-08,South,Paid Social,New
CUST-02266,2025-02-04,Northeast,Paid Social,New
CUST-02267,2025-09-07,Midwest,Organic/Direct,New
CUST-02268,2025-09-23,South,Email,New
CUST-02269,2025-02-13,Northeast,Affiliate,Returning
CUST-02270,2025-12-23,Midwest,Display,New
CUST-02271,2025-04-27,Midwest,Affiliate,Returning
CUST-02272,2025-04-27,Northeast,Organic/Direct,New
CUST-02273,2025-04-19,South,Organic/Direct,Returning
CUST-02274,2025-06-18,Northeast,Paid Social,New
CUST-02275,2025-03-06,South,Organic/Direct,New
CUST-02276,2025-06-05,Northeast,Email,New
CUST-02277,2025-03-18,South,Paid Search,New
CUST-02278,2025-01-19,Northeast,Paid Social,New
CUST-02279,2025-05-15,West,Affiliate,New
CUST-02280,2025-09-03,Northeast,Paid Search,Returning
CUST-02281,2025-10-06,South,Affiliate,New
CUST-02282,2025-05-09,Midwest,Paid Social,Returning
CUST-02283,2025-04-29,Northeast,Email,Returning
CUST-02284,2025-10-15,Midwest,Paid Search,New
CUST-02285,2025-09-06,West,Organic/Direct,Returning
CUST-02286,2025-10-31,West,Paid Social,New
CUST-02287,2025-11-27,Midwest,Paid Search,Returning
CUST-02288,2025-10-27,Northeast,Paid Social,Returning
CUST-02289,2025-12-08,South,Email,Returning
CUST-02290,2025-06-02,South,Affiliate,New
CUST-02291,2025-05-25,Northeast,Email,Returning
CUST-02292,2025-04-28,South,Paid Search,New
CUST-02293,2025-03-27,South,Organic/Direct,New
CUST-02294,2025-10-01,South,Email,New
CUST-02295,2025-09-18,Midwest,Paid Search,New
CUST-02296,2025-10-20,Midwest,Display,Returning
CUST-02297,2025-03-03,Northeast,Affiliate,Returning
CUST-02298,2025-06-29,South,Affiliate,New
CUST-02299,2025-03-23,Northeast,Paid Social,Returning
CUST-02300,2025-11-22,South,Paid Social,Returning
CUST-02301,2025-04-08,South,Email,VIP
CUST-02302,2025-02-22,South,Paid Search,Returning
CUST-02303,2025-07-28,Northeast,Paid Social,New
CUST-02304,2025-11-17,Midwest,Organic/Direct,New
CUST-02305,2025-12-01,Midwest,Affiliate,Returning
CUST-02306,2025-02-05,South,Paid Social,New
CUST-02307,2025-04-29,West,Paid Search,VIP
CUST-02308,2025-02-26,Midwest,Display,VIP
CUST-02309,2025-04-23,West,Paid Social,VIP
CUST-02310,2025-07-14,Northeast,Paid Search,New
CUST-02311,2025-04-13,Midwest,Paid Search,Returning
CUST-02312,2025-01-25,Northeast,Display,Returning
CUST-02313,2025-07-06,South,Affiliate,New
CUST-02314,2025-01-20,Northeast,Paid Search,New
CUST-02315,2025-03-24,Northeast,Paid Search,New
CUST-02316,2025-01-01,South,Affiliate,New
CUST-02317,2025-02-01,South,Affiliate,VIP
CUST-02318,2025-06-09,Northeast,Affiliate,Returning
CUST-02319,2025-11-07,Northeast,Paid Search,New
CUST-02320,2025-10-10,South,Display,New
CUST-02321,2025-02-06,Midwest,Organic/Direct,New
CUST-02322,2025-01-13,Northeast,Affiliate,New
CUST-02323,2025-05-04,South,Paid Search,New
CUST-02324,2025-08-27,Northeast,Affiliate,Returning
CUST-02325,2025-09-30,South,Paid Social,Returning
CUST-02326,2025-10-28,Midwest,Paid Search,Returning
CUST-02327,2025-05-05,Northeast,Paid Social,Returning
CUST-02328,2025-03-03,Northeast,Organic/Direct,New
CUST-02329,2025-01-10,Northeast,Paid Social,Returning
CUST-02330,2025-02-23,Northeast,Organic/Direct,New
CUST-02331,2025-01-24,Midwest,Email,New
CUST-02332,2025-11-11,West,Email,New
CUST-02333,2025-04-08,West,Paid Search,New
CUST-02334,2025-10-28,Midwest,Affiliate,New
CUST-02335,2025-07-21,South,Paid Search,New
CUST-02336,2025-07-16,South,Email,New
CUST-02337,2025-06-15,West,Paid Social,VIP
CUST-02338,2025-10-27,Northeast,Paid Social,New
CUST-02339,2025-01-16,Midwest,Email,New
CUST-02340,2025-02-03,Midwest,Paid Search,VIP
CUST-02341,2025-06-04,Northeast,Paid Social,Returning
CUST-02342,2025-05-24,Midwest,Organic/Direct,New
CUST-02343,2025-07-19,West,Paid Search,VIP
CUST-02344,2025-09-27,West,Paid Social,New
CUST-02345,2025-08-03,Northeast,Paid Social,New
CUST-02346,2025-04-04,Midwest,Paid Social,New
CUST-02347,2025-04-30,Midwest,Affiliate,New
CUST-02348,2025-10-02,Midwest,Paid Social,Returning
CUST-02349,2025-03-15,South,Email,New
CUST-02350,2025-07-04,Northeast,Affiliate,Returning
CUST-02351,2025-07-16,West,Paid Social,Returning
CUST-02352,2025-10-01,West,Organic/Direct,VIP
CUST-02353,2025-09-18,South,Organic/Direct,New
CUST-02354,2025-06-19,South,Paid Search,New
CUST-02355,2025-04-23,South,Paid Social,VIP
CUST-02356,2025-05-15,Midwest,Paid Search,Returning
CUST-02357,2025-05-31,Northeast,Paid Search,New
CUST-02358,2025-03-22,South,Email,New
CUST-02359,2025-08-17,Northeast,Affiliate,Returning
CUST-02360,2025-03-18,West,Paid Social,Returning
CUST-02361,2025-08-25,Midwest,Paid Social,Returning
CUST-02362,2025-10-02,Midwest,Paid Social,Returning
CUST-02363,2025-12-18,Midwest,Organic/Direct,New
CUST-02364,2025-02-13,West,Organic/Direct,New
CUST-02365,2025-10-05,Northeast,Paid Search,Returning
CUST-02366,2025-02-01,Northeast,Affiliate,Returning
CUST-02367,2025-05-04,Northeast,Email,New
CUST-02368,2025-03-06,South,Affiliate,Returning
CUST-02369,2025-03-01,West,Affiliate,New
CUST-02370,2025-03-06,Northeast,Organic/Direct,New
CUST-02371,2025-01-17,West,Paid Search,VIP
CUST-02372,2025-10-28,Midwest,Paid Social,New
CUST-02373,2025-01-23,South,Organic/Direct,New
CUST-02374,2025-05-26,Northeast,Paid Search,Returning
CUST-02375,2025-09-13,Midwest,Paid Search,New
CUST-02376,2025-12-28,South,Display,New
CUST-02377,2025-11-08,South,Display,Returning
CUST-02378,2025-02-20,Northeast,Affiliate,New
CUST-02379,2025-12-27,West,Display,Returning
CUST-02380,2025-08-27,West,Affiliate,New
CUST-02381,2025-03-07,Midwest,Paid Search,New
CUST-02382,2025-06-13,South,Affiliate,Returning
CUST-02383,2025-12-02,South,Display,New
CUST-02384,2025-05-24,Northeast,Organic/Direct,Returning
CUST-02385,2025-03-09,West,Paid Social,VIP
CUST-02386,2025-11-16,Midwest,Paid Search,Returning
CUST-02387,2025-12-14,South,Display,New
CUST-02388,2025-12-23,Northeast,Paid Social,New
CUST-02389,2025-12-15,Midwest,Paid Search,Returning
CUST-02390,2025-11-15,South,Organic/Direct,New
CUST-02391,2025-06-15,South,Email,Returning
CUST-02392,2025-03-12,West,Paid Social,Returning
CUST-02393,2025-08-14,West,Paid Search,New
CUST-02394,2025-03-22,Northeast,Paid Search,New
CUST-02395,2025-06-22,Midwest,Display,Returning
CUST-02396,2025-08-28,Midwest,Email,Returning
CUST-02397,2025-12-12,Midwest,Paid Search,New
CUST-02398,2025-04-16,Midwest,Paid Social,Returning
CUST-02399,2025-04-02,West,Paid Search,Returning
CUST-02400,2025-09-26,South,Paid Search,New
CUST-02401,2025-01-03,Northeast,Paid Social,New
CUST-02402,2025-07-26,Midwest,Email,Returning
CUST-02403,2025-09-30,South,Paid Search,Returning
CUST-02404,2025-07-21,Midwest,Paid Social,VIP
CUST-02405,2025-05-21,Northeast,Email,New
CUST-02406,2025-10-30,Midwest,Paid Social,Returning
CUST-02407,2025-05-16,Midwest,Paid Search,Returning
CUST-02408,2025-09-17,Northeast,Paid Search,Returning
CUST-02409,2025-06-19,South,Paid Search,New
CUST-02410,2025-01-10,Midwest,Paid Social,New
CUST-02411,2025-07-13,South,Display,New
CUST-02412,2025-01-19,South,Paid Search,New
CUST-02413,2025-12-06,West,Display,New
CUST-02414,2025-08-08,Northeast,Display,VIP
CUST-02415,2025-05-16,Northeast,Paid Search,New
CUST-02416,2025-06-27,Midwest,Paid Search,VIP
CUST-02417,2025-08-15,Midwest,Paid Search,New
CUST-02418,2025-04-05,Midwest,Paid Search,Returning
CUST-02419,2025-04-16,South,Email,New
CUST-02420,2025-06-02,Northeast,Paid Search,Returning
CUST-02421,2025-04-05,Northeast,Organic/Direct,Returning
CUST-02422,2025-10-04,Midwest,Email,VIP
CUST-02423,2025-02-07,South,Display,New
CUST-02424,2025-10-29,West,Display,New
CUST-02425,2025-05-08,South,Email,VIP
CUST-02426,2025-07-24,South,Organic/Direct,New
CUST-02427,2025-02-27,South,Organic/Direct,Returning
CUST-02428,2025-05-21,South,Paid Social,New
CUST-02429,2025-10-03,Northeast,Paid Search,New
CUST-02430,2025-04-09,South,Paid Social,Returning
CUST-02431,2025-02-18,South,Paid Search,Returning
CUST-02432,2025-07-10,Midwest,Email,Returning
CUST-02433,2025-03-01,South,Paid Social,New
CUST-02434,2025-04-25,Midwest,Email,Returning
CUST-02435,2025-06-14,Midwest,Display,VIP
CUST-02436,2025-07-25,Northeast,Paid Social,New
CUST-02437,2025-08-22,South,Email,New
CUST-02438,2025-09-04,West,Paid Social,New
CUST-02439,2025-11-05,Northeast,Display,Returning
CUST-02440,2025-01-25,Midwest,Affiliate,New
CUST-02441,2025-05-13,Northeast,Paid Search,Returning
CUST-02442,2025-01-01,Northeast,Affiliate,New
CUST-02443,2025-01-04,West,Paid Search,Returning
CUST-02444,2025-03-19,Midwest,Display,Returning
CUST-02445,2025-08-07,Midwest,Affiliate,New
CUST-02446,2025-11-23,Midwest,Paid Social,New
CUST-02447,2025-10-10,West,Affiliate,New
CUST-02448,2025-08-24,Northeast,Organic/Direct,New
CUST-02449,2025-10-12,South,Display,New
CUST-02450,2025-03-04,Midwest,Email,Returning
CUST-02451,2025-11-03,Northeast,Display,New
CUST-02452,2025-11-21,South,Paid Social,New
CUST-02453,2025-02-04,Northeast,Display,New
CUST-02454,2025-06-21,South,Organic/Direct,New
CUST-02455,2025-10-30,Northeast,Paid Search,VIP
CUST-02456,2025-06-23,South,Paid Search,New
CUST-02457,2025-11-03,South,Paid Social,New
CUST-02458,2025-12-08,South,Paid Search,New
CUST-02459,2025-06-23,Northeast,Paid Social,VIP
CUST-02460,2025-01-22,South,Paid Search,Returning
CUST-02461,2025-05-05,West,Affiliate,New
CUST-02462,2025-03-20,Northeast,Paid Search,Returning
CUST-02463,2025-06-23,Midwest,Paid Social,Returning
CUST-02464,2025-08-02,West,Affiliate,Returning
CUST-02465,2025-06-19,Northeast,Paid Social,New
CUST-02466,2025-03-13,South,Paid Social,Returning
CUST-02467,2025-04-20,South,Display,Returning
CUST-02468,2025-09-06,Northeast,Organic/Direct,New
CUST-02469,2025-01-10,South,Affiliate,New
CUST-02470,2025-03-20,South,Paid Search,New
CUST-02471,2025-11-22,Midwest,Paid Search,New
CUST-02472,2025-02-06,West,Organic/Direct,New
CUST-02473,2025-06-01,Northeast,Affiliate,Returning
CUST-02474,2025-03-17,Midwest,Display,Returning
CUST-02475,2025-02-08,West,Affiliate,New
CUST-02476,2025-06-04,Northeast,Paid Search,New
CUST-02477,2025-07-10,West,Email,Returning
CUST-02478,2025-03-06,Northeast,Display,New
CUST-02479,2025-01-29,Midwest,Organic/Direct,New
CUST-02480,2025-02-19,Northeast,Paid Search,Returning
CUST-02481,2025-08-26,South,Affiliate,New
CUST-02482,2025-11-11,South,Paid Search,New
CUST-02483,2025-03-07,West,Organic/Direct,Returning
CUST-02484,2025-04-27,West,Paid Social,Returning
CUST-02485,2025-05-06,South,Display,New
CUST-02486,2025-05-12,South,Paid Search,Returning
CUST-02487,2025-03-31,Midwest,Affiliate,VIP
CUST-02488,2025-01-21,West,Affiliate,New
CUST-02489,2025-07-11,South,Paid Social,Returning
CUST-02490,2025-05-11,West,Organic/Direct,New
CUST-02491,2025-05-05,Northeast,Organic/Direct,New
CUST-02492,2025-04-07,Midwest,Organic/Direct,New
CUST-02493,2025-12-06,South,Paid Social,New
CUST-02494,2025-08-11,Northeast,Display,New
CUST-02495,2025-06-02,Northeast,Email,Returning
CUST-02496,2025-03-16,West,Affiliate,New
CUST-02497,2025-10-20,Midwest,Email,Returning
CUST-02498,2025-11-21,Northeast,Affiliate,New
CUST-02499,2025-01-12,Midwest,Paid Search,Returning
CUST-02500,2025-12-06,Midwest,Paid Social,New
CUST-02501,2025-09-13,South,Paid Search,New
CUST-02502,2025-02-06,West,Paid Social,Returning
CUST-02503,2025-10-02,West,Paid Search,Returning
CUST-02504,2025-02-09,South,Paid Search,New
CUST-02505,2025-01-19,South,Display,New
CUST-02506,2025-02-12,Midwest,Email,Returning
CUST-02507,2025-06-17,West,Paid Search,Returning
CUST-02508,2025-08-15,Northeast,Display,New
CUST-02509,2025-05-29,Northeast,Organic/Direct,Returning
CUST-02510,2025-02-14,West,Organic/Direct,New
CUST-02511,2025-03-14,West,Organic/Direct,New
CUST-02512,2025-11-08,Midwest,Organic/Direct,Returning
CUST-02513,2025-12-18,South,Affiliate,VIP
CUST-02514,2025-10-03,Midwest,Organic/Direct,New
CUST-02515,2025-02-07,Midwest,Organic/Direct,New
CUST-02516,2025-10-27,Midwest,Paid Social,New
CUST-02517,2025-09-10,Northeast,Organic/Direct,Returning
CUST-02518,2025-07-12,South,Display,New
CUST-02519,2025-02-22,Midwest,Display,New
CUST-02520,2025-12-30,South,Organic/Direct,New
CUST-02521,2025-06-11,Northeast,Paid Social,Returning
CUST-02522,2025-01-17,West,Paid Social,New
CUST-02523,2025-03-18,South,Affiliate,Returning
CUST-02524,2025-05-27,West,Display,New
CUST-02525,2025-01-23,Northeast,Organic/Direct,New
CUST-02526,2025-04-29,South,Organic/Direct,New
CUST-02527,2025-06-20,West,Display,New
CUST-02528,2025-12-13,Midwest,Organic/Direct,New
CUST-02529,2025-02-01,Northeast,Paid Search,New
CUST-02530,2025-07-30,Northeast,Organic/Direct,New
CUST-02531,2025-12-01,Midwest,Paid Search,New
CUST-02532,2025-10-22,Midwest,Email,New
CUST-02533,2025-12-04,Midwest,Paid Search,New
CUST-02534,2025-03-04,Midwest,Affiliate,New
CUST-02535,2025-10-20,South,Paid Social,New
CUST-02536,2025-12-24,Northeast,Paid Search,Returning
CUST-02537,2025-04-30,Midwest,Affiliate,VIP
CUST-02538,2025-07-02,South,Display,Returning
CUST-02539,2025-07-13,Northeast,Paid Search,New
CUST-02540,2025-06-30,Northeast,Affiliate,VIP
CUST-02541,2025-04-16,Northeast,Paid Search,VIP
CUST-02542,2025-12-21,Northeast,Paid Search,New
CUST-02543,2025-12-16,Midwest,Paid Search,New
CUST-02544,2025-05-19,Northeast,Affiliate,Returning
CUST-02545,2025-10-21,Midwest,Display,VIP
CUST-02546,2025-05-26,West,Affiliate,Returning
CUST-02547,2025-10-18,West,Organic/Direct,Returning
CUST-02548,2025-08-02,Northeast,Affiliate,Returning
CUST-02549,2025-06-21,Midwest,Display,VIP
CUST-02550,2025-02-16,Midwest,Organic/Direct,New
CUST-02551,2025-08-27,West,Paid Social,New
CUST-02552,2025-04-28,West,Paid Search,Returning
CUST-02553,2025-03-21,Northeast,Paid Search,New
CUST-02554,2025-03-12,Northeast,Affiliate,New
CUST-02555,2025-12-25,Midwest,Email,New
CUST-02556,2025-02-07,West,Paid Search,New
CUST-02557,2025-10-19,West,Organic/Direct,New
CUST-02558,2025-11-13,Northeast,Organic/Direct,Returning
CUST-02559,2025-01-12,South,Paid Social,New
CUST-02560,2025-08-04,Northeast,Paid Search,Returning
CUST-02561,2025-07-30,South,Paid Search,New
CUST-02562,2025-05-11,West,Paid Social,VIP
CUST-02563,2025-09-01,Midwest,Organic/Direct,Returning
CUST-02564,2025-05-30,Northeast,Affiliate,VIP
CUST-02565,2025-06-10,South,Paid Search,New
CUST-02566,2025-06-07,Midwest,Email,New
CUST-02567,2025-10-20,West,Paid Search,Returning
CUST-02568,2025-08-20,Midwest,Paid Social,Returning
CUST-02569,2025-05-19,West,Paid Social,New
CUST-02570,2025-12-05,Midwest,Affiliate,Returning
CUST-02571,2025-10-20,Northeast,Email,Returning
CUST-02572,2025-12-07,Midwest,Organic/Direct,New
CUST-02573,2025-09-24,Northeast,Paid Search,Returning
CUST-02574,2025-05-23,Midwest,Display,New
CUST-02575,2025-10-10,South,Paid Search,New
CUST-02576,2025-05-01,Northeast,Paid Social,Returning
CUST-02577,2025-04-09,Northeast,Organic/Direct,New
CUST-02578,2025-06-14,Northeast,Affiliate,Returning
CUST-02579,2025-12-20,Northeast,Paid Search,Returning
CUST-02580,2025-07-27,West,Email,VIP
CUST-02581,2025-05-21,West,Display,New
CUST-02582,2025-06-18,Northeast,Organic/Direct,New
CUST-02583,2025-04-17,South,Affiliate,New
CUST-02584,2025-08-29,South,Paid Search,Returning
CUST-02585,2025-05-08,West,Email,New
CUST-02586,2025-07-22,Midwest,Paid Search,Returning
CUST-02587,2025-05-15,Midwest,Paid Search,New
CUST-02588,2025-04-28,Midwest,Affiliate,New
CUST-02589,2025-12-21,West,Display,Returning
CUST-02590,2025-05-07,South,Paid Search,Returning
CUST-02591,2025-01-26,Midwest,Display,New
CUST-02592,2025-05-19,Northeast,Display,Returning
CUST-02593,2025-07-14,South,Display,New
CUST-02594,2025-02-04,West,Paid Social,Returning
CUST-02595,2025-04-22,Midwest,Paid Social,New
CUST-02596,2025-03-02,South,Paid Search,New
CUST-02597,2025-07-02,Midwest,Paid Search,New
CUST-02598,2025-09-21,Midwest,Paid Social,New
CUST-02599,2025-12-20,South,Paid Social,Returning
CUST-02600,2025-05-23,South,Paid Search,New
CUST-02601,2025-11-12,West,Paid Search,New
CUST-02602,2025-03-20,Midwest,Organic/Direct,New
CUST-02603,2025-10-12,Midwest,Display,New
CUST-02604,2025-07-25,Midwest,Paid Social,Returning
CUST-02605,2025-10-04,Northeast,Organic/Direct,New
CUST-02606,2025-10-03,Midwest,Paid Search,Returning
CUST-02607,2025-07-14,Northeast,Paid Social,Returning
CUST-02608,2025-04-04,Midwest,Organic/Direct,New
CUST-02609,2025-07-12,Northeast,Email,Returning
CUST-02610,2025-10-29,Midwest,Paid Search,New
CUST-02611,2025-12-21,South,Paid Social,New
CUST-02612,2025-12-05,Northeast,Email,New
CUST-02613,2025-03-08,South,Affiliate,New
CUST-02614,2025-08-07,West,Paid Social,New
CUST-02615,2025-02-08,South,Paid Social,New
CUST-02616,2025-09-02,Northeast,Paid Social,Returning
CUST-02617,2025-12-29,Midwest,Email,New
CUST-02618,2025-01-20,South,Paid Search,VIP
CUST-02619,2025-08-28,Midwest,Organic/Direct,New
CUST-02620,2025-12-12,Northeast,Display,Returning
CUST-02621,2025-11-06,Midwest,Paid Social,New
CUST-02622,2025-05-24,South,Display,New
CUST-02623,2025-02-07,Northeast,Paid Search,New
CUST-02624,2025-12-04,South,Paid Social,VIP
CUST-02625,2025-12-03,Northeast,Email,VIP
CUST-02626,2025-07-31,Midwest,Email,New
CUST-02627,2025-12-24,West,Display,Returning
CUST-02628,2025-01-02,Northeast,Organic/Direct,Returning
CUST-02629,2025-08-14,South,Paid Social,Returning
CUST-02630,2025-01-15,Midwest,Paid Social,New
CUST-02631,2025-12-08,Midwest,Affiliate,Returning
CUST-02632,2025-09-06,West,Paid Social,Returning
CUST-02633,2025-11-30,Midwest,Paid Search,New
CUST-02634,2025-07-25,Northeast,Organic/Direct,New
CUST-02635,2025-01-31,West,Organic/Direct,New
CUST-02636,2025-01-10,South,Organic/Direct,VIP
CUST-02637,2025-05-03,South,Paid Search,New
CUST-02638,2025-09-29,Northeast,Paid Search,New
CUST-02639,2025-02-25,Northeast,Paid Social,New
CUST-02640,2025-11-08,South,Organic/Direct,Returning
CUST-02641,2025-03-29,Northeast,Paid Search,Returning
CUST-02642,2025-07-01,Northeast,Paid Search,New
CUST-02643,2025-03-16,South,Paid Search,New
CUST-02644,2025-06-20,Midwest,Display,Returning
CUST-02645,2025-06-15,Northeast,Display,New
CUST-02646,2025-01-02,Northeast,Affiliate,New
CUST-02647,2025-07-27,Midwest,Paid Search,VIP
CUST-02648,2025-10-15,South,Display,New
CUST-02649,2025-12-08,West,Email,New
CUST-02650,2025-05-01,Northeast,Paid Search,New
CUST-02651,2025-11-18,Northeast,Paid Social,Returning
CUST-02652,2025-11-17,South,Email,Returning
CUST-02653,2025-12-27,Midwest,Paid Social,New
CUST-02654,2025-05-17,Midwest,Organic/Direct,Returning
CUST-02655,2025-11-07,West,Email,VIP
CUST-02656,2025-07-26,South,Paid Social,Returning
CUST-02657,2025-01-22,Midwest,Affiliate,New
CUST-02658,2025-04-09,West,Affiliate,New
CUST-02659,2025-09-03,Northeast,Paid Search,Returning
CUST-02660,2025-02-28,West,Affiliate,New
CUST-02661,2025-06-08,Midwest,Paid Social,New
CUST-02662,2025-10-10,Midwest,Paid Social,New
CUST-02663,2025-02-24,West,Display,Returning
CUST-02664,2025-07-01,Midwest,Email,New
CUST-02665,2025-03-20,Midwest,Paid Social,New
CUST-02666,2025-07-15,Midwest,Paid Search,Returning
CUST-02667,2025-03-29,South,Email,New
CUST-02668,2025-12-19,South,Paid Social,New
CUST-02669,2025-01-28,Northeast,Organic/Direct,New
CUST-02670,2025-12-18,South,Email,New
CUST-02671,2025-10-17,South,Organic/Direct,VIP
CUST-02672,2025-11-09,Midwest,Paid Social,New
CUST-02673,2025-11-07,Northeast,Organic/Direct,Returning
CUST-02674,2025-03-10,Midwest,Paid Search,New
CUST-02675,2025-12-06,Northeast,Paid Social,New
CUST-02676,2025-08-05,Northeast,Paid Search,New
CUST-02677,2025-12-18,Midwest,Paid Search,New
CUST-02678,2025-11-17,Northeast,Organic/Direct,New
CUST-02679,2025-07-31,Midwest,Display,New
CUST-02680,2025-05-17,South,Affiliate,VIP
CUST-02681,2025-02-12,Midwest,Email,New
CUST-02682,2025-02-06,West,Affiliate,VIP
CUST-02683,2025-05-23,West,Affiliate,New
CUST-02684,2025-10-24,South,Organic/Direct,New
CUST-02685,2025-07-04,West,Affiliate,Returning
CUST-02686,2025-06-25,West,Display,New
CUST-02687,2025-03-31,Midwest,Paid Social,New
CUST-02688,2025-07-26,South,Organic/Direct,New
CUST-02689,2025-08-21,Northeast,Paid Search,New
CUST-02690,2025-12-25,South,Paid Social,Returning
CUST-02691,2025-09-24,Midwest,Organic/Direct,New
CUST-02692,2025-08-10,Northeast,Paid Search,VIP
CUST-02693,2025-11-29,Midwest,Paid Search,New
CUST-02694,2025-06-05,West,Paid Social,New
CUST-02695,2025-12-08,Midwest,Paid Social,New
CUST-02696,2025-05-16,Northeast,Organic/Direct,New
CUST-02697,2025-02-16,Northeast,Organic/Direct,Returning
CUST-02698,2025-06-02,Midwest,Email,Returning
CUST-02699,2025-02-16,West,Organic/Direct,New
CUST-02700,2025-02-13,South,Affiliate,New
CUST-02701,2025-11-18,Midwest,Organic/Direct,Returning
CUST-02702,2025-10-18,Northeast,Paid Social,New
CUST-02703,2025-03-22,Northeast,Email,New
CUST-02704,2025-11-02,Midwest,Paid Search,New
CUST-02705,2025-01-26,West,Paid Search,New
CUST-02706,2025-04-14,South,Display,New
CUST-02707,2025-09-15,Midwest,Paid Search,New
CUST-02708,2025-04-21,South,Email,Returning
CUST-02709,2025-09-24,Midwest,Affiliate,New
CUST-02710,2025-11-16,South,Paid Search,VIP
CUST-02711,2025-01-25,South,Email,Returning
CUST-02712,2025-01-09,South,Affiliate,New
CUST-02713,2025-12-10,Midwest,Organic/Direct,New
CUST-02714,2025-07-09,West,Paid Social,New
CUST-02715,2025-07-04,Midwest,Organic/Direct,Returning
CUST-02716,2025-06-19,Northeast,Organic/Direct,New
CUST-02717,2025-06-08,Northeast,Affiliate,VIP
CUST-02718,2025-09-09,Midwest,Paid Social,Returning
CUST-02719,2025-07-31,South,Display,Returning
CUST-02720,2025-03-01,South,Organic/Direct,New
CUST-02721,2025-08-17,South,Paid Social,Returning
CUST-02722,2025-09-01,Midwest,Organic/Direct,Returning
CUST-02723,2025-02-11,South,Organic/Direct,Returning
CUST-02724,2025-05-18,South,Email,New
CUST-02725,2025-10-16,Midwest,Display,Returning
CUST-02726,2025-08-14,Midwest,Email,New
CUST-02727,2025-02-19,Northeast,Display,Returning
CUST-02728,2025-01-15,Midwest,Organic/Direct,New
CUST-02729,2025-08-01,South,Paid Search,New
CUST-02730,2025-06-18,West,Paid Search,Returning
CUST-02731,2025-12-17,South,Paid Social,New
CUST-02732,2025-07-10,Midwest,Organic/Direct,Returning
CUST-02733,2025-12-06,South,Paid Social,Returning
CUST-02734,2025-03-20,South,Organic/Direct,Returning
CUST-02735,2025-06-13,Midwest,Email,Returning
CUST-02736,2025-02-20,West,Paid Social,New
CUST-02737,2025-07-29,Northeast,Organic/Direct,New
CUST-02738,2025-03-10,Northeast,Affiliate,Returning
CUST-02739,2025-06-29,Northeast,Paid Social,New
CUST-02740,2025-05-06,Northeast,Paid Search,New
CUST-02741,2025-03-09,West,Paid Search,New
CUST-02742,2025-02-05,Midwest,Paid Search,New
CUST-02743,2025-07-06,Midwest,Paid Social,VIP
CUST-02744,2025-12-12,Midwest,Affiliate,New
CUST-02745,2025-03-14,Midwest,Paid Social,New
CUST-02746,2025-05-28,Midwest,Paid Search,VIP
CUST-02747,2025-03-23,Northeast,Paid Social,VIP
CUST-02748,2025-10-23,South,Paid Social,New
CUST-02749,2025-06-01,Northeast,Organic/Direct,Returning
CUST-02750,2025-12-22,South,Paid Social,New
CUST-02751,2025-03-31,Northeast,Paid Search,Returning
CUST-02752,2025-01-30,South,Affiliate,New
CUST-02753,2025-08-01,West,Organic/Direct,New
CUST-02754,2025-08-26,Northeast,Display,New
CUST-02755,2025-12-28,Northeast,Organic/Direct,Returning
CUST-02756,2025-11-15,West,Organic/Direct,New
CUST-02757,2025-11-19,Midwest,Affiliate,New
CUST-02758,2025-08-20,South,Organic/Direct,Returning
CUST-02759,2025-05-12,Northeast,Paid Search,New
CUST-02760,2025-06-06,Midwest,Organic/Direct,Returning
CUST-02761,2025-02-18,Midwest,Organic/Direct,New
CUST-02762,2025-06-07,West,Organic/Direct,New
CUST-02763,2025-05-14,Midwest,Email,New
CUST-02764,2025-01-14,South,Display,New
CUST-02765,2025-03-16,South,Paid Search,New
CUST-02766,2025-07-15,Northeast,Affiliate,New
CUST-02767,2025-05-15,Midwest,Paid Social,Returning
CUST-02768,2025-12-29,Northeast,Affiliate,New
CUST-02769,2025-06-24,Midwest,Affiliate,New
CUST-02770,2025-12-16,South,Paid Social,Returning
CUST-02771,2025-08-30,Midwest,Paid Search,New
CUST-02772,2025-01-15,Northeast,Paid Social,Returning
CUST-02773,2025-03-16,South,Affiliate,Returning
CUST-02774,2025-09-15,South,Affiliate,New
CUST-02775,2025-07-18,South,Display,Returning
CUST-02776,2025-04-21,South,Paid Search,VIP
CUST-02777,2025-07-10,Northeast,Organic/Direct,New
CUST-02778,2025-11-26,South,Affiliate,VIP
CUST-02779,2025-05-22,Midwest,Paid Search,New
CUST-02780,2025-01-17,Midwest,Paid Social,Returning
CUST-02781,2025-04-24,Northeast,Email,New
CUST-02782,2025-12-08,South,Paid Social,New
CUST-02783,2025-10-06,South,Paid Search,VIP
CUST-02784,2025-11-02,Midwest,Paid Search,New
CUST-02785,2025-11-29,West,Paid Search,VIP
CUST-02786,2025-02-12,West,Paid Search,Returning
CUST-02787,2025-04-14,Northeast,Paid Social,VIP
CUST-02788,2025-01-22,South,Organic/Direct,VIP
CUST-02789,2025-01-02,Midwest,Email,Returning
CUST-02790,2025-11-01,West,Paid Social,VIP
CUST-02791,2025-12-08,Northeast,Affiliate,Returning
CUST-02792,2025-02-26,Midwest,Email,New
CUST-02793,2025-09-21,Midwest,Paid Search,Returning
CUST-02794,2025-07-15,Northeast,Paid Search,New
CUST-02795,2025-01-26,South,Paid Search,New
CUST-02796,2025-12-01,Midwest,Affiliate,New
CUST-02797,2025-11-15,Northeast,Email,New
CUST-02798,2025-07-27,Midwest,Paid Social,New
CUST-02799,2025-09-16,West,Email,New
CUST-02800,2025-05-25,South,Organic/Direct,Returning
CUST-02801,2025-10-17,Midwest,Paid Social,Returning
CUST-02802,2025-06-12,Midwest,Email,Returning
CUST-02803,2025-12-28,Northeast,Email,VIP
CUST-02804,2025-01-24,West,Display,Returning
CUST-02805,2025-03-04,South,Display,Returning
CUST-02806,2025-12-20,South,Display,New
CUST-02807,2025-04-16,West,Paid Search,VIP
CUST-02808,2025-04-24,Northeast,Email,New
CUST-02809,2025-10-16,South,Organic/Direct,New
CUST-02810,2025-03-11,Northeast,Paid Social,New
CUST-02811,2025-07-07,Northeast,Organic/Direct,Returning
CUST-02812,2025-04-15,Midwest,Paid Social,Returning
CUST-02813,2025-03-14,Midwest,Email,New
CUST-02814,2025-12-18,West,Email,Returning
CUST-02815,2025-03-14,Midwest,Paid Social,New
CUST-02816,2025-02-04,West,Organic/Direct,New
CUST-02817,2025-09-03,South,Paid Search,New
CUST-02818,2025-11-13,South,Affiliate,New
CUST-02819,2025-02-16,West,Affiliate,Returning
CUST-02820,2025-09-16,Midwest,Organic/Direct,New
CUST-02821,2025-07-17,Midwest,Affiliate,New
CUST-02822,2025-10-30,Northeast,Organic/Direct,New
CUST-02823,2025-02-16,Midwest,Organic/Direct,Returning
CUST-02824,2025-12-23,West,Paid Social,VIP
CUST-02825,2025-08-14,Midwest,Organic/Direct,Returning
CUST-02826,2025-11-04,Midwest,Organic/Direct,Returning
CUST-02827,2025-05-13,Northeast,Paid Social,VIP
CUST-02828,2025-12-11,Midwest,Affiliate,New
CUST-02829,2025-08-17,South,Paid Social,New
CUST-02830,2025-02-16,Midwest,Affiliate,New
CUST-02831,2025-12-03,South,Paid Search,New
CUST-02832,2025-10-18,South,Display,New
CUST-02833,2025-04-20,South,Paid Social,New
CUST-02834,2025-07-19,Northeast,Affiliate,New
CUST-02835,2025-05-22,South,Paid Search,New
CUST-02836,2025-07-18,Northeast,Affiliate,New
CUST-02837,2025-12-19,Midwest,Email,New
CUST-02838,2025-11-25,South,Affiliate,Returning
CUST-02839,2025-03-20,South,Paid Social,Returning
CUST-02840,2025-12-21,Northeast,Paid Search,New
CUST-02841,2025-06-09,West,Paid Social,New
CUST-02842,2025-09-15,Northeast,Organic/Direct,New
CUST-02843,2025-10-06,South,Paid Search,New
CUST-02844,2025-06-26,West,Affiliate,New
CUST-02845,2025-06-16,South,Paid Search,New
CUST-02846,2025-06-16,West,Display,Returning
CUST-02847,2025-11-11,South,Paid Search,Returning
CUST-02848,2025-05-22,South,Email,Returning
CUST-02849,2025-04-13,South,Paid Social,Returning
CUST-02850,2025-05-12,South,Paid Search,Returning
CUST-02851,2025-03-13,Northeast,Paid Social,Returning
CUST-02852,2025-05-23,South,Paid Social,Returning
CUST-02853,2025-02-11,Northeast,Email,Returning
CUST-02854,2025-02-02,West,Organic/Direct,Returning
CUST-02855,2025-09-22,Northeast,Email,Returning
CUST-02856,2025-01-29,Northeast,Organic/Direct,Returning
CUST-02857,2025-07-27,West,Email,New
CUST-02858,2025-10-12,Northeast,Paid Search,New
CUST-02859,2025-09-22,Midwest,Paid Search,New
CUST-02860,2025-06-12,South,Paid Social,New
CUST-02861,2025-03-12,Northeast,Paid Social,New
CUST-02862,2025-12-06,Northeast,Organic/Direct,New
CUST-02863,2025-11-01,Midwest,Affiliate,New
CUST-02864,2025-08-12,Northeast,Affiliate,VIP
CUST-02865,2025-02-01,Northeast,Email,New
CUST-02866,2025-01-13,Northeast,Paid Social,New
CUST-02867,2025-04-26,Midwest,Affiliate,New
CUST-02868,2025-02-27,Midwest,Paid Search,New
CUST-02869,2025-11-11,Northeast,Paid Search,Returning
CUST-02870,2025-03-17,South,Paid Social,Returning
CUST-02871,2025-04-14,South,Paid Search,New
CUST-02872,2025-12-23,Northeast,Affiliate,New
CUST-02873,2025-10-26,Midwest,Paid Search,New
CUST-02874,2025-03-21,West,Paid Search,Returning
CUST-02875,2025-05-20,South,Organic/Direct,VIP
CUST-02876,2025-07-08,Midwest,Organic/Direct,VIP
CUST-02877,2025-08-31,Midwest,Email,New
CUST-02878,2025-12-08,Northeast,Email,Returning
CUST-02879,2025-11-14,West,Display,Returning
CUST-02880,2025-12-23,West,Paid Search,Returning
CUST-02881,2025-01-15,West,Paid Social,New
CUST-02882,2025-03-28,Northeast,Paid Search,New
CUST-02883,2025-07-25,Midwest,Paid Social,New
CUST-02884,2025-01-18,Northeast,Organic/Direct,New
CUST-02885,2025-05-10,Midwest,Display,Returning
CUST-02886,2025-02-26,Midwest,Organic/Direct,New
CUST-02887,2025-12-07,South,Display,New
CUST-02888,2025-01-24,Northeast,Affiliate,Returning
CUST-02889,2025-02-24,West,Display,New
CUST-02890,2025-03-13,Northeast,Affiliate,VIP
CUST-02891,2025-02-24,Northeast,Email,Returning
CUST-02892,2025-07-27,West,Paid Social,Returning
CUST-02893,2025-05-13,South,Email,Returning
CUST-02894,2025-11-30,Midwest,Paid Social,New
CUST-02895,2025-04-06,South,Email,New
CUST-02896,2025-07-16,Northeast,Paid Search,VIP
CUST-02897,2025-08-29,Northeast,Affiliate,New
CUST-02898,2025-08-17,Midwest,Paid Social,New
CUST-02899,2025-10-18,Midwest,Paid Social,Returning
CUST-02900,2025-03-15,South,Email,New
CUST-02901,2025-07-05,Northeast,Paid Search,New
CUST-02902,2025-10-20,South,Organic/Direct,New
CUST-02903,2025-11-12,South,Email,New
CUST-02904,2025-08-14,Northeast,Paid Social,Returning
CUST-02905,2025-08-26,Northeast,Paid Search,New
CUST-02906,2025-11-12,Midwest,Organic/Direct,New
CUST-02907,2025-08-17,South,Affiliate,New
CUST-02908,2025-12-13,South,Paid Social,Returning
CUST-02909,2025-02-16,South,Paid Social,New
CUST-02910,2025-05-07,Midwest,Display,New
CUST-02911,2025-02-10,Northeast,Organic/Direct,Returning
CUST-02912,2025-02-03,South,Paid Social,New
CUST-02913,2025-06-22,Northeast,Paid Search,Returning
CUST-02914,2025-03-24,South,Paid Search,New
CUST-02915,2025-05-29,Northeast,Paid Search,New
CUST-02916,2025-06-09,Midwest,Display,New
CUST-02917,2025-08-15,Midwest,Organic/Direct,Returning
CUST-02918,2025-12-12,Midwest,Organic/Direct,New
CUST-02919,2025-11-07,South,Display,New
CUST-02920,2025-05-19,Midwest,Paid Search,New
CUST-02921,2025-04-29,West,Organic/Direct,New
CUST-02922,2025-10-09,West,Paid Social,Returning
CUST-02923,2025-02-15,West,Paid Social,VIP
CUST-02924,2025-07-17,South,Affiliate,New
CUST-02925,2025-06-04,South,Paid Search,New
CUST-02926,2025-03-08,South,Organic/Direct,New
CUST-02927,2025-08-14,Midwest,Organic/Direct,VIP
CUST-02928,2025-04-28,Midwest,Display,New
CUST-02929,2025-03-09,South,Display,New
CUST-02930,2025-08-27,Northeast,Paid Social,VIP
CUST-02931,2025-03-05,Northeast,Paid Search,VIP
CUST-02932,2025-09-03,West,Display,New
CUST-02933,2025-03-01,Northeast,Affiliate,New
CUST-02934,2025-06-08,South,Organic/Direct,Returning
CUST-02935,2025-10-22,South,Paid Search,Returning
CUST-02936,2025-03-25,Northeast,Paid Social,New
CUST-02937,2025-10-08,West,Paid Social,New
CUST-02938,2025-09-21,Northeast,Affiliate,New
CUST-02939,2025-11-26,West,Display,New
CUST-02940,2025-03-03,South,Organic/Direct,New
CUST-02941,2025-09-19,Northeast,Paid Social,Returning
CUST-02942,2025-12-08,Northeast,Email,New
CUST-02943,2025-10-06,Midwest,Paid Search,New
CUST-02944,2025-03-10,Midwest,Paid Social,Returning
CUST-02945,2025-10-28,Northeast,Paid Social,New
CUST-02946,2025-02-09,West,Affiliate,New
CUST-02947,2025-08-03,Northeast,Email,VIP
CUST-02948,2025-07-01,West,Paid Social,New
CUST-02949,2025-07-13,Northeast,Affiliate,Returning
CUST-02950,2025-07-09,West,Organic/Direct,New
CUST-02951,2025-01-12,Northeast,Paid Social,New
CUST-02952,2025-07-05,Midwest,Paid Social,Returning
CUST-02953,2025-12-08,South,Display,New
CUST-02954,2025-06-09,Northeast,Display,New
CUST-02955,2025-04-12,West,Organic/Direct,New
CUST-02956,2025-12-30,Midwest,Paid Search,Returning
CUST-02957,2025-02-06,South,Email,New
CUST-02958,2025-06-27,South,Organic/Direct,Returning
CUST-02959,2025-07-07,South,Paid Social,Returning
CUST-02960,2025-06-24,Northeast,Paid Social,New
CUST-02961,2025-12-03,Northeast,Organic/Direct,New
CUST-02962,2025-06-03,Northeast,Paid Search,New
CUST-02963,2025-12-22,Midwest,Display,Returning
CUST-02964,2025-01-25,Northeast,Organic/Direct,New
CUST-02965,2025-09-25,West,Paid Search,Returning
CUST-02966,2025-08-05,South,Display,New
CUST-02967,2025-03-29,South,Email,New
CUST-02968,2025-03-25,Midwest,Organic/Direct,Returning
CUST-02969,2025-09-20,Midwest,Organic/Direct,New
CUST-02970,2025-08-21,Midwest,Organic/Direct,New
CUST-02971,2025-08-12,Midwest,Paid Search,Returning
CUST-02972,2025-01-19,Midwest,Display,Returning
CUST-02973,2025-08-07,Midwest,Organic/Direct,New
CUST-02974,2025-12-25,Midwest,Affiliate,New
CUST-02975,2025-01-07,West,Affiliate,New
CUST-02976,2025-06-21,Northeast,Paid Search,Returning
CUST-02977,2025-06-30,Midwest,Organic/Direct,New
CUST-02978,2025-11-24,Northeast,Paid Search,Returning
CUST-02979,2025-04-14,Midwest,Paid Social,Returning
CUST-02980,2025-06-23,South,Organic/Direct,VIP
CUST-02981,2025-09-19,Northeast,Organic/Direct,New
CUST-02982,2025-01-23,South,Organic/Direct,New
CUST-02983,2025-10-20,Midwest,Email,New
CUST-02984,2025-10-28,Northeast,Paid Search,New
CUST-02985,2025-09-20,West,Email,New
CUST-02986,2025-08-25,Midwest,Paid Search,Returning
CUST-02987,2025-09-30,South,Organic/Direct,New
CUST-02988,2025-10-13,Midwest,Affiliate,New
CUST-02989,2025-11-26,West,Paid Social,New
CUST-02990,2025-06-06,Midwest,Paid Search,VIP
CUST-02991,2025-06-16,Midwest,Paid Social,New
CUST-02992,2025-08-21,South,Organic/Direct,Returning
CUST-02993,2025-03-12,Midwest,Display,Returning
CUST-02994,2025-11-09,Midwest,Paid Search,New
CUST-02995,2025-10-09,West,Paid Search,Returning
CUST-02996,2025-08-19,South,Paid Social,New
CUST-02997,2025-04-21,South,Paid Search,New
CUST-02998,2025-05-07,South,Organic/Direct,New
CUST-02999,2025-06-08,West,Affiliate,New
CUST-03000,2025-08-30,West,Paid Search,Returning
CUST-03001,2025-10-11,South,Display,Returning
CUST-03002,2025-09-03,Midwest,Paid Social,New
CUST-03003,2025-12-06,Northeast,Paid Social,Returning
CUST-03004,2025-12-17,South,Affiliate,New
CUST-03005,2025-09-15,West,Paid Search,New
CUST-03006,2025-05-16,Midwest,Email,Returning
CUST-03007,2025-08-07,Northeast,Organic/Direct,New
CUST-03008,2025-06-05,Midwest,Organic/Direct,Returning
CUST-03009,2025-08-18,Midwest,Paid Social,New
CUST-03010,2025-10-24,West,Affiliate,Returning
CUST-03011,2025-05-15,Northeast,Paid Search,New
CUST-03012,2025-07-04,South,Affiliate,New
CUST-03013,2025-01-17,South,Paid Social,Returning
CUST-03014,2025-09-26,West,Affiliate,New
CUST-03015,2025-06-28,Northeast,Paid Search,New
CUST-03016,2025-06-17,West,Organic/Direct,Returning
CUST-03017,2025-07-14,South,Organic/Direct,New
CUST-03018,2025-03-20,South,Paid Social,New
CUST-03019,2025-08-07,Northeast,Display,New
CUST-03020,2025-09-29,Midwest,Paid Search,Returning
CUST-03021,2025-05-08,South,Display,Returning
CUST-03022,2025-02-17,Midwest,Paid Social,Returning
CUST-03023,2025-05-22,Midwest,Paid Search,New
CUST-03024,2025-03-14,South,Affiliate,New
CUST-03025,2025-05-17,South,Email,New
CUST-03026,2025-08-17,Northeast,Email,New
CUST-03027,2025-02-11,Midwest,Email,Returning
CUST-03028,2025-09-30,Northeast,Paid Search,New
CUST-03029,2025-03-23,West,Paid Search,Returning
CUST-03030,2025-11-23,West,Affiliate,Returning
CUST-03031,2025-09-25,Midwest,Affiliate,Returning
CUST-03032,2025-04-10,Northeast,Paid Search,New
CUST-03033,2025-07-25,Northeast,Paid Social,New
CUST-03034,2025-02-10,Midwest,Affiliate,VIP
CUST-03035,2025-02-06,West,Affiliate,Returning
CUST-03036,2025-12-15,Midwest,Organic/Direct,New
CUST-03037,2025-10-20,Northeast,Paid Social,Returning
CUST-03038,2025-02-26,Northeast,Email,VIP
CUST-03039,2025-04-14,Northeast,Affiliate,New
CUST-03040,2025-03-14,West,Paid Social,VIP
CUST-03041,2025-05-25,South,Paid Search,New
CUST-03042,2025-04-17,South,Paid Search,VIP
CUST-03043,2025-04-30,Midwest,Organic/Direct,New
CUST-03044,2025-07-13,West,Paid Search,New
CUST-03045,2025-03-11,Midwest,Affiliate,New
CUST-03046,2025-11-19,West,Affiliate,Returning
CUST-03047,2025-09-23,West,Paid Social,VIP
CUST-03048,2025-10-05,Midwest,Organic/Direct,New
CUST-03049,2025-03-03,West,Affiliate,New
CUST-03050,2025-09-16,Midwest,Paid Search,New
CUST-03051,2025-11-02,South,Display,New
CUST-03052,2025-03-05,Northeast,Email,Returning
CUST-03053,2025-10-02,Midwest,Paid Social,New
CUST-03054,2025-05-11,Northeast,Display,VIP
CUST-03055,2025-10-15,Northeast,Affiliate,VIP
CUST-03056,2025-06-24,Northeast,Paid Social,New
CUST-03057,2025-10-20,Midwest,Organic/Direct,New
CUST-03058,2025-02-23,South,Affiliate,VIP
CUST-03059,2025-05-23,Midwest,Affiliate,Returning
CUST-03060,2025-04-10,Midwest,Paid Search,Returning
CUST-03061,2025-04-01,West,Paid Social,New
CUST-03062,2025-04-23,West,Email,New
CUST-03063,2025-05-20,Northeast,Affiliate,Returning
CUST-03064,2025-02-16,Midwest,Email,New
CUST-03065,2025-09-16,South,Display,Returning
CUST-03066,2025-07-20,South,Paid Social,Returning
CUST-03067,2025-10-30,Midwest,Display,New
CUST-03068,2025-09-15,South,Organic/Direct,New
CUST-03069,2025-02-24,Northeast,Display,New
CUST-03070,2025-01-26,Midwest,Display,Returning
CUST-03071,2025-06-04,South,Organic/Direct,New
CUST-03072,2025-06-25,South,Paid Search,New
CUST-03073,2025-03-29,West,Affiliate,VIP
CUST-03074,2025-10-13,Northeast,Organic/Direct,Returning
CUST-03075,2025-08-01,Northeast,Affiliate,New
CUST-03076,2025-10-01,Northeast,Paid Search,Returning
CUST-03077,2025-02-09,Northeast,Organic/Direct,New
CUST-03078,2025-10-25,Northeast,Paid Search,VIP
CUST-03079,2025-03-17,Midwest,Paid Social,Returning
CUST-03080,2025-06-13,South,Paid Search,New
CUST-03081,2025-06-10,South,Email,New
CUST-03082,2025-10-27,Midwest,Paid Social,New
CUST-03083,2025-04-12,Northeast,Email,Returning
CUST-03084,2025-03-29,South,Organic/Direct,Returning
CUST-03085,2025-05-04,Northeast,Email,New
CUST-03086,2025-05-12,West,Email,VIP
CUST-03087,2025-03-08,Northeast,Organic/Direct,New
CUST-03088,2025-03-06,South,Organic/Direct,Returning
CUST-03089,2025-03-26,West,Paid Search,Returning
CUST-03090,2025-06-20,South,Paid Search,New
CUST-03091,2025-05-06,South,Affiliate,New
CUST-03092,2025-05-24,South,Organic/Direct,Returning
CUST-03093,2025-09-20,Northeast,Email,Returning
CUST-03094,2025-03-29,South,Paid Search,New
CUST-03095,2025-11-29,West,Display,Returning
CUST-03096,2025-10-02,West,Affiliate,New
CUST-03097,2025-03-05,Midwest,Affiliate,New
CUST-03098,2025-04-25,Midwest,Organic/Direct,Returning
CUST-03099,2025-03-08,South,Display,New
CUST-03100,2025-04-10,South,Affiliate,Returning
CUST-03101,2025-05-14,Northeast,Affiliate,Returning
CUST-03102,2025-02-17,Northeast,Affiliate,New
CUST-03103,2025-01-06,Northeast,Email,New
CUST-03104,2025-06-10,Midwest,Email,New
CUST-03105,2025-09-13,Northeast,Display,New
CUST-03106,2025-04-21,Northeast,Affiliate,Returning
CUST-03107,2025-11-11,Northeast,Email,New
CUST-03108,2025-05-15,West,Paid Search,VIP
CUST-03109,2025-11-25,Northeast,Display,New
CUST-03110,2025-03-28,Northeast,Affiliate,New
CUST-03111,2025-07-16,Midwest,Paid Social,VIP
CUST-03112,2025-10-06,Northeast,Paid Social,New
CUST-03113,2025-01-22,West,Paid Social,Returning
CUST-03114,2025-12-06,West,Organic/Direct,Returning
CUST-03115,2025-05-14,Midwest,Organic/Direct,Returning
CUST-03116,2025-07-01,Midwest,Affiliate,New
CUST-03117,2025-08-18,Midwest,Paid Social,New
CUST-03118,2025-08-23,Northeast,Display,VIP
CUST-03119,2025-01-09,Midwest,Email,New
CUST-03120,2025-11-13,Northeast,Organic/Direct,Returning
CUST-03121,2025-08-16,Northeast,Paid Search,Returning
CUST-03122,2025-12-31,South,Paid Search,Returning
CUST-03123,2025-06-22,Northeast,Affiliate,Returning
CUST-03124,2025-08-12,Northeast,Paid Search,VIP
CUST-03125,2025-06-10,Midwest,Affiliate,New
CUST-03126,2025-11-21,Midwest,Display,Returning
CUST-03127,2025-10-31,Northeast,Paid Search,Returning
CUST-03128,2025-11-28,Northeast,Email,New
CUST-03129,2025-07-04,Northeast,Affiliate,Returning
CUST-03130,2025-10-16,Northeast,Organic/Direct,New
CUST-03131,2025-05-11,West,Email,New
CUST-03132,2025-06-18,West,Paid Search,Returning
CUST-03133,2025-10-05,Midwest,Affiliate,VIP
CUST-03134,2025-01-30,Midwest,Email,New
CUST-03135,2025-09-17,South,Display,Returning
CUST-03136,2025-01-06,South,Email,New
CUST-03137,2025-07-31,Northeast,Paid Social,New
CUST-03138,2025-06-24,Northeast,Display,New
CUST-03139,2025-06-21,Midwest,Email,Returning
CUST-03140,2025-06-30,South,Paid Search,New
CUST-03141,2025-06-29,Northeast,Affiliate,New
CUST-03142,2025-05-29,Midwest,Organic/Direct,Returning
CUST-03143,2025-06-14,Midwest,Display,New
CUST-03144,2025-07-27,Northeast,Paid Social,New
CUST-03145,2025-10-06,Midwest,Display,New
CUST-03146,2025-07-21,South,Paid Social,Returning
CUST-03147,2025-08-23,Midwest,Email,Returning
CUST-03148,2025-11-02,Northeast,Email,Returning
CUST-03149,2025-12-28,Northeast,Paid Social,New
CUST-03150,2025-02-09,West,Paid Social,New
CUST-03151,2025-09-18,Midwest,Organic/Direct,Returning
CUST-03152,2025-03-24,Northeast,Paid Social,New
CUST-03153,2025-03-13,Northeast,Organic/Direct,New
CUST-03154,2025-10-17,West,Affiliate,New
CUST-03155,2025-01-26,South,Email,New
CUST-03156,2025-11-06,West,Paid Search,New
CUST-03157,2025-10-09,South,Paid Search,VIP
CUST-03158,2025-12-30,Midwest,Paid Search,New
CUST-03159,2025-09-01,Midwest,Affiliate,Returning
CUST-03160,2025-11-15,Northeast,Organic/Direct,New
CUST-03161,2025-02-13,South,Organic/Direct,Returning
CUST-03162,2025-11-21,South,Paid Search,Returning
CUST-03163,2025-02-28,Northeast,Paid Social,VIP
CUST-03164,2025-04-25,West,Paid Search,New
CUST-03165,2025-02-16,Midwest,Organic/Direct,Returning
CUST-03166,2025-05-27,Northeast,Paid Search,New
CUST-03167,2025-10-01,Midwest,Paid Search,Returning
CUST-03168,2025-04-08,West,Affiliate,VIP
CUST-03169,2025-10-28,West,Email,Returning
CUST-03170,2025-08-10,Midwest,Paid Search,Returning
CUST-03171,2025-08-18,West,Affiliate,Returning
CUST-03172,2025-12-09,West,Paid Search,VIP
CUST-03173,2025-06-07,West,Paid Search,New
CUST-03174,2025-05-06,West,Paid Search,New
CUST-03175,2025-12-30,Midwest,Paid Social,Returning
CUST-03176,2025-07-23,South,Organic/Direct,VIP
CUST-03177,2025-08-13,South,Email,New
CUST-03178,2025-04-19,South,Display,New
CUST-03179,2025-03-20,Northeast,Paid Social,New
CUST-03180,2025-03-03,South,Display,New
CUST-03181,2025-03-23,West,Organic/Direct,New
CUST-03182,2025-03-13,Midwest,Paid Social,New
CUST-03183,2025-09-30,West,Organic/Direct,New
CUST-03184,2025-01-22,Midwest,Affiliate,Returning
CUST-03185,2025-08-18,Northeast,Display,New
CUST-03186,2025-12-13,Northeast,Paid Social,New
CUST-03187,2025-10-07,South,Affiliate,New
CUST-03188,2025-05-28,South,Email,New
CUST-03189,2025-01-22,Midwest,Organic/Direct,New
CUST-03190,2025-11-01,South,Organic/Direct,New
CUST-03191,2025-01-02,Midwest,Paid Social,New
CUST-03192,2025-09-06,Midwest,Organic/Direct,Returning
CUST-03193,2025-09-02,West,Organic/Direct,New
CUST-03194,2025-03-12,South,Affiliate,New
CUST-03195,2025-09-28,South,Paid Search,New
CUST-03196,2025-03-06,South,Paid Search,New
CUST-03197,2025-03-24,West,Paid Search,New
CUST-03198,2025-10-24,Northeast,Paid Search,New
CUST-03199,2025-12-24,Northeast,Organic/Direct,New
CUST-03200,2025-04-07,Northeast,Paid Search,New
CUST-03201,2025-12-03,South,Affiliate,Returning
CUST-03202,2025-11-30,South,Affiliate,New
CUST-03203,2025-10-08,South,Affiliate,New
CUST-03204,2025-02-21,Midwest,Paid Search,New
CUST-03205,2025-04-20,Northeast,Affiliate,New
CUST-03206,2025-09-05,South,Affiliate,Returning
CUST-03207,2025-12-31,West,Affiliate,New
CUST-03208,2025-10-25,Midwest,Paid Search,New
CUST-03209,2025-06-03,Northeast,Display,VIP
CUST-03210,2025-03-27,Midwest,Paid Search,New
CUST-03211,2025-12-17,Midwest,Affiliate,New
CUST-03212,2025-04-11,Northeast,Paid Social,Returning
CUST-03213,2025-05-05,Midwest,Paid Social,VIP
CUST-03214,2025-12-19,South,Organic/Direct,New
CUST-03215,2025-07-25,Midwest,Paid Search,Returning
CUST-03216,2025-04-07,Midwest,Organic/Direct,New
CUST-03217,2025-01-02,Northeast,Organic/Direct,Returning
CUST-03218,2025-06-06,West,Paid Social,New
CUST-03219,2025-12-26,Midwest,Paid Social,Returning
CUST-03220,2025-06-07,Midwest,Paid Search,New
CUST-03221,2025-09-13,Northeast,Organic/Direct,New
CUST-03222,2025-04-03,South,Affiliate,New
CUST-03223,2025-10-11,West,Paid Search,Returning
CUST-03224,2025-10-11,Northeast,Email,Returning
CUST-03225,2025-08-11,Northeast,Paid Search,Returning
CUST-03226,2025-10-09,Northeast,Affiliate,VIP
CUST-03227,2025-07-31,South,Email,New
CUST-03228,2025-05-19,West,Paid Search,Returning
CUST-03229,2025-09-27,Midwest,Organic/Direct,New
CUST-03230,2025-11-01,Midwest,Paid Social,VIP
CUST-03231,2025-11-03,South,Email,Returning
CUST-03232,2025-03-19,South,Affiliate,New
CUST-03233,2025-09-04,Northeast,Organic/Direct,New
CUST-03234,2025-01-02,Northeast,Email,Returning
CUST-03235,2025-07-28,Midwest,Organic/Direct,Returning
CUST-03236,2025-07-28,South,Paid Social,Returning
CUST-03237,2025-05-13,South,Organic/Direct,New
CUST-03238,2025-12-29,South,Paid Search,New
CUST-03239,2025-11-19,West,Display,VIP
CUST-03240,2025-01-15,Midwest,Paid Search,Returning
CUST-03241,2025-03-18,Midwest,Organic/Direct,New
CUST-03242,2025-03-17,Northeast,Organic/Direct,Returning
CUST-03243,2025-11-24,West,Email,Returning
CUST-03244,2025-07-09,South,Email,Returning
CUST-03245,2025-09-24,Midwest,Affiliate,Returning
CUST-03246,2025-10-23,Northeast,Paid Social,Returning
CUST-03247,2025-10-08,South,Affiliate,Returning
CUST-03248,2025-02-02,South,Affiliate,New
CUST-03249,2025-02-21,South,Email,New
CUST-03250,2025-05-25,Northeast,Paid Search,Returning
CUST-03251,2025-05-04,West,Organic/Direct,Returning
CUST-03252,2025-09-30,South,Paid Search,New
CUST-03253,2025-02-27,South,Affiliate,Returning
CUST-03254,2025-05-16,South,Paid Search,New
CUST-03255,2025-03-28,West,Paid Search,New
CUST-03256,2025-03-10,West,Paid Search,Returning
CUST-03257,2025-03-05,South,Paid Social,VIP
CUST-03258,2025-03-13,Midwest,Affiliate,New
CUST-03259,2025-07-25,Midwest,Email,New
CUST-03260,2025-05-30,West,Affiliate,New
CUST-03261,2025-06-08,South,Affiliate,New
CUST-03262,2025-06-24,Northeast,Paid Search,New
CUST-03263,2025-09-28,Northeast,Paid Search,New
CUST-03264,2025-11-11,West,Affiliate,New
CUST-03265,2025-07-12,West,Affiliate,Returning
CUST-03266,2025-08-23,West,Email,Returning
CUST-03267,2025-09-27,Midwest,Paid Social,Returning
CUST-03268,2025-09-09,South,Organic/Direct,New
CUST-03269,2025-02-19,West,Paid Search,New
CUST-03270,2025-12-25,Midwest,Affiliate,New
CUST-03271,2025-03-02,Northeast,Paid Search,VIP
CUST-03272,2025-05-31,West,Affiliate,New
CUST-03273,2025-08-27,Northeast,Paid Social,Returning
CUST-03274,2025-05-28,South,Display,New
CUST-03275,2025-03-30,South,Paid Search,Returning
CUST-03276,2025-12-04,South,Email,New
CUST-03277,2025-01-27,Northeast,Paid Search,New
CUST-03278,2025-03-31,South,Affiliate,Returning
CUST-03279,2025-12-29,Northeast,Paid Search,New
CUST-03280,2025-09-24,West,Paid Search,Returning
CUST-03281,2025-02-01,Northeast,Display,New
CUST-03282,2025-10-03,South,Paid Search,VIP
CUST-03283,2025-12-20,South,Paid Search,Returning
CUST-03284,2025-02-05,Northeast,Organic/Direct,New
CUST-03285,2025-06-01,Northeast,Organic/Direct,Returning
CUST-03286,2025-06-20,South,Organic/Direct,Returning
CUST-03287,2025-02-17,Northeast,Paid Social,Returning
CUST-03288,2025-03-15,Northeast,Email,New
CUST-03289,2025-03-05,Midwest,Display,New
CUST-03290,2025-03-09,West,Paid Search,Returning
CUST-03291,2025-05-28,South,Display,New
CUST-03292,2025-06-19,Midwest,Paid Search,Returning
CUST-03293,2025-03-28,West,Organic/Direct,New
CUST-03294,2025-04-16,Midwest,Affiliate,Returning
CUST-03295,2025-03-12,Midwest,Email,New
CUST-03296,2025-10-18,Midwest,Email,Returning
CUST-03297,2025-03-19,Midwest,Paid Search,New
CUST-03298,2025-11-28,Midwest,Paid Social,New
CUST-03299,2025-07-16,South,Display,New
CUST-03300,2025-10-20,Northeast,Email,Returning
CUST-03301,2025-08-21,South,Email,New
CUST-03302,2025-04-08,Northeast,Paid Search,Returning
CUST-03303,2025-08-08,Midwest,Affiliate,New
CUST-03304,2025-04-11,Northeast,Paid Social,Returning
CUST-03305,2025-02-13,South,Paid Search,Returning
CUST-03306,2025-04-03,South,Organic/Direct,New
CUST-03307,2025-04-11,Midwest,Email,New
CUST-03308,2025-02-19,Northeast,Email,New
CUST-03309,2025-01-09,Northeast,Organic/Direct,Returning
CUST-03310,2025-12-11,West,Paid Social,VIP
CUST-03311,2025-07-07,Northeast,Organic/Direct,New
CUST-03312,2025-05-27,South,Affiliate,Returning
CUST-03313,2025-12-06,Midwest,Affiliate,Returning
CUST-03314,2025-03-24,Northeast,Paid Search,Returning
CUST-03315,2025-05-28,South,Paid Search,New
CUST-03316,2025-11-06,Midwest,Paid Social,VIP
CUST-03317,2025-08-19,Northeast,Paid Search,New
CUST-03318,2025-05-26,West,Paid Search,Returning
CUST-03319,2025-04-04,Northeast,Affiliate,New
CUST-03320,2025-01-13,Midwest,Display,Returning
CUST-03321,2025-02-01,Midwest,Paid Search,VIP
CUST-03322,2025-03-01,Midwest,Display,VIP
CUST-03323,2025-10-15,South,Organic/Direct,New
CUST-03324,2025-08-22,Northeast,Display,Returning
CUST-03325,2025-06-08,West,Display,New
CUST-03326,2025-10-13,South,Display,Returning
CUST-03327,2025-02-28,West,Paid Search,New
CUST-03328,2025-03-18,West,Paid Social,Returning
CUST-03329,2025-05-24,West,Organic/Direct,New
CUST-03330,2025-12-01,South,Affiliate,New
CUST-03331,2025-08-13,Midwest,Display,New
CUST-03332,2025-11-07,Midwest,Organic/Direct,New
CUST-03333,2025-04-01,South,Paid Search,New
CUST-03334,2025-11-06,Midwest,Paid Social,Returning
CUST-03335,2025-01-27,South,Affiliate,Returning
CUST-03336,2025-03-25,Northeast,Paid Search,Returning
CUST-03337,2025-07-10,West,Affiliate,Returning
CUST-03338,2025-01-19,Northeast,Organic/Direct,New
CUST-03339,2025-11-10,West,Affiliate,New
CUST-03340,2025-11-13,Northeast,Paid Social,New
CUST-03341,2025-07-17,Northeast,Display,New
CUST-03342,2025-04-22,West,Paid Search,Returning
CUST-03343,2025-02-06,West,Organic/Direct,Returning
CUST-03344,2025-08-14,South,Paid Search,Returning
CUST-03345,2025-07-16,West,Organic/Direct,Returning
CUST-03346,2025-10-05,Midwest,Email,New
CUST-03347,2025-08-08,West,Paid Social,Returning
CUST-03348,2025-02-16,Midwest,Email,New
CUST-03349,2025-02-14,South,Paid Search,Returning
CUST-03350,2025-10-13,Midwest,Email,New
CUST-03351,2025-02-28,Northeast,Organic/Direct,New
CUST-03352,2025-12-09,South,Organic/Direct,New
CUST-03353,2025-02-08,South,Paid Search,New
CUST-03354,2025-09-23,Northeast,Affiliate,New
CUST-03355,2025-12-22,West,Organic/Direct,New
CUST-03356,2025-06-11,South,Organic/Direct,Returning
CUST-03357,2025-01-21,Northeast,Paid Social,VIP
CUST-03358,2025-11-16,South,Paid Search,New
CUST-03359,2025-03-10,Northeast,Organic/Direct,New
CUST-03360,2025-07-12,Northeast,Paid Social,Returning
CUST-03361,2025-12-26,South,Paid Social,New
CUST-03362,2025-09-29,Northeast,Display,Returning
CUST-03363,2025-01-17,Northeast,Paid Social,New
CUST-03364,2025-10-27,South,Organic/Direct,New
CUST-03365,2025-02-28,Northeast,Paid Search,New
CUST-03366,2025-10-01,West,Display,New
CUST-03367,2025-08-15,South,Organic/Direct,Returning
CUST-03368,2025-04-16,Northeast,Organic/Direct,Returning
CUST-03369,2025-06-04,South,Organic/Direct,New
CUST-03370,2025-02-13,Northeast,Organic/Direct,VIP
CUST-03371,2025-12-27,South,Paid Social,New
CUST-03372,2025-03-28,Northeast,Organic/Direct,New
CUST-03373,2025-04-23,West,Organic/Direct,Returning
CUST-03374,2025-07-03,Northeast,Email,Returning
CUST-03375,2025-09-03,South,Paid Social,New
CUST-03376,2025-07-04,Northeast,Paid Search,New
CUST-03377,2025-07-04,Northeast,Affiliate,New
CUST-03378,2025-08-01,Midwest,Display,New
CUST-03379,2025-11-10,South,Paid Social,Returning
CUST-03380,2025-05-25,West,Paid Social,New
CUST-03381,2025-10-31,Northeast,Affiliate,Returning
CUST-03382,2025-10-15,Northeast,Paid Search,New
CUST-03383,2025-12-17,Midwest,Organic/Direct,New
CUST-03384,2025-11-30,Midwest,Paid Social,New
CUST-03385,2025-10-19,West,Paid Search,New
CUST-03386,2025-04-01,West,Paid Search,Returning
CUST-03387,2025-10-10,West,Organic/Direct,VIP
CUST-03388,2025-09-26,Northeast,Organic/Direct,Returning
CUST-03389,2025-04-16,Midwest,Paid Search,Returning
CUST-03390,2025-09-05,South,Paid Search,New
CUST-03391,2025-04-03,Midwest,Email,VIP
CUST-03392,2025-07-10,South,Paid Search,Returning
CUST-03393,2025-10-18,Northeast,Display,Returning
CUST-03394,2025-03-10,Midwest,Paid Search,New
CUST-03395,2025-05-03,West,Email,New
CUST-03396,2025-10-18,Northeast,Paid Social,Returning
CUST-03397,2025-06-15,West,Email,New
CUST-03398,2025-12-17,Midwest,Paid Social,New
CUST-03399,2025-01-03,Northeast,Paid Search,New
CUST-03400,2025-09-21,Northeast,Paid Search,Returning
CUST-03401,2025-10-25,Northeast,Paid Search,New
CUST-03402,2025-12-02,Midwest,Paid Search,Returning
CUST-03403,2025-02-27,Northeast,Organic/Direct,Returning
CUST-03404,2025-12-26,South,Paid Social,New
CUST-03405,2025-05-24,West,Paid Social,New
CUST-03406,2025-05-09,Midwest,Paid Search,VIP
CUST-03407,2025-05-10,Northeast,Display,New
CUST-03408,2025-08-21,Midwest,Organic/Direct,New
CUST-03409,2025-08-29,South,Display,New
CUST-03410,2025-06-22,South,Affiliate,New
CUST-03411,2025-01-26,Northeast,Organic/Direct,Returning
CUST-03412,2025-12-27,South,Paid Social,New
CUST-03413,2025-03-23,Midwest,Organic/Direct,Returning
CUST-03414,2025-02-04,Midwest,Display,New
CUST-03415,2025-08-07,Northeast,Paid Search,VIP
CUST-03416,2025-05-31,West,Email,Returning
CUST-03417,2025-08-13,Northeast,Paid Social,New
CUST-03418,2025-11-16,Northeast,Paid Search,Returning
CUST-03419,2025-02-05,Northeast,Organic/Direct,New
CUST-03420,2025-04-14,South,Paid Search,VIP
CUST-03421,2025-07-08,Midwest,Display,Returning
CUST-03422,2025-10-15,Northeast,Organic/Direct,New
CUST-03423,2025-08-08,Midwest,Email,New
CUST-03424,2025-05-20,South,Paid Social,VIP
CUST-03425,2025-08-11,Midwest,Affiliate,Returning
CUST-03426,2025-12-24,West,Organic/Direct,New
CUST-03427,2025-06-25,Midwest,Paid Social,New
CUST-03428,2025-11-19,Northeast,Paid Social,New
CUST-03429,2025-10-12,West,Affiliate,Returning
CUST-03430,2025-04-20,West,Organic/Direct,Returning
CUST-03431,2025-04-02,Midwest,Paid Social,Returning
CUST-03432,2025-10-09,West,Paid Social,Returning
CUST-03433,2025-03-17,South,Organic/Direct,Returning
CUST-03434,2025-05-03,Midwest,Paid Search,New
CUST-03435,2025-03-27,West,Paid Search,Returning
CUST-03436,2025-08-10,South,Affiliate,New
CUST-03437,2025-04-18,Midwest,Paid Search,Returning
CUST-03438,2025-08-29,South,Paid Search,New
CUST-03439,2025-12-08,Midwest,Affiliate,Returning
CUST-03440,2025-10-30,Northeast,Affiliate,Returning
CUST-03441,2025-12-13,West,Email,Returning
CUST-03442,2025-01-09,South,Paid Social,New
CUST-03443,2025-06-16,South,Affiliate,Returning
CUST-03444,2025-03-22,South,Affiliate,New
CUST-03445,2025-12-02,South,Organic/Direct,New
CUST-03446,2025-09-17,Midwest,Display,Returning
CUST-03447,2025-04-27,West,Affiliate,Returning
CUST-03448,2025-07-25,South,Organic/Direct,New
CUST-03449,2025-08-09,South,Organic/Direct,VIP
CUST-03450,2025-06-30,Midwest,Paid Search,New
CUST-03451,2025-06-23,Midwest,Organic/Direct,VIP
CUST-03452,2025-01-21,Northeast,Organic/Direct,Returning
CUST-03453,2025-06-15,Midwest,Paid Social,VIP
CUST-03454,2025-05-08,Northeast,Paid Search,Returning
CUST-03455,2025-10-26,South,Affiliate,VIP
CUST-03456,2025-11-12,West,Paid Social,Returning
CUST-03457,2025-10-01,Midwest,Display,New
CUST-03458,2025-01-12,Midwest,Email,New
CUST-03459,2025-11-04,South,Paid Search,Returning
CUST-03460,2025-05-25,Northeast,Paid Social,New
CUST-03461,2025-06-01,West,Organic/Direct,VIP
CUST-03462,2025-12-11,Midwest,Paid Search,New
CUST-03463,2025-11-13,Northeast,Display,Returning
CUST-03464,2025-01-19,Northeast,Paid Social,New
CUST-03465,2025-05-12,West,Email,Returning
CUST-03466,2025-10-01,Northeast,Email,VIP
CUST-03467,2025-07-16,South,Paid Social,New
CUST-03468,2025-04-05,Northeast,Affiliate,Returning
CUST-03469,2025-07-11,Northeast,Affiliate,New
CUST-03470,2025-11-13,West,Paid Search,Returning
CUST-03471,2025-03-23,Northeast,Paid Social,Returning
CUST-03472,2025-09-30,Northeast,Display,New
CUST-03473,2025-09-26,Midwest,Display,New
CUST-03474,2025-11-20,West,Email,New
CUST-03475,2025-04-19,Midwest,Display,New
CUST-03476,2025-03-20,Northeast,Paid Search,Returning
CUST-03477,2025-07-19,West,Paid Search,New
CUST-03478,2025-07-13,South,Affiliate,VIP
CUST-03479,2025-05-30,West,Affiliate,VIP
CUST-03480,2025-10-12,South,Organic/Direct,VIP
CUST-03481,2025-10-19,South,Paid Search,Returning
CUST-03482,2025-03-31,Midwest,Email,New
CUST-03483,2025-10-18,Midwest,Affiliate,Returning
CUST-03484,2025-03-26,South,Paid Search,Returning
CUST-03485,2025-05-29,South,Email,VIP
CUST-03486,2025-01-10,West,Affiliate,New
CUST-03487,2025-05-05,South,Paid Search,New
CUST-03488,2025-12-16,Midwest,Paid Social,VIP
CUST-03489,2025-06-11,Midwest,Paid Search,Returning
CUST-03490,2025-09-17,South,Organic/Direct,New
CUST-03491,2025-02-09,Midwest,Paid Search,Returning
CUST-03492,2025-08-20,South,Paid Search,New
CUST-03493,2025-05-16,South,Paid Search,Returning
CUST-03494,2025-09-29,Northeast,Paid Search,New
CUST-03495,2025-12-05,South,Paid Search,New
CUST-03496,2025-07-14,South,Affiliate,New
CUST-03497,2025-02-07,West,Paid Search,New
CUST-03498,2025-06-23,Midwest,Paid Social,New
CUST-03499,2025-02-14,South,Paid Search,New
CUST-03500,2025-06-14,Midwest,Paid Social,New
CUST-03501,2025-01-23,South,Paid Search,Returning
CUST-03502,2025-08-22,Northeast,Affiliate,Returning
CUST-03503,2025-04-24,West,Affiliate,Returning
CUST-03504,2025-03-15,West,Display,New
CUST-03505,2025-01-07,South,Paid Search,New
CUST-03506,2025-11-21,South,Organic/Direct,Returning
CUST-03507,2025-11-02,Northeast,Affiliate,Returning
CUST-03508,2025-10-24,South,Paid Search,VIP
CUST-03509,2025-01-22,Midwest,Email,VIP
CUST-03510,2025-05-08,South,Display,Returning
CUST-03511,2025-12-21,Northeast,Paid Social,Returning
CUST-03512,2025-07-31,South,Paid Social,New
CUST-03513,2025-02-16,Midwest,Affiliate,Returning
CUST-03514,2025-02-21,South,Paid Search,VIP
CUST-03515,2025-04-07,South,Organic/Direct,Returning
CUST-03516,2025-12-21,Northeast,Paid Search,New
CUST-03517,2025-03-03,Midwest,Paid Search,New
CUST-03518,2025-11-26,West,Paid Search,New
CUST-03519,2025-09-05,South,Paid Social,New
CUST-03520,2025-12-03,Northeast,Organic/Direct,Returning
CUST-03521,2025-10-29,Midwest,Organic/Direct,Returning
CUST-03522,2025-05-02,Midwest,Organic/Direct,New
CUST-03523,2025-10-30,South,Email,Returning
CUST-03524,2025-03-03,South,Email,New
CUST-03525,2025-04-17,Northeast,Paid Social,Returning
CUST-03526,2025-03-19,South,Paid Search,New
CUST-03527,2025-02-18,South,Organic/Direct,New
CUST-03528,2025-02-02,South,Email,Returning
CUST-03529,2025-03-10,Northeast,Email,Returning
CUST-03530,2025-02-13,Midwest,Email,Returning
CUST-03531,2025-05-19,Midwest,Display,New
CUST-03532,2025-01-27,Northeast,Paid Search,Returning
CUST-03533,2025-01-23,Midwest,Display,New
CUST-03534,2025-12-28,Northeast,Display,New
CUST-03535,2025-02-02,Northeast,Organic/Direct,Returning
CUST-03536,2025-01-28,South,Paid Search,Returning
CUST-03537,2025-01-11,Northeast,Paid Search,VIP
CUST-03538,2025-02-18,South,Email,New
CUST-03539,2025-07-12,Northeast,Organic/Direct,Returning
CUST-03540,2025-10-29,South,Organic/Direct,New
CUST-03541,2025-09-26,Midwest,Affiliate,Returning
CUST-03542,2025-07-31,South,Paid Search,Returning
CUST-03543,2025-02-01,South,Paid Search,Returning
CUST-03544,2025-10-10,Midwest,Affiliate,Returning
CUST-03545,2025-01-14,South,Paid Search,Returning
CUST-03546,2025-08-19,Northeast,Email,New
CUST-03547,2025-05-30,South,Organic/Direct,VIP
CUST-03548,2025-11-18,Northeast,Paid Social,VIP
CUST-03549,2025-04-23,Midwest,Paid Social,New
CUST-03550,2025-08-22,Northeast,Paid Search,New
CUST-03551,2025-06-10,West,Paid Social,New
CUST-03552,2025-07-10,Midwest,Affiliate,Returning
CUST-03553,2025-12-09,South,Paid Social,VIP
CUST-03554,2025-09-18,Midwest,Paid Search,Returning
CUST-03555,2025-06-01,Midwest,Paid Search,New
CUST-03556,2025-06-13,Northeast,Paid Search,New
CUST-03557,2025-09-15,West,Affiliate,New
CUST-03558,2025-05-07,South,Affiliate,New
CUST-03559,2025-03-03,Northeast,Email,New
CUST-03560,2025-06-20,South,Email,New
CUST-03561,2025-01-25,Midwest,Paid Search,New
CUST-03562,2025-03-03,Northeast,Email,New
CUST-03563,2025-06-03,South,Paid Search,Returning
CUST-03564,2025-10-18,Northeast,Organic/Direct,New
CUST-03565,2025-10-13,Northeast,Paid Search,New
CUST-03566,2025-04-06,South,Paid Social,Returning
CUST-03567,2025-06-04,Northeast,Paid Search,VIP
CUST-03568,2025-02-26,West,Display,Returning
CUST-03569,2025-10-03,South,Paid Search,Returning
CUST-03570,2025-03-31,West,Organic/Direct,Returning
CUST-03571,2025-10-19,South,Paid Search,Returning
CUST-03572,2025-11-04,West,Organic/Direct,Returning
CUST-03573,2025-09-09,Midwest,Affiliate,New
CUST-03574,2025-05-01,South,Paid Social,Returning
CUST-03575,2025-12-14,South,Paid Search,New
CUST-03576,2025-09-08,West,Paid Social,New
CUST-03577,2025-08-24,Northeast,Organic/Direct,New
CUST-03578,2025-11-09,South,Organic/Direct,New
CUST-03579,2025-11-18,South,Paid Search,New
CUST-03580,2025-01-29,Midwest,Paid Social,Returning
CUST-03581,2025-11-18,West,Paid Search,New
CUST-03582,2025-10-07,Midwest,Paid Search,New
CUST-03583,2025-03-17,Northeast,Affiliate,New
CUST-03584,2025-04-23,South,Paid Social,New
CUST-03585,2025-10-02,Midwest,Paid Search,Returning
CUST-03586,2025-03-21,Northeast,Organic/Direct,New
CUST-03587,2025-06-15,Northeast,Display,New
CUST-03588,2025-09-09,Northeast,Display,New
CUST-03589,2025-08-26,South,Paid Search,New
CUST-03590,2025-11-29,West,Organic/Direct,New
CUST-03591,2025-02-10,South,Affiliate,New
CUST-03592,2025-04-18,Northeast,Email,Returning
CUST-03593,2025-12-26,South,Paid Search,VIP
CUST-03594,2025-07-27,West,Organic/Direct,Returning
CUST-03595,2025-04-01,South,Email,New
CUST-03596,2025-04-16,Midwest,Organic/Direct,New
CUST-03597,2025-05-04,Northeast,Affiliate,Returning
CUST-03598,2025-07-22,West,Display,New
CUST-03599,2025-04-14,West,Affiliate,VIP
CUST-03600,2025-08-15,Northeast,Organic/Direct,New
CUST-03601,2025-06-12,West,Paid Search,New
CUST-03602,2025-08-11,Northeast,Paid Search,New
CUST-03603,2025-02-26,Northeast,Display,VIP
CUST-03604,2025-08-16,South,Email,VIP
CUST-03605,2025-12-04,South,Affiliate,Returning
CUST-03606,2025-02-19,Midwest,Display,New
CUST-03607,2025-04-30,West,Email,Returning
CUST-03608,2025-09-11,West,Display,New
CUST-03609,2025-08-14,Northeast,Paid Social,New
CUST-03610,2025-09-04,South,Organic/Direct,Returning
CUST-03611,2025-07-24,South,Paid Search,VIP
CUST-03612,2025-09-07,South,Affiliate,New
CUST-03613,2025-08-11,West,Organic/Direct,New
CUST-03614,2025-01-28,South,Paid Social,New
CUST-03615,2025-10-02,Northeast,Paid Social,New
CUST-03616,2025-06-13,Northeast,Paid Social,New
CUST-03617,2025-01-19,West,Affiliate,Returning
CUST-03618,2025-05-30,West,Paid Social,New
CUST-03619,2025-06-08,Northeast,Paid Search,Returning
CUST-03620,2025-02-01,Northeast,Organic/Direct,New
CUST-03621,2025-12-30,South,Paid Search,New
CUST-03622,2025-03-23,Northeast,Email,New
CUST-03623,2025-05-01,Northeast,Affiliate,New
CUST-03624,2025-06-10,West,Paid Search,New
CUST-03625,2025-10-31,West,Paid Search,Returning
CUST-03626,2025-09-29,West,Organic/Direct,VIP
CUST-03627,2025-10-09,South,Affiliate,New
CUST-03628,2025-03-28,Midwest,Paid Search,Returning
CUST-03629,2025-11-05,West,Display,VIP
CUST-03630,2025-10-30,Midwest,Email,New
CUST-03631,2025-06-19,Midwest,Paid Search,Returning
CUST-03632,2025-07-19,West,Affiliate,VIP
CUST-03633,2025-01-14,South,Email,Returning
CUST-03634,2025-10-05,West,Paid Search,Returning
CUST-03635,2025-12-17,Northeast,Organic/Direct,Returning
CUST-03636,2025-06-22,West,Paid Social,New
CUST-03637,2025-07-17,South,Paid Social,Returning
CUST-03638,2025-07-02,South,Paid Social,VIP
CUST-03639,2025-01-31,West,Display,New
CUST-03640,2025-08-15,Midwest,Display,Returning
CUST-03641,2025-09-21,South,Organic/Direct,New
CUST-03642,2025-12-05,South,Paid Search,New
CUST-03643,2025-12-06,South,Display,Returning
CUST-03644,2025-06-29,West,Affiliate,Returning
CUST-03645,2025-12-17,South,Paid Social,Returning
CUST-03646,2025-07-12,Northeast,Paid Search,Returning
CUST-03647,2025-08-23,Northeast,Organic/Direct,New
CUST-03648,2025-08-08,West,Paid Social,VIP
CUST-03649,2025-12-31,West,Affiliate,Returning
CUST-03650,2025-09-27,West,Email,Returning
CUST-03651,2025-02-13,Northeast,Paid Search,New
CUST-03652,2025-01-27,Midwest,Organic/Direct,New
CUST-03653,2025-05-30,South,Organic/Direct,VIP
CUST-03654,2025-07-08,South,Email,New
CUST-03655,2025-09-02,Northeast,Affiliate,New
CUST-03656,2025-06-25,South,Email,Returning
CUST-03657,2025-07-07,Northeast,Display,Returning
CUST-03658,2025-12-03,Midwest,Paid Search,Returning
CUST-03659,2025-05-03,Northeast,Email,Returning
CUST-03660,2025-06-30,Northeast,Paid Social,VIP
CUST-03661,2025-07-23,Northeast,Email,New
CUST-03662,2025-06-20,West,Email,Returning
CUST-03663,2025-12-20,South,Paid Search,Returning
CUST-03664,2025-12-18,West,Organic/Direct,Returning
CUST-03665,2025-07-07,Midwest,Paid Search,New
CUST-03666,2025-06-14,Midwest,Paid Search,New
CUST-03667,2025-08-03,Midwest,Paid Social,Returning
CUST-03668,2025-03-08,South,Affiliate,Returning
CUST-03669,2025-06-05,Midwest,Paid Search,New
CUST-03670,2025-03-21,South,Email,Returning
CUST-03671,2025-02-22,West,Display,Returning
CUST-03672,2025-02-04,West,Paid Search,New
CUST-03673,2025-08-03,Northeast,Organic/Direct,Returning
CUST-03674,2025-01-01,South,Paid Social,Returning
CUST-03675,2025-08-24,Northeast,Affiliate,New
CUST-03676,2025-06-07,Northeast,Paid Search,New
CUST-03677,2025-05-14,South,Display,New
CUST-03678,2025-10-08,South,Organic/Direct,Returning
CUST-03679,2025-07-16,South,Paid Search,New
CUST-03680,2025-09-25,Northeast,Paid Search,New
CUST-03681,2025-09-16,West,Paid Social,New
CUST-03682,2025-01-12,West,Paid Search,Returning
CUST-03683,2025-03-20,Midwest,Organic/Direct,Returning
CUST-03684,2025-07-28,West,Affiliate,New
CUST-03685,2025-12-23,Northeast,Affiliate,VIP
CUST-03686,2025-02-26,South,Organic/Direct,New
CUST-03687,2025-02-08,West,Organic/Direct,New
CUST-03688,2025-12-10,West,Organic/Direct,New
CUST-03689,2025-12-19,West,Paid Social,Returning
CUST-03690,2025-03-03,Midwest,Paid Social,Returning
CUST-03691,2025-05-27,West,Paid Social,New
CUST-03692,2025-08-17,South,Paid Social,Returning
CUST-03693,2025-03-13,Northeast,Paid Social,Returning
CUST-03694,2025-04-30,Northeast,Paid Search,Returning
CUST-03695,2025-05-25,South,Paid Social,VIP
CUST-03696,2025-08-23,South,Email,Returning
CUST-03697,2025-04-23,South,Paid Social,New
CUST-03698,2025-05-31,West,Paid Search,New
CUST-03699,2025-04-16,South,Paid Social,VIP
CUST-03700,2025-10-05,Midwest,Email,Returning
CUST-03701,2025-02-25,Midwest,Display,New
CUST-03702,2025-03-26,South,Display,VIP
CUST-03703,2025-04-02,South,Paid Search,Returning
CUST-03704,2025-11-27,South,Paid Search,Returning
CUST-03705,2025-12-11,Midwest,Paid Social,Returning
CUST-03706,2025-07-02,South,Paid Search,New
CUST-03707,2025-02-27,South,Paid Social,Returning
CUST-03708,2025-10-03,West,Organic/Direct,VIP
CUST-03709,2025-06-29,Northeast,Paid Search,New
CUST-03710,2025-11-07,South,Paid Social,New
CUST-03711,2025-05-12,South,Display,Returning
CUST-03712,2025-12-31,Northeast,Email,New
CUST-03713,2025-10-22,South,Paid Search,New
CUST-03714,2025-03-23,South,Paid Search,New
CUST-03715,2025-09-22,South,Organic/Direct,New
CUST-03716,2025-04-15,South,Paid Search,New
CUST-03717,2025-05-08,Midwest,Affiliate,Returning
CUST-03718,2025-04-02,Northeast,Display,Returning
CUST-03719,2025-09-07,Midwest,Paid Social,Returning
CUST-03720,2025-04-06,Midwest,Display,New
CUST-03721,2025-08-22,South,Paid Search,New
CUST-03722,2025-08-01,West,Paid Social,New
CUST-03723,2025-10-02,South,Paid Social,Returning
CUST-03724,2025-12-29,Northeast,Organic/Direct,VIP
CUST-03725,2025-01-04,Midwest,Paid Search,New
CUST-03726,2025-12-28,Northeast,Paid Search,VIP
CUST-03727,2025-02-09,South,Organic/Direct,New
CUST-03728,2025-07-12,Northeast,Paid Search,New
CUST-03729,2025-05-05,South,Organic/Direct,Returning
CUST-03730,2025-08-22,South,Affiliate,New
CUST-03731,2025-09-21,South,Affiliate,VIP
CUST-03732,2025-11-10,Midwest,Display,New
CUST-03733,2025-05-27,Midwest,Display,Returning
CUST-03734,2025-12-07,South,Paid Search,New
CUST-03735,2025-04-28,South,Organic/Direct,New
CUST-03736,2025-03-16,Northeast,Organic/Direct,New
CUST-03737,2025-05-19,West,Organic/Direct,VIP
CUST-03738,2025-07-12,South,Affiliate,Returning
CUST-03739,2025-09-01,Midwest,Email,Returning
CUST-03740,2025-10-31,Northeast,Email,New
CUST-03741,2025-03-24,Midwest,Paid Search,New
CUST-03742,2025-04-21,Midwest,Email,New
CUST-03743,2025-12-09,Midwest,Affiliate,Returning
CUST-03744,2025-06-10,South,Affiliate,New
CUST-03745,2025-03-30,Midwest,Paid Social,New
CUST-03746,2025-12-26,West,Email,Returning
CUST-03747,2025-06-13,West,Affiliate,Returning
CUST-03748,2025-12-26,Northeast,Paid Social,New
CUST-03749,2025-12-02,Northeast,Organic/Direct,New
CUST-03750,2025-11-27,South,Display,New
CUST-03751,2025-08-01,West,Paid Search,Returning
CUST-03752,2025-10-19,West,Paid Search,New
CUST-03753,2025-12-17,Northeast,Affiliate,Returning
CUST-03754,2025-04-09,Northeast,Paid Social,New
CUST-03755,2025-01-14,Northeast,Organic/Direct,VIP
CUST-03756,2025-04-28,West,Paid Search,VIP
CUST-03757,2025-08-21,South,Paid Search,New
CUST-03758,2025-07-19,South,Paid Social,New
CUST-03759,2025-01-30,South,Display,New
CUST-03760,2025-07-24,Northeast,Organic/Direct,Returning
CUST-03761,2025-03-05,South,Organic/Direct,New
CUST-03762,2025-07-04,Northeast,Email,Returning
CUST-03763,2025-07-30,South,Organic/Direct,New
CUST-03764,2025-08-21,South,Paid Search,New
CUST-03765,2025-05-31,South,Affiliate,Returning
CUST-03766,2025-05-30,Midwest,Organic/Direct,Returning
CUST-03767,2025-09-05,West,Paid Social,Returning
CUST-03768,2025-10-01,South,Organic/Direct,Returning
CUST-03769,2025-10-22,Northeast,Paid Search,Returning
CUST-03770,2025-05-02,Northeast,Paid Search,New
CUST-03771,2025-06-04,South,Email,VIP
CUST-03772,2025-05-01,Midwest,Organic/Direct,Returning
CUST-03773,2025-07-12,Northeast,Paid Social,Returning
CUST-03774,2025-02-16,Northeast,Organic/Direct,VIP
CUST-03775,2025-06-06,Northeast,Paid Search,New
CUST-03776,2025-03-10,Midwest,Display,Returning
CUST-03777,2025-07-14,South,Email,Returning
CUST-03778,2025-11-07,Northeast,Paid Search,New
CUST-03779,2025-12-26,South,Display,Returning
CUST-03780,2025-06-12,Midwest,Display,New
CUST-03781,2025-01-21,Midwest,Email,New
CUST-03782,2025-03-25,Northeast,Paid Search,New
CUST-03783,2025-02-08,South,Paid Search,Returning
CUST-03784,2025-10-05,West,Organic/Direct,Returning
CUST-03785,2025-12-26,Midwest,Affiliate,New
CUST-03786,2025-07-22,Northeast,Organic/Direct,New
CUST-03787,2025-03-06,Northeast,Affiliate,Returning
CUST-03788,2025-01-08,Northeast,Organic/Direct,New
CUST-03789,2025-12-23,West,Paid Search,New
CUST-03790,2025-04-26,Northeast,Email,New
CUST-03791,2025-02-10,West,Affiliate,Returning
CUST-03792,2025-03-06,South,Paid Search,New
CUST-03793,2025-04-04,South,Paid Search,Returning
CUST-03794,2025-08-28,West,Affiliate,Returning
CUST-03795,2025-11-22,Northeast,Organic/Direct,New
CUST-03796,2025-04-11,South,Affiliate,Returning
CUST-03797,2025-09-08,Northeast,Paid Search,New
CUST-03798,2025-01-24,West,Organic/Direct,New
CUST-03799,2025-01-04,South,Paid Search,New
CUST-03800,2025-01-21,Northeast,Paid Search,Returning
CUST-03801,2025-12-03,West,Organic/Direct,VIP
CUST-03802,2025-08-01,Northeast,Display,Returning
CUST-03803,2025-10-21,Northeast,Organic/Direct,Returning
CUST-03804,2025-01-08,South,Organic/Direct,New
CUST-03805,2025-01-09,Midwest,Affiliate,VIP
CUST-03806,2025-11-06,West,Paid Social,New
CUST-03807,2025-02-07,South,Paid Social,New
CUST-03808,2025-02-26,South,Organic/Direct,VIP
CUST-03809,2025-07-09,Midwest,Organic/Direct,New
CUST-03810,2025-08-10,Northeast,Paid Social,New
CUST-03811,2025-03-25,West,Paid Social,New
CUST-03812,2025-06-12,Northeast,Paid Social,New
CUST-03813,2025-09-04,South,Paid Social,Returning
CUST-03814,2025-06-11,Midwest,Organic/Direct,New
CUST-03815,2025-05-20,Northeast,Paid Search,VIP
CUST-03816,2025-01-27,South,Paid Social,New
CUST-03817,2025-06-14,South,Organic/Direct,Returning
CUST-03818,2025-10-21,South,Email,Returning
CUST-03819,2025-08-17,West,Email,Returning
CUST-03820,2025-11-22,Midwest,Paid Social,New
CUST-03821,2025-02-16,Midwest,Paid Search,Returning
CUST-03822,2025-01-05,Northeast,Paid Search,Returning
CUST-03823,2025-07-20,South,Paid Search,Returning
CUST-03824,2025-03-07,Midwest,Paid Search,New
CUST-03825,2025-08-05,South,Paid Search,New
CUST-03826,2025-11-26,Northeast,Paid Social,Returning
CUST-03827,2025-05-04,West,Paid Search,New
CUST-03828,2025-07-20,West,Organic/Direct,New
CUST-03829,2025-09-06,West,Paid Search,VIP
CUST-03830,2025-02-24,Northeast,Paid Social,New
CUST-03831,2025-11-24,West,Organic/Direct,New
CUST-03832,2025-03-16,Northeast,Paid Search,Returning
CUST-03833,2025-10-23,Midwest,Email,New
CUST-03834,2025-08-29,Northeast,Organic/Direct,New
CUST-03835,2025-02-21,Northeast,Email,New
CUST-03836,2025-09-22,South,Paid Search,New
CUST-03837,2025-03-13,Northeast,Display,New
CUST-03838,2025-08-07,Midwest,Affiliate,Returning
CUST-03839,2025-12-17,South,Paid Social,New
CUST-03840,2025-12-14,West,Paid Search,New
CUST-03841,2025-11-15,South,Paid Search,Returning
CUST-03842,2025-06-30,South,Organic/Direct,New
CUST-03843,2025-07-24,Northeast,Paid Social,New
CUST-03844,2025-04-20,West,Paid Search,New
CUST-03845,2025-12-03,Northeast,Email,New
CUST-03846,2025-06-24,Northeast,Organic/Direct,New
CUST-03847,2025-10-09,Northeast,Paid Search,New
CUST-03848,2025-05-12,South,Paid Search,Returning
CUST-03849,2025-09-28,Midwest,Paid Social,VIP
CUST-03850,2025-03-23,South,Affiliate,Returning
CUST-03851,2025-09-25,Midwest,Email,New
CUST-03852,2025-01-17,Midwest,Organic/Direct,Returning
CUST-03853,2025-02-08,Midwest,Paid Search,Returning
CUST-03854,2025-05-09,Northeast,Paid Social,New
CUST-03855,2025-06-25,Midwest,Paid Social,VIP
CUST-03856,2025-09-17,South,Paid Social,Returning
CUST-03857,2025-05-12,South,Email,New
CUST-03858,2025-01-07,Northeast,Display,VIP
CUST-03859,2025-04-29,South,Paid Social,New
CUST-03860,2025-06-10,Midwest,Display,New
CUST-03861,2025-07-18,Northeast,Paid Search,New
CUST-03862,2025-08-24,Northeast,Affiliate,New
CUST-03863,2025-04-01,Midwest,Paid Social,VIP
CUST-03864,2025-08-11,Midwest,Email,Returning
CUST-03865,2025-08-19,South,Paid Search,New
CUST-03866,2025-10-11,Northeast,Organic/Direct,Returning
CUST-03867,2025-07-10,South,Organic/Direct,Returning
CUST-03868,2025-10-23,Midwest,Organic/Direct,VIP
CUST-03869,2025-03-22,South,Organic/Direct,VIP
CUST-03870,2025-09-17,South,Paid Search,VIP
CUST-03871,2025-01-17,Midwest,Email,Returning
CUST-03872,2025-02-07,Northeast,Paid Social,New
CUST-03873,2025-11-12,South,Organic/Direct,VIP
CUST-03874,2025-06-23,West,Paid Search,New
CUST-03875,2025-08-15,West,Paid Search,New
CUST-03876,2025-08-09,Northeast,Affiliate,New
CUST-03877,2025-09-11,South,Paid Search,New
CUST-03878,2025-03-31,Midwest,Display,Returning
CUST-03879,2025-03-07,Northeast,Paid Social,VIP
CUST-03880,2025-01-16,South,Affiliate,New
CUST-03881,2025-11-12,Midwest,Organic/Direct,Returning
CUST-03882,2025-03-23,South,Affiliate,New
CUST-03883,2025-07-29,West,Paid Search,Returning
CUST-03884,2025-06-16,Midwest,Paid Search,New
CUST-03885,2025-03-01,South,Paid Search,New
CUST-03886,2025-06-01,Midwest,Paid Search,Returning
CUST-03887,2025-01-31,Northeast,Affiliate,New
CUST-03888,2025-03-06,Midwest,Paid Social,New
CUST-03889,2025-02-20,West,Paid Social,New
CUST-03890,2025-10-28,Midwest,Paid Search,New
CUST-03891,2025-07-27,Northeast,Organic/Direct,Returning
CUST-03892,2025-12-04,South,Paid Search,New
CUST-03893,2025-06-09,West,Paid Social,New
CUST-03894,2025-03-15,West,Email,Returning
CUST-03895,2025-08-11,South,Paid Search,Returning
CUST-03896,2025-12-06,Midwest,Organic/Direct,New
CUST-03897,2025-07-14,South,Paid Search,Returning
CUST-03898,2025-01-07,West,Affiliate,New
CUST-03899,2025-04-21,West,Affiliate,New
CUST-03900,2025-12-04,West,Organic/Direct,Returning
CUST-03901,2025-07-09,Midwest,Affiliate,New
CUST-03902,2025-12-14,Northeast,Display,New
CUST-03903,2025-07-05,South,Paid Social,Returning
CUST-03904,2025-01-05,Northeast,Email,Returning
CUST-03905,2025-11-15,Northeast,Display,VIP
CUST-03906,2025-10-06,Midwest,Affiliate,Returning
CUST-03907,2025-09-19,South,Email,New
CUST-03908,2025-12-21,West,Paid Search,Returning
CUST-03909,2025-03-13,South,Paid Social,New
CUST-03910,2025-11-27,West,Paid Social,Returning
CUST-03911,2025-03-26,South,Paid Search,New
CUST-03912,2025-12-21,South,Paid Social,New
CUST-03913,2025-03-11,Northeast,Paid Search,New
CUST-03914,2025-07-20,South,Affiliate,Returning
CUST-03915,2025-10-16,Northeast,Display,New
CUST-03916,2025-01-29,Northeast,Affiliate,Returning
CUST-03917,2025-01-25,Northeast,Affiliate,Returning
CUST-03918,2025-11-07,West,Paid Search,Returning
CUST-03919,2025-01-23,South,Paid Search,New
CUST-03920,2025-08-13,West,Affiliate,New
CUST-03921,2025-12-09,West,Organic/Direct,VIP
CUST-03922,2025-08-13,West,Display,Returning
CUST-03923,2025-06-25,Northeast,Affiliate,New
CUST-03924,2025-06-02,West,Display,VIP
CUST-03925,2025-08-21,West,Display,New
CUST-03926,2025-07-28,West,Display,New
CUST-03927,2025-07-03,Northeast,Display,New
CUST-03928,2025-02-26,Northeast,Paid Search,New
CUST-03929,2025-08-30,West,Paid Search,New
CUST-03930,2025-09-28,Northeast,Paid Social,Returning
CUST-03931,2025-09-16,Midwest,Email,New
CUST-03932,2025-01-28,Midwest,Display,Returning
CUST-03933,2025-09-14,Northeast,Paid Social,Returning
CUST-03934,2025-09-24,Northeast,Paid Social,Returning
CUST-03935,2025-03-08,West,Display,New
CUST-03936,2025-11-06,West,Paid Social,Returning
CUST-03937,2025-07-11,West,Organic/Direct,New
CUST-03938,2025-06-22,Midwest,Paid Search,Returning
CUST-03939,2025-09-21,Northeast,Paid Social,New
CUST-03940,2025-07-06,Midwest,Paid Social,Returning
CUST-03941,2025-07-18,Midwest,Paid Social,New
CUST-03942,2025-04-24,Northeast,Paid Search,Returning
CUST-03943,2025-12-05,South,Paid Search,New
CUST-03944,2025-12-20,West,Paid Social,New
CUST-03945,2025-02-17,South,Paid Social,Returning
CUST-03946,2025-09-25,Midwest,Display,New
CUST-03947,2025-01-09,Midwest,Paid Search,Returning
CUST-03948,2025-05-15,Northeast,Paid Social,Returning
CUST-03949,2025-12-21,Northeast,Paid Search,Returning
CUST-03950,2025-03-05,Midwest,Organic/Direct,Returning
CUST-03951,2025-05-18,Midwest,Display,Returning
CUST-03952,2025-03-22,South,Organic/Direct,VIP
CUST-03953,2025-09-23,West,Organic/Direct,New
CUST-03954,2025-06-19,Northeast,Paid Social,Returning
CUST-03955,2025-08-05,Northeast,Affiliate,Returning
CUST-03956,2025-12-11,Northeast,Paid Social,New
CUST-03957,2025-07-10,Northeast,Organic/Direct,New
CUST-03958,2025-09-25,South,Paid Social,New
CUST-03959,2025-02-05,West,Paid Social,Returning
CUST-03960,2025-03-20,West,Organic/Direct,New
CUST-03961,2025-12-12,South,Organic/Direct,Returning
CUST-03962,2025-11-10,Midwest,Organic/Direct,Returning
CUST-03963,2025-08-28,Northeast,Paid Search,Returning
CUST-03964,2025-05-19,Midwest,Paid Social,New
CUST-03965,2025-03-14,Midwest,Paid Social,Returning
CUST-03966,2025-11-07,West,Paid Social,Returning
CUST-03967,2025-10-14,Midwest,Email,New
CUST-03968,2025-03-30,Northeast,Paid Social,New
CUST-03969,2025-08-04,Midwest,Display,New
CUST-03970,2025-08-14,Northeast,Paid Search,VIP
CUST-03971,2025-06-24,West,Affiliate,New
CUST-03972,2025-12-05,Northeast,Organic/Direct,New
CUST-03973,2025-02-15,Northeast,Affiliate,New
CUST-03974,2025-04-05,Northeast,Paid Social,New
CUST-03975,2025-02-04,West,Paid Search,New
CUST-03976,2025-09-10,South,Paid Search,Returning
CUST-03977,2025-08-24,South,Display,New
CUST-03978,2025-12-27,Midwest,Email,Returning
CUST-03979,2025-07-17,Northeast,Paid Search,New
CUST-03980,2025-02-24,West,Organic/Direct,New
CUST-03981,2025-06-14,Northeast,Affiliate,Returning
CUST-03982,2025-02-02,Northeast,Organic/Direct,Returning
CUST-03983,2025-09-02,South,Paid Social,Returning
CUST-03984,2025-09-04,Northeast,Organic/Direct,New
CUST-03985,2025-11-10,Northeast,Paid Search,New
CUST-03986,2025-05-05,West,Paid Search,Returning
CUST-03987,2025-04-24,Midwest,Organic/Direct,New
CUST-03988,2025-01-27,Northeast,Organic/Direct,Returning
CUST-03989,2025-06-01,Midwest,Email,New
CUST-03990,2025-06-23,South,Paid Search,New
CUST-03991,2025-10-03,Northeast,Paid Social,Returning
CUST-03992,2025-10-03,Northeast,Display,Returning
CUST-03993,2025-02-21,South,Organic/Direct,Returning
CUST-03994,2025-04-15,South,Paid Social,Returning
CUST-03995,2025-07-06,West,Paid Search,New
CUST-03996,2025-05-03,Midwest,Affiliate,Returning
CUST-03997,2025-01-10,Northeast,Display,VIP
CUST-03998,2025-11-05,South,Paid Social,New
CUST-03999,2025-09-24,South,Affiliate,New
CUST-04000,2025-07-09,Northeast,Organic/Direct,VIP
CUST-04001,2025-04-26,South,Paid Social,New
CUST-04002,2025-11-04,Northeast,Affiliate,VIP
CUST-04003,2025-01-13,West,Affiliate,New
CUST-04004,2025-06-12,West,Email,Returning
CUST-04005,2025-10-20,Midwest,Organic/Direct,Returning
CUST-04006,2025-12-14,West,Affiliate,Returning
CUST-04007,2025-04-02,West,Email,Returning
CUST-04008,2025-08-26,Northeast,Paid Search,New
CUST-04009,2025-03-11,Midwest,Display,Returning
CUST-04010,2025-02-12,South,Paid Search,VIP
CUST-04011,2025-05-09,Northeast,Paid Search,VIP
CUST-04012,2025-11-20,Midwest,Email,VIP
CUST-04013,2025-09-09,Northeast,Affiliate,Returning
CUST-04014,2025-06-28,West,Organic/Direct,Returning
CUST-04015,2025-04-14,Midwest,Display,Returning
CUST-04016,2025-02-21,South,Organic/Direct,Returning
CUST-04017,2025-04-09,Midwest,Paid Social,Returning
CUST-04018,2025-02-25,Northeast,Email,New
CUST-04019,2025-03-10,West,Organic/Direct,New
CUST-04020,2025-09-08,Northeast,Paid Social,Returning
CUST-04021,2025-02-18,Northeast,Organic/Direct,New
CUST-04022,2025-01-18,Midwest,Email,New
CUST-04023,2025-07-17,South,Paid Search,New
CUST-04024,2025-04-15,Midwest,Affiliate,Returning
CUST-04025,2025-06-15,Northeast,Paid Search,VIP
CUST-04026,2025-02-21,Midwest,Paid Search,Returning
CUST-04027,2025-03-18,Northeast,Paid Search,VIP
CUST-04028,2025-06-10,Northeast,Paid Search,Returning
CUST-04029,2025-09-09,South,Paid Social,New
CUST-04030,2025-06-01,Northeast,Organic/Direct,New
CUST-04031,2025-07-17,Midwest,Paid Social,New
CUST-04032,2025-07-10,South,Organic/Direct,New
CUST-04033,2025-04-09,South,Email,Returning
CUST-04034,2025-04-13,Northeast,Paid Search,New
CUST-04035,2025-06-05,Midwest,Paid Search,VIP
CUST-04036,2025-01-12,Northeast,Organic/Direct,Returning
CUST-04037,2025-09-08,West,Affiliate,New
CUST-04038,2025-08-13,Northeast,Organic/Direct,VIP
CUST-04039,2025-04-22,Northeast,Paid Social,VIP
CUST-04040,2025-05-17,Midwest,Display,Returning
CUST-04041,2025-04-30,Northeast,Display,Returning
CUST-04042,2025-08-26,Northeast,Organic/Direct,VIP
CUST-04043,2025-10-05,Northeast,Paid Search,Returning
CUST-04044,2025-02-09,South,Organic/Direct,Returning
CUST-04045,2025-05-31,South,Paid Social,New
CUST-04046,2025-01-06,South,Organic/Direct,Returning
CUST-04047,2025-06-15,South,Email,New
CUST-04048,2025-04-01,Midwest,Affiliate,New
CUST-04049,2025-05-03,West,Paid Social,New
CUST-04050,2025-06-16,South,Organic/Direct,New
CUST-04051,2025-04-29,West,Paid Social,New
CUST-04052,2025-05-24,South,Email,New
CUST-04053,2025-10-07,Midwest,Affiliate,New
CUST-04054,2025-10-23,Midwest,Display,Returning
CUST-04055,2025-01-03,Midwest,Email,Returning
CUST-04056,2025-05-18,Northeast,Affiliate,Returning
CUST-04057,2025-11-06,Midwest,Email,New
CUST-04058,2025-07-13,Northeast,Affiliate,Returning
CUST-04059,2025-03-16,Northeast,Affiliate,New
CUST-04060,2025-08-05,West,Display,New
CUST-04061,2025-02-22,South,Organic/Direct,New
CUST-04062,2025-01-08,South,Email,VIP
CUST-04063,2025-08-19,Midwest,Paid Search,VIP
CUST-04064,2025-07-08,South,Affiliate,Returning
CUST-04065,2025-10-04,West,Paid Search,Returning
CUST-04066,2025-05-06,South,Paid Search,New
CUST-04067,2025-11-08,South,Display,Returning
CUST-04068,2025-06-03,Midwest,Paid Social,New
CUST-04069,2025-09-27,Midwest,Email,New
CUST-04070,2025-02-06,South,Organic/Direct,VIP
CUST-04071,2025-02-05,West,Paid Search,VIP
CUST-04072,2025-10-13,Midwest,Paid Search,New
CUST-04073,2025-11-01,Midwest,Paid Search,New
CUST-04074,2025-12-10,Midwest,Paid Social,New
CUST-04075,2025-04-29,Midwest,Display,New
CUST-04076,2025-01-09,West,Display,New
CUST-04077,2025-12-24,South,Affiliate,Returning
CUST-04078,2025-08-08,Midwest,Paid Social,New
CUST-04079,2025-04-01,Midwest,Email,New
CUST-04080,2025-10-06,Midwest,Paid Search,New
CUST-04081,2025-11-26,Northeast,Affiliate,Returning
CUST-04082,2025-04-14,South,Affiliate,New
CUST-04083,2025-10-08,West,Paid Search,New
CUST-04084,2025-10-15,South,Organic/Direct,Returning
CUST-04085,2025-07-03,Northeast,Display,Returning
CUST-04086,2025-08-19,South,Paid Social,New
CUST-04087,2025-04-09,South,Affiliate,Returning
CUST-04088,2025-12-06,Northeast,Affiliate,New
CUST-04089,2025-12-25,South,Paid Search,Returning
CUST-04090,2025-12-25,South,Paid Search,New
CUST-04091,2025-09-27,West,Affiliate,VIP
CUST-04092,2025-01-16,Northeast,Organic/Direct,VIP
CUST-04093,2025-05-14,Northeast,Affiliate,Returning
CUST-04094,2025-06-12,Midwest,Affiliate,VIP
CUST-04095,2025-12-17,Northeast,Affiliate,New
CUST-04096,2025-07-19,Midwest,Email,Returning
CUST-04097,2025-07-15,South,Paid Search,New
CUST-04098,2025-02-23,Northeast,Paid Social,New
CUST-04099,2025-10-17,Midwest,Organic/Direct,New
CUST-04100,2025-05-03,West,Organic/Direct,Returning
CUST-04101,2025-02-03,Midwest,Organic/Direct,Returning
CUST-04102,2025-12-27,Midwest,Paid Search,Returning
CUST-04103,2025-03-11,South,Email,Returning
CUST-04104,2025-01-06,Northeast,Affiliate,VIP
CUST-04105,2025-01-29,Northeast,Paid Search,Returning
CUST-04106,2025-06-15,South,Paid Search,Returning
CUST-04107,2025-02-07,Midwest,Display,New
CUST-04108,2025-11-04,Midwest,Affiliate,New
CUST-04109,2025-07-07,Northeast,Affiliate,Returning
CUST-04110,2025-04-29,West,Paid Social,VIP
CUST-04111,2025-01-02,Northeast,Email,New
CUST-04112,2025-06-25,South,Paid Search,New
CUST-04113,2025-02-25,Midwest,Paid Search,New
CUST-04114,2025-12-23,South,Email,New
CUST-04115,2025-04-17,Northeast,Paid Social,Returning
CUST-04116,2025-06-23,Northeast,Organic/Direct,New
CUST-04117,2025-01-07,South,Email,New
CUST-04118,2025-02-17,South,Paid Search,Returning
CUST-04119,2025-03-17,Northeast,Paid Search,New
CUST-04120,2025-01-19,Midwest,Display,New
CUST-04121,2025-09-22,Midwest,Paid Search,Returning
CUST-04122,2025-12-12,Northeast,Paid Search,New
CUST-04123,2025-12-26,South,Paid Social,VIP
CUST-04124,2025-04-08,Northeast,Paid Social,Returning
CUST-04125,2025-10-15,Midwest,Affiliate,VIP
CUST-04126,2025-07-03,Northeast,Email,New
CUST-04127,2025-01-17,Midwest,Paid Search,Returning
CUST-04128,2025-02-03,Midwest,Display,Returning
CUST-04129,2025-07-19,Midwest,Paid Social,Returning
CUST-04130,2025-06-04,Midwest,Affiliate,New
CUST-04131,2025-01-04,West,Paid Search,New
CUST-04132,2025-12-06,Midwest,Affiliate,New
CUST-04133,2025-09-24,West,Paid Social,Returning
CUST-04134,2025-07-03,Northeast,Email,Returning
CUST-04135,2025-12-27,Midwest,Paid Social,New
CUST-04136,2025-12-21,Northeast,Organic/Direct,Returning
CUST-04137,2025-12-22,Midwest,Paid Search,Returning
CUST-04138,2025-04-05,South,Organic/Direct,Returning
CUST-04139,2025-11-18,West,Organic/Direct,New
CUST-04140,2025-07-04,South,Paid Social,Returning
CUST-04141,2025-09-23,South,Paid Social,Returning
CUST-04142,2025-11-10,Northeast,Paid Social,Returning
CUST-04143,2025-03-01,Northeast,Organic/Direct,Returning
CUST-04144,2025-06-13,South,Affiliate,Returning
CUST-04145,2025-02-17,Northeast,Email,New
CUST-04146,2025-04-13,Northeast,Paid Search,VIP
CUST-04147,2025-05-31,West,Organic/Direct,New
CUST-04148,2025-11-09,West,Paid Search,Returning
CUST-04149,2025-11-11,South,Paid Search,Returning
CUST-04150,2025-05-23,Midwest,Paid Social,Returning
CUST-04151,2025-05-01,West,Email,Returning
CUST-04152,2025-07-13,Northeast,Organic/Direct,New
CUST-04153,2025-11-29,Midwest,Display,New
CUST-04154,2025-12-23,Midwest,Paid Search,Returning
CUST-04155,2025-03-24,West,Paid Social,New
CUST-04156,2025-03-10,West,Display,New
CUST-04157,2025-09-15,South,Email,VIP
CUST-04158,2025-04-21,Northeast,Paid Search,New
CUST-04159,2025-03-14,Midwest,Paid Social,New
CUST-04160,2025-01-12,Northeast,Affiliate,New
CUST-04161,2025-05-28,West,Organic/Direct,Returning
CUST-04162,2025-05-24,Northeast,Affiliate,New
CUST-04163,2025-07-25,Northeast,Paid Search,Returning
CUST-04164,2025-03-15,South,Display,New
CUST-04165,2025-09-18,Midwest,Paid Social,New
CUST-04166,2025-09-06,West,Organic/Direct,New
CUST-04167,2025-06-18,Northeast,Paid Social,New
CUST-04168,2025-03-08,West,Paid Search,Returning
CUST-04169,2025-07-05,Northeast,Email,New
CUST-04170,2025-09-04,Northeast,Paid Social,New
CUST-04171,2025-05-17,Midwest,Paid Search,New
CUST-04172,2025-04-07,Northeast,Affiliate,New
CUST-04173,2025-07-04,South,Display,New
CUST-04174,2025-05-10,Northeast,Organic/Direct,New
CUST-04175,2025-05-27,Northeast,Paid Social,VIP
CUST-04176,2025-05-08,South,Paid Search,New
CUST-04177,2025-04-21,Northeast,Email,Returning
CUST-04178,2025-09-19,South,Paid Social,Returning
CUST-04179,2025-06-17,South,Paid Search,New
CUST-04180,2025-06-20,Northeast,Organic/Direct,Returning
CUST-04181,2025-08-27,South,Organic/Direct,Returning
CUST-04182,2025-05-12,Northeast,Paid Search,Returning
CUST-04183,2025-02-06,Midwest,Display,VIP
CUST-04184,2025-11-08,Northeast,Affiliate,Returning
CUST-04185,2025-01-21,West,Paid Social,New
CUST-04186,2025-07-28,South,Affiliate,VIP
CUST-04187,2025-04-08,Midwest,Paid Search,New
CUST-04188,2025-03-20,West,Paid Search,Returning
CUST-04189,2025-01-16,Midwest,Organic/Direct,Returning
CUST-04190,2025-11-25,West,Affiliate,Returning
CUST-04191,2025-06-06,South,Paid Social,VIP
CUST-04192,2025-05-06,West,Email,New
CUST-04193,2025-09-28,West,Organic/Direct,Returning
CUST-04194,2025-01-15,West,Paid Social,New
CUST-04195,2025-07-26,Northeast,Organic/Direct,Returning
CUST-04196,2025-06-30,South,Organic/Direct,Returning
CUST-04197,2025-07-22,West,Paid Social,New
CUST-04198,2025-02-15,South,Affiliate,Returning
CUST-04199,2025-12-14,Midwest,Affiliate,New
CUST-04200,2025-03-29,West,Display,New
